month,issue_date,code,security,printed_as,bid,ask,price,basis,n_trades,quantity,confidence,source,source_image
1817-03,1817-03-28,U-0010,United States 6 per cent stock of 1790,Six pr cent. Old & Defer'd,99.0,,99.0,bid only,,,all passes agreed,Shipping and Commercial List via FRASER,issues/1817/1817-03-28/p01.jpg
1817-03,1817-03-28,U-0070,United States 6 per cent Louisiana stock,do Louisiana,99.0,,99.0,bid only,,,all passes agreed,Shipping and Commercial List via FRASER,issues/1817/1817-03-28/p01.jpg
1817-03,1817-03-28,U-0050,United States 8 per cent loan of 1798,do War Loans,99.0,,99.0,bid only,,,all passes agreed,Shipping and Commercial List via FRASER,issues/1817/1817-03-28/p01.jpg
1817-03,1817-03-28,U-0140,United States 7 per cent stock of 1815,Seven per cent.,104.5,,104.5,bid only,,,all passes agreed,Shipping and Commercial List via FRASER,issues/1817/1817-03-28/p01.jpg
1817-03,1817-03-28,U-0040,United States 3 per cent stock of 1790,Three per cent.,64.0,,64.0,bid only,,,all passes agreed,Shipping and Commercial List via FRASER,issues/1817/1817-03-28/p01.jpg
1817-03,1817-03-28,U-0010,United States 6 per cent stock of 1790,U. S. Bank Script.,,80.5,80.5,ask only,,,passes disagreed - unverified,Shipping and Commercial List via FRASER,issues/1817/1817-03-28/p01.jpg
1817-03,1817-03-28,C-0530,New York City 5s,"Six per cent, City Loan",97.0,,97.0,bid only,,,all passes agreed,Shipping and Commercial List via FRASER,issues/1817/1817-03-28/p01.jpg
1817-03,1817-03-28,C-0240,Boston 5s,Seven per cent. do.,101.0,,101.0,bid only,,,all passes agreed,Shipping and Commercial List via FRASER,issues/1817/1817-03-28/p01.jpg
1817-03,1817-03-28,F-1930,New York,BANK OF New-York,118.0,,118.0,bid only,,,all passes agreed,Shipping and Commercial List via FRASER,issues/1817/1817-03-28/p01.jpg
1817-03,1817-03-28,F-1590,Merchants,Merchants,115.0,,115.0,bid only,,,all passes agreed,Shipping and Commercial List via FRASER,issues/1817/1817-03-28/p01.jpg
1817-03,1817-03-28,F-1390,Manhattan Company,Manhattan,112.0,,112.0,bid only,,,all passes agreed,Shipping and Commercial List via FRASER,issues/1817/1817-03-28/p01.jpg
1817-03,1817-03-28,F-1500,Mechanics,Mechanics,117.5,,117.5,bid only,,,all passes agreed,Shipping and Commercial List via FRASER,issues/1817/1817-03-28/p01.jpg
1817-03,1817-03-28,F-2450,Union Bank,Union,90.0,,90.0,bid only,,,all passes agreed,Shipping and Commercial List via FRASER,issues/1817/1817-03-28/p01.jpg
1817-03,1817-03-28,F-0150,Bank of America,America,91.0,,91.0,bid only,,,all passes agreed,Shipping and Commercial List via FRASER,issues/1817/1817-03-28/p01.jpg
1817-03,1817-03-28,F-1506,"Mechanics, Brooklyn",Manufac'rg Com'y,62.5,,62.5,bid only,,,all passes agreed,Shipping and Commercial List via FRASER,issues/1817/1817-03-28/p01.jpg
1817-03,1817-03-28,I-0430,Eagle Insurance,Eagle,116.0,,116.0,bid only,,,all passes agreed,Shipping and Commercial List via FRASER,issues/1817/1817-03-28/p01.jpg
1817-03,1817-03-28,I-0700,Globe Insurance,Globe,102.0,,102.0,bid only,,,all passes agreed,Shipping and Commercial List via FRASER,issues/1817/1817-03-28/p01.jpg
1817-03,1817-03-28,I-1860,Washington,Washington,110.0,,110.0,bid only,,,all passes agreed,Shipping and Commercial List via FRASER,issues/1817/1817-03-28/p01.jpg
1817-03,1817-03-28,I-1160,Mutual Fire,Mutual,112.0,,112.0,bid only,,,all passes agreed,Shipping and Commercial List via FRASER,issues/1817/1817-03-28/p01.jpg
1817-03,1817-03-28,I-0040,American,American,105.0,,105.0,bid only,,,all passes agreed,Shipping and Commercial List via FRASER,issues/1817/1817-03-28/p01.jpg
1817-03,1817-03-28,I-1290,New York,New-York,80.0,,80.0,bid only,,,all passes agreed,Shipping and Commercial List via FRASER,issues/1817/1817-03-28/p01.jpg
1817-03,1817-03-28,I-1410,Ocean,Ocean,60.0,,60.0,bid only,,,all passes agreed,Shipping and Commercial List via FRASER,issues/1817/1817-03-28/p01.jpg
1822-01,1822-01-29,U-0090,United States 6 per cent loan of 1812,"do. War Loans, 1812",106.0,106.5,106.25,mid of bid and ask,,,all passes agreed,Shipping and Commercial List via FRASER,issues/1822/1822-01-29/p04.jpg
1822-01,1822-01-29,U-0100,United States sixteen-million loan of 1813,do. do. 1813,107.0,107.5,107.25,mid of bid and ask,,,all passes agreed,Shipping and Commercial List via FRASER,issues/1822/1822-01-29/p04.jpg
1822-01,1822-01-29,U-0120,United States 6 per cent loan of March 1815,do. do. 1815,111.0,,111.0,bid only,,,all passes agreed,Shipping and Commercial List via FRASER,issues/1822/1822-01-29/p04.jpg
1822-01,1822-01-29,U-0140,United States 7 per cent stock of 1815,Seven per cent,108.5,109.0,108.75,mid of bid and ask,,,all passes agreed,Shipping and Commercial List via FRASER,issues/1822/1822-01-29/p04.jpg
1822-01,1822-01-29,U-0040,United States 3 per cent stock of 1790,Three per cent,78.0,78.5,78.25,mid of bid and ask,,,all passes agreed,Shipping and Commercial List via FRASER,issues/1822/1822-01-29/p04.jpg
1822-01,1822-01-29,S-1510,New York 6s,N. Y. State Sixes,101.0,101.75,101.375,mid of bid and ask,,,passes disagreed - unverified,Shipping and Commercial List via FRASER,issues/1822/1822-01-29/p04.jpg
1822-01,1822-01-29,S-2190,Ohio Canal 5s,Canal Sixes,112.75,116.0,114.375,mid of bid and ask,,,all passes agreed,Shipping and Commercial List via FRASER,issues/1822/1822-01-29/p04.jpg
1822-01,1822-01-29,F-0310,Bank of the United States,"BANKS, United States",115.5,,115.5,bid only,,,passes disagreed - unverified,Shipping and Commercial List via FRASER,issues/1822/1822-01-29/p04.jpg
1822-01,1822-01-29,F-1930,New York,New-York,139.75,140.0,139.875,mid of bid and ask,,,all passes agreed,Shipping and Commercial List via FRASER,issues/1822/1822-01-29/p04.jpg
1822-01,1822-01-29,F-1390,Manhattan Company,Manhattan,121.5,123.5,122.5,mid of bid and ask,,,passes disagreed - unverified,Shipping and Commercial List via FRASER,issues/1822/1822-01-29/p04.jpg
1822-01,1822-01-29,F-1590,Merchants,Merchants,110.5,,110.5,bid only,,,passes disagreed - unverified,Shipping and Commercial List via FRASER,issues/1822/1822-01-29/p04.jpg
1822-01,1822-01-29,F-1500,Mechanics,Mechanics,119.0,119.75,119.375,mid of bid and ask,,,passes disagreed - unverified,Shipping and Commercial List via FRASER,issues/1822/1822-01-29/p04.jpg
1822-01,1822-01-29,F-2450,Union Bank,Union,102.5,103.25,102.875,mid of bid and ask,,,passes disagreed - unverified,Shipping and Commercial List via FRASER,issues/1822/1822-01-29/p04.jpg
1822-01,1822-01-29,F-0150,Bank of America,America,101.5,,101.5,bid only,,,all passes agreed,Shipping and Commercial List via FRASER,issues/1822/1822-01-29/p04.jpg
1822-01,1822-01-29,F-0600,City,City,102.0,,102.0,bid only,,,all passes agreed,Shipping and Commercial List via FRASER,issues/1822/1822-01-29/p04.jpg
1822-01,1822-01-29,F-2090,Phenix,Phenix,111.0,112.25,111.625,mid of bid and ask,,,all passes agreed,Shipping and Commercial List via FRASER,issues/1822/1822-01-29/p04.jpg
1822-01,1822-01-29,F-1000,Franklin Bank,Franklin,119.0,120.75,119.875,mid of bid and ask,,,passes disagreed - unverified,Shipping and Commercial List via FRASER,issues/1822/1822-01-29/p04.jpg
1822-01,1822-01-29,F-1990,North River,North River,112.5,115.0,113.75,mid of bid and ask,,,all passes agreed,Shipping and Commercial List via FRASER,issues/1822/1822-01-29/p04.jpg
1822-01,1822-01-29,I-1290,New York,"MARINE, New-York",117.5,118.75,118.125,mid of bid and ask,,,all passes agreed,Shipping and Commercial List via FRASER,issues/1822/1822-01-29/p04.jpg
1822-01,1822-01-29,I-0740,Hope,Hope,94.0,96.0,95.0,mid of bid and ask,,,all passes agreed,Shipping and Commercial List via FRASER,issues/1822/1822-01-29/p04.jpg
1822-01,1822-01-29,I-1410,Ocean,Ocean,100.0,101.0,100.5,mid of bid and ask,,,all passes agreed,Shipping and Commercial List via FRASER,issues/1822/1822-01-29/p04.jpg
1822-01,1822-01-29,I-0040,American,American,134.5,136.0,135.25,mid of bid and ask,,,all passes agreed,Shipping and Commercial List via FRASER,issues/1822/1822-01-29/p04.jpg
1822-01,1822-01-29,I-1210,National,National,123.5,124.0,123.75,mid of bid and ask,,,all passes agreed,Shipping and Commercial List via FRASER,issues/1822/1822-01-29/p04.jpg
1822-01,1822-01-29,I-1440,Pacific Insurance Company,Pacific,96.5,99.0,97.75,mid of bid and ask,,,all passes agreed,Shipping and Commercial List via FRASER,issues/1822/1822-01-29/p04.jpg
1822-01,1822-01-29,I-1160,Mutual Fire,"FIRE, Mutual",,125.0,125.0,ask only,,,all passes agreed,Shipping and Commercial List via FRASER,issues/1822/1822-01-29/p04.jpg
1822-01,1822-01-29,I-1860,Washington,Washington,131.5,134.5,133.0,mid of bid and ask,,,all passes agreed,Shipping and Commercial List via FRASER,issues/1822/1822-01-29/p04.jpg
1822-01,1822-01-29,I-0700,Globe Insurance,Globe,,113.0,113.0,ask only,,,all passes agreed,Shipping and Commercial List via FRASER,issues/1822/1822-01-29/p04.jpg
1822-01,1822-01-29,I-0660,Fulton,Fulton,114.0,116.5,115.25,mid of bid and ask,,,all passes agreed,Shipping and Commercial List via FRASER,issues/1822/1822-01-29/p04.jpg
1822-02,1822-02-26,U-0100,United States sixteen-million loan of 1813,do. do. 1813,107.0,108.0,107.5,mid of bid and ask,,,all passes agreed,Shipping and Commercial List via FRASER,issues/1822/1822-02-26/p04.jpg
1822-02,1822-02-26,U-0110,United States 6 per cent loan of 1814,do. do. 1814,,111.0,111.0,ask only,,,all passes agreed,Shipping and Commercial List via FRASER,issues/1822/1822-02-26/p04.jpg
1822-02,1822-02-26,U-0120,United States 6 per cent loan of March 1815,do. do. 1815,112.0,,112.0,bid only,,,all passes agreed,Shipping and Commercial List via FRASER,issues/1822/1822-02-26/p04.jpg
1822-02,1822-02-26,U-0170,United States exchanged 5 per cent stock of 1822,Five per cent. 1821,110.5,112.25,111.375,mid of bid and ask,,,all passes agreed,Shipping and Commercial List via FRASER,issues/1822/1822-02-26/p04.jpg
1822-02,1822-02-26,U-0140,United States 7 per cent stock of 1815,Seven per cent.,108.5,109.25,108.875,mid of bid and ask,,,passes disagreed - unverified,Shipping and Commercial List via FRASER,issues/1822/1822-02-26/p04.jpg
1822-02,1822-02-26,U-0040,United States 3 per cent stock of 1790,Three per cent.,79.0,80.0,79.5,mid of bid and ask,,,all passes agreed,Shipping and Commercial List via FRASER,issues/1822/1822-02-26/p04.jpg
1822-02,1822-02-26,S-1510,New York 6s,N. Y. State Sixes,102.5,,102.5,bid only,,,all passes agreed,Shipping and Commercial List via FRASER,issues/1822/1822-02-26/p04.jpg
1822-02,1822-02-26,S-2190,Ohio Canal 5s,Canal Fives,105.5,106.0,105.75,mid of bid and ask,,,all passes agreed,Shipping and Commercial List via FRASER,issues/1822/1822-02-26/p04.jpg
1822-02,1822-02-26,F-0310,Bank of the United States,"BANKS, United States'",115.0,,115.0,bid only,,,all passes agreed,Shipping and Commercial List via FRASER,issues/1822/1822-02-26/p04.jpg
1822-02,1822-02-26,F-1930,New York,New-York,139.5,141.0,140.25,mid of bid and ask,,,all passes agreed,Shipping and Commercial List via FRASER,issues/1822/1822-02-26/p04.jpg
1822-02,1822-02-26,F-1390,Manhattan Company,Manhattan,111.25,,111.25,bid only,,,passes disagreed - unverified,Shipping and Commercial List via FRASER,issues/1822/1822-02-26/p04.jpg
1822-02,1822-02-26,F-1590,Merchants,Merchants,106.5,107.0,106.75,mid of bid and ask,,,passes disagreed - unverified,Shipping and Commercial List via FRASER,issues/1822/1822-02-26/p04.jpg
1822-02,1822-02-26,F-1500,Mechanics,Mechanics,118.0,119.0,118.5,mid of bid and ask,,,passes disagreed - unverified,Shipping and Commercial List via FRASER,issues/1822/1822-02-26/p04.jpg
1822-02,1822-02-26,F-2450,Union Bank,Union,102.0,103.0,102.5,mid of bid and ask,,,passes disagreed - unverified,Shipping and Commercial List via FRASER,issues/1822/1822-02-26/p04.jpg
1822-02,1822-02-26,F-0150,Bank of America,America,104.75,105.0,104.875,mid of bid and ask,,,all passes agreed,Shipping and Commercial List via FRASER,issues/1822/1822-02-26/p04.jpg
1822-02,1822-02-26,F-0600,City,City,102.5,102.75,102.625,mid of bid and ask,,,all passes agreed,Shipping and Commercial List via FRASER,issues/1822/1822-02-26/p04.jpg
1822-02,1822-02-26,F-2090,Phenix,Phenix,112.5,,112.5,bid only,,,all passes agreed,Shipping and Commercial List via FRASER,issues/1822/1822-02-26/p04.jpg
1822-02,1822-02-26,F-1000,Franklin Bank,Franklin,117.5,,117.5,bid only,,,passes disagreed - unverified,Shipping and Commercial List via FRASER,issues/1822/1822-02-26/p04.jpg
1822-02,1822-02-26,F-1990,North River,North River,111.75,114.0,112.875,mid of bid and ask,,,all passes agreed,Shipping and Commercial List via FRASER,issues/1822/1822-02-26/p04.jpg
1822-02,1822-02-26,I-1290,New York,"MARINE, New-York",116.0,118.0,117.0,mid of bid and ask,,,all passes agreed,Shipping and Commercial List via FRASER,issues/1822/1822-02-26/p04.jpg
1822-02,1822-02-26,I-0740,Hope,Hope,92.0,96.75,94.375,mid of bid and ask,,,passes disagreed - unverified,Shipping and Commercial List via FRASER,issues/1822/1822-02-26/p04.jpg
1822-02,1822-02-26,I-1410,Ocean,Ocean,94.5,96.0,95.25,mid of bid and ask,,,all passes agreed,Shipping and Commercial List via FRASER,issues/1822/1822-02-26/p04.jpg
1822-02,1822-02-26,I-0040,American,American,131.25,135.75,133.5,mid of bid and ask,,,passes disagreed - unverified,Shipping and Commercial List via FRASER,issues/1822/1822-02-26/p04.jpg
1822-02,1822-02-26,I-1210,National,National,116.0,117.25,116.625,mid of bid and ask,,,all passes agreed,Shipping and Commercial List via FRASER,issues/1822/1822-02-26/p04.jpg
1822-02,1822-02-26,I-1440,Pacific Insurance Company,Pacific,94.5,96.0,95.25,mid of bid and ask,,,all passes agreed,Shipping and Commercial List via FRASER,issues/1822/1822-02-26/p04.jpg
1822-02,1822-02-26,I-1160,Mutual Fire,"FIRE, Mutual",123.5,125.0,124.25,mid of bid and ask,,,all passes agreed,Shipping and Commercial List via FRASER,issues/1822/1822-02-26/p04.jpg
1822-02,1822-02-26,I-1080,Mercantile,Mercantile,108.5,108.75,108.625,mid of bid and ask,,,all passes agreed,Shipping and Commercial List via FRASER,issues/1822/1822-02-26/p04.jpg
1822-03,1822-03-29,U-0110,United States 6 per cent loan of 1814,do. do. 1814,,109.75,109.75,ask only,,,all passes agreed,Shipping and Commercial List via FRASER,issues/1822/1822-03-29/p04.jpg
1822-03,1822-03-29,U-0140,United States 7 per cent stock of 1815,Seven per cent,,109.0,109.0,ask only,,,all passes agreed,Shipping and Commercial List via FRASER,issues/1822/1822-03-29/p04.jpg
1822-03,1822-03-29,U-0040,United States 3 per cent stock of 1790,Three per cent,75.0,79.0,77.0,mid of bid and ask,,,all passes agreed,Shipping and Commercial List via FRASER,issues/1822/1822-03-29/p04.jpg
1822-03,1822-03-29,S-2190,Ohio Canal 5s,Canal Sixes,111.0,113.0,112.0,mid of bid and ask,,,all passes agreed,Shipping and Commercial List via FRASER,issues/1822/1822-03-29/p04.jpg
1822-03,1822-03-29,S-2190,Ohio Canal 5s,Canal Fives,103.25,105.0,104.125,mid of bid and ask,,,all passes agreed,Shipping and Commercial List via FRASER,issues/1822/1822-03-29/p04.jpg
1822-03,1822-03-29,F-0310,Bank of the United States,"BANKS, United States'",112.625,,112.625,bid only,,,all passes agreed,Shipping and Commercial List via FRASER,issues/1822/1822-03-29/p04.jpg
1822-03,1822-03-29,F-1930,New York,New-York,,142.0,142.0,ask only,,,all passes agreed,Shipping and Commercial List via FRASER,issues/1822/1822-03-29/p04.jpg
1822-03,1822-03-29,F-1390,Manhattan Company,Manhattan,120.0,125.0,122.5,mid of bid and ask,,,all passes agreed,Shipping and Commercial List via FRASER,issues/1822/1822-03-29/p04.jpg
1822-03,1822-03-29,F-1590,Merchants,Merchants,,113.0,113.0,ask only,,,all passes agreed,Shipping and Commercial List via FRASER,issues/1822/1822-03-29/p04.jpg
1822-03,1822-03-29,F-1500,Mechanics,Mechanics,117.0,118.75,117.875,mid of bid and ask,,,all passes agreed,Shipping and Commercial List via FRASER,issues/1822/1822-03-29/p04.jpg
1822-03,1822-03-29,F-2450,Union Bank,Union,100.5,102.25,101.375,mid of bid and ask,,,passes disagreed - unverified,Shipping and Commercial List via FRASER,issues/1822/1822-03-29/p04.jpg
1822-03,1822-03-29,F-0150,Bank of America,America,103.5,104.0,103.75,mid of bid and ask,,,all passes agreed,Shipping and Commercial List via FRASER,issues/1822/1822-03-29/p04.jpg
1822-03,1822-03-29,F-0600,City,City,102.25,102.75,102.5,mid of bid and ask,,,all passes agreed,Shipping and Commercial List via FRASER,issues/1822/1822-03-29/p04.jpg
1822-03,1822-03-29,F-2090,Phenix,Phenix,114.5,115.5,115.0,mid of bid and ask,,,all passes agreed,Shipping and Commercial List via FRASER,issues/1822/1822-03-29/p04.jpg
1822-03,1822-03-29,F-1000,Franklin Bank,Franklin,120.5,124.0,122.25,mid of bid and ask,,,passes disagreed - unverified,Shipping and Commercial List via FRASER,issues/1822/1822-03-29/p04.jpg
1822-03,1822-03-29,F-1990,North River,North River,120.0,121.5,120.75,mid of bid and ask,,,all passes agreed,Shipping and Commercial List via FRASER,issues/1822/1822-03-29/p04.jpg
1822-03,1822-03-29,I-0740,Hope,Hope,96.5,100.0,98.25,mid of bid and ask,,,all passes agreed,Shipping and Commercial List via FRASER,issues/1822/1822-03-29/p04.jpg
1822-03,1822-03-29,I-1410,Ocean,Ocean,96.0,98.0,97.0,mid of bid and ask,,,all passes agreed,Shipping and Commercial List via FRASER,issues/1822/1822-03-29/p04.jpg
1822-03,1822-03-29,I-0040,American,American,136.5,140.0,138.25,mid of bid and ask,,,all passes agreed,Shipping and Commercial List via FRASER,issues/1822/1822-03-29/p04.jpg
1822-03,1822-03-29,I-1210,National,National,118.625,119.875,119.25,mid of bid and ask,,,all passes agreed,Shipping and Commercial List via FRASER,issues/1822/1822-03-29/p04.jpg
1822-03,1822-03-29,I-1440,Pacific Insurance Company,Pacific,96.0,97.0,96.5,mid of bid and ask,,,all passes agreed,Shipping and Commercial List via FRASER,issues/1822/1822-03-29/p04.jpg
1822-03,1822-03-29,I-0700,Globe Insurance,Globe,115.75,116.25,116.0,mid of bid and ask,,,all passes agreed,Shipping and Commercial List via FRASER,issues/1822/1822-03-29/p04.jpg
1822-04,1822-04-30,U-0090,United States 6 per cent loan of 1812,"do. War Loans, 1812",102.0,102.25,102.125,mid of bid and ask,,,all passes agreed,Shipping and Commercial List via FRASER,issues/1822/1822-04-30/p04.jpg
1822-04,1822-04-30,U-0100,United States sixteen-million loan of 1813,do. do. 1813,103.0,,103.0,bid only,,,all passes agreed,Shipping and Commercial List via FRASER,issues/1822/1822-04-30/p04.jpg
1822-04,1822-04-30,U-0110,United States 6 per cent loan of 1814,do. do. 1814,106.0,,106.0,bid only,,,all passes agreed,Shipping and Commercial List via FRASER,issues/1822/1822-04-30/p04.jpg
1822-04,1822-04-30,U-0120,United States 6 per cent loan of March 1815,do. do. 1815,108.75,109.0,108.875,mid of bid and ask,,,all passes agreed,Shipping and Commercial List via FRASER,issues/1822/1822-04-30/p04.jpg
1822-04,1822-04-30,U-0140,United States 7 per cent stock of 1815,Seven per cent,104.0,104.5,104.25,mid of bid and ask,,,all passes agreed,Shipping and Commercial List via FRASER,issues/1822/1822-04-30/p04.jpg
1822-04,1822-04-30,U-0040,United States 3 per cent stock of 1790,Three per cent,74.0,77.0,75.5,mid of bid and ask,,,all passes agreed,Shipping and Commercial List via FRASER,issues/1822/1822-04-30/p04.jpg
1822-04,1822-04-30,F-0310,Bank of the United States,"BANKS, United States'",105.5,,105.5,bid only,,,all passes agreed,Shipping and Commercial List via FRASER,issues/1822/1822-04-30/p04.jpg
1822-04,1822-04-30,F-1930,New York,New-York,133.0,136.0,134.5,mid of bid and ask,,,all passes agreed,Shipping and Commercial List via FRASER,issues/1822/1822-04-30/p04.jpg
1822-04,1822-04-30,F-1390,Manhattan Company,Manhattan,117.0,119.0,118.0,mid of bid and ask,,,passes disagreed - unverified,Shipping and Commercial List via FRASER,issues/1822/1822-04-30/p04.jpg
1822-04,1822-04-30,F-1590,Merchants,Merchants,104.5,108.0,106.25,mid of bid and ask,,,passes disagreed - unverified,Shipping and Commercial List via FRASER,issues/1822/1822-04-30/p04.jpg
1822-04,1822-04-30,F-1500,Mechanics,Mechanics,111.5,113.0,112.25,mid of bid and ask,,,passes disagreed - unverified,Shipping and Commercial List via FRASER,issues/1822/1822-04-30/p04.jpg
1822-04,1822-04-30,F-0150,Bank of America,America,100.0,,100.0,bid only,,,all passes agreed,Shipping and Commercial List via FRASER,issues/1822/1822-04-30/p04.jpg
1822-04,1822-04-30,F-0600,City,City,93.0,95.0,94.0,mid of bid and ask,,,all passes agreed,Shipping and Commercial List via FRASER,issues/1822/1822-04-30/p04.jpg
1822-04,1822-04-30,F-2090,Phenix,Phenix,111.25,112.5,111.875,mid of bid and ask,,,passes disagreed - unverified,Shipping and Commercial List via FRASER,issues/1822/1822-04-30/p04.jpg
1822-04,1822-04-30,F-1000,Franklin Bank,Franklin,115.0,117.5,116.25,mid of bid and ask,,,passes disagreed - unverified,Shipping and Commercial List via FRASER,issues/1822/1822-04-30/p04.jpg
1822-04,1822-04-30,F-1990,North River,North River,117.5,125.0,121.25,mid of bid and ask,,,passes disagreed - unverified,Shipping and Commercial List via FRASER,issues/1822/1822-04-30/p04.jpg
1822-04,1822-04-30,I-0740,Hope,Hope,,96.0,96.0,ask only,,,all passes agreed,Shipping and Commercial List via FRASER,issues/1822/1822-04-30/p04.jpg
1822-04,1822-04-30,I-1410,Ocean,Ocean,80.0,90.0,85.0,mid of bid and ask,,,all passes agreed,Shipping and Commercial List via FRASER,issues/1822/1822-04-30/p04.jpg
1822-04,1822-04-30,I-0040,American,American,133.0,137.0,135.0,mid of bid and ask,,,all passes agreed,Shipping and Commercial List via FRASER,issues/1822/1822-04-30/p04.jpg
1822-04,1822-04-30,I-1210,National,National,117.0,118.0,117.5,mid of bid and ask,,,all passes agreed,Shipping and Commercial List via FRASER,issues/1822/1822-04-30/p04.jpg
1822-04,1822-04-30,I-1440,Pacific Insurance Company,Pacific,87.5,90.75,89.125,mid of bid and ask,,,all passes agreed,Shipping and Commercial List via FRASER,issues/1822/1822-04-30/p04.jpg
1822-04,1822-04-30,I-1860,Washington,Washington,125.0,131.0,128.0,mid of bid and ask,,,all passes agreed,Shipping and Commercial List via FRASER,issues/1822/1822-04-30/p04.jpg
1822-04,1822-04-30,I-0430,Eagle Insurance,Eagle,122.5,133.5,128.0,mid of bid and ask,,,all passes agreed,Shipping and Commercial List via FRASER,issues/1822/1822-04-30/p04.jpg
1822-04,1822-04-30,I-0700,Globe Insurance,Globe,112.0,112.75,112.375,mid of bid and ask,,,all passes agreed,Shipping and Commercial List via FRASER,issues/1822/1822-04-30/p04.jpg
1822-04,1822-04-30,I-0660,Fulton,Fulton,112.0,114.0,113.0,mid of bid and ask,,,all passes agreed,Shipping and Commercial List via FRASER,issues/1822/1822-04-30/p04.jpg
1822-04,1822-04-30,I-1080,Mercantile,Mercantile,99.0,103.0,101.0,mid of bid and ask,,,all passes agreed,Shipping and Commercial List via FRASER,issues/1822/1822-04-30/p04.jpg
1822-04,1822-04-30,I-1070,Mechanics Life and Coal,Mechanics Life & Coal,95.5,,95.5,bid only,,,all passes agreed,Shipping and Commercial List via FRASER,issues/1822/1822-04-30/p04.jpg
1822-05,1822-05-31,U-0100,United States sixteen-million loan of 1813,do. do. 1813,102.0,,102.0,bid only,,,passes disagreed - unverified,Shipping and Commercial List via FRASER,issues/1822/1822-05-31/p04.jpg
1822-05,1822-05-31,U-0110,United States 6 per cent loan of 1814,do. do. 1814,103.25,,103.25,bid only,,,passes disagreed - unverified,Shipping and Commercial List via FRASER,issues/1822/1822-05-31/p04.jpg
1822-05,1822-05-31,U-0120,United States 6 per cent loan of March 1815,do. do. 1815,105.5,107.5,106.5,mid of bid and ask,,,all passes agreed,Shipping and Commercial List via FRASER,issues/1822/1822-05-31/p04.jpg
1822-05,1822-05-31,S-1510,New York 6s,N. Y. State Sixes,99.75,100.5,100.125,mid of bid and ask,,,all passes agreed,Shipping and Commercial List via FRASER,issues/1822/1822-05-31/p04.jpg
1822-05,1822-05-31,C-0600,New York City 6s,City Loan Sixes,103.0,106.0,104.5,mid of bid and ask,,,all passes agreed,Shipping and Commercial List via FRASER,issues/1822/1822-05-31/p04.jpg
1822-05,1822-05-31,C-0530,New York City 5s,City Loan Old Fives,100.0,,100.0,bid only,,,passes disagreed - unverified,Shipping and Commercial List via FRASER,issues/1822/1822-05-31/p04.jpg
1822-05,1822-05-31,F-0310,Bank of the United States,"BANKS, United States'",103.0,104.0,103.5,mid of bid and ask,,,passes disagreed - unverified,Shipping and Commercial List via FRASER,issues/1822/1822-05-31/p04.jpg
1822-05,1822-05-31,F-1930,New York,New-York,132.0,133.75,132.875,mid of bid and ask,,,all passes agreed,Shipping and Commercial List via FRASER,issues/1822/1822-05-31/p04.jpg
1822-05,1822-05-31,F-1390,Manhattan Company,Manhattan,120.0,,120.0,bid only,,,passes disagreed - unverified,Shipping and Commercial List via FRASER,issues/1822/1822-05-31/p04.jpg
1822-05,1822-05-31,F-1590,Merchants,Merchants,107.75,108.5,108.125,mid of bid and ask,,,passes disagreed - unverified,Shipping and Commercial List via FRASER,issues/1822/1822-05-31/p04.jpg
1822-05,1822-05-31,F-1500,Mechanics,Mechanics,114.5,115.0,114.75,mid of bid and ask,,,passes disagreed - unverified,Shipping and Commercial List via FRASER,issues/1822/1822-05-31/p04.jpg
1822-05,1822-05-31,F-0150,Bank of America,America,98.0,100.0,99.0,mid of bid and ask,,,all passes agreed,Shipping and Commercial List via FRASER,issues/1822/1822-05-31/p04.jpg
1822-05,1822-05-31,F-0600,City,City,95.5,,95.5,bid only,,,passes disagreed - unverified,Shipping and Commercial List via FRASER,issues/1822/1822-05-31/p04.jpg
1822-05,1822-05-31,I-1290,New York,"MARINE, New-York",105.0,109.75,107.375,mid of bid and ask,,,all passes agreed,Shipping and Commercial List via FRASER,issues/1822/1822-05-31/p04.jpg
1822-05,1822-05-31,I-1440,Pacific Insurance Company,Pacific,90.25,91.0,90.625,mid of bid and ask,,,all passes agreed,Shipping and Commercial List via FRASER,issues/1822/1822-05-31/p04.jpg
1822-05,1822-05-31,I-1160,Mutual Fire,"FIRE, Mutual",,125.0,125.0,ask only,,,all passes agreed,Shipping and Commercial List via FRASER,issues/1822/1822-05-31/p04.jpg
1822-05,1822-05-31,I-1080,Mercantile,Mercantile,98.5,100.0,99.25,mid of bid and ask,,,passes disagreed - unverified,Shipping and Commercial List via FRASER,issues/1822/1822-05-31/p04.jpg
1822-05,1822-05-31,I-1070,Mechanics Life and Coal,Mechanics Life & Coal.,94.5,,94.5,bid only,,,all passes agreed,Shipping and Commercial List via FRASER,issues/1822/1822-05-31/p04.jpg
1822-06,1822-06-28,U-0140,United States 7 per cent stock of 1815,Seven per cent,103.0,104.5,103.75,mid of bid and ask,,,all passes agreed,Shipping and Commercial List via FRASER,issues/1822/1822-06-28/p04.jpg
1822-06,1822-06-28,S-1510,New York 6s,N. Y. State Sixes,100.25,,100.25,bid only,,,all passes agreed,Shipping and Commercial List via FRASER,issues/1822/1822-06-28/p04.jpg
1822-06,1822-06-28,S-2190,Ohio Canal 5s,Canal Sixes,105.0,,105.0,bid only,,,all passes agreed,Shipping and Commercial List via FRASER,issues/1822/1822-06-28/p04.jpg
1822-06,1822-06-28,S-2190,Ohio Canal 5s,Canal Fives,97.0,,97.0,bid only,,,all passes agreed,Shipping and Commercial List via FRASER,issues/1822/1822-06-28/p04.jpg
1822-06,1822-06-28,F-0310,Bank of the United States,"BANKS, United States'",106.5,,106.5,bid only,,,all passes agreed,Shipping and Commercial List via FRASER,issues/1822/1822-06-28/p04.jpg
1822-06,1822-06-28,F-1930,New York,New-York,133.75,134.5,134.125,mid of bid and ask,,,passes disagreed - unverified,Shipping and Commercial List via FRASER,issues/1822/1822-06-28/p04.jpg
1822-06,1822-06-28,F-1390,Manhattan Company,Manhattan,120.0,,120.0,bid only,,,passes disagreed - unverified,Shipping and Commercial List via FRASER,issues/1822/1822-06-28/p04.jpg
1822-06,1822-06-28,F-1590,Merchants,Merchants,107.5,,107.5,bid only,,,passes disagreed - unverified,Shipping and Commercial List via FRASER,issues/1822/1822-06-28/p04.jpg
1822-06,1822-06-28,F-1500,Mechanics,Mechanics,116.5,117.0,116.75,mid of bid and ask,,,passes disagreed - unverified,Shipping and Commercial List via FRASER,issues/1822/1822-06-28/p04.jpg
1822-06,1822-06-28,F-2450,Union Bank,Union,96.0,99.0,97.5,mid of bid and ask,,,passes disagreed - unverified,Shipping and Commercial List via FRASER,issues/1822/1822-06-28/p04.jpg
1822-06,1822-06-28,F-0150,Bank of America,America,102.5,103.0,102.75,mid of bid and ask,,,all passes agreed,Shipping and Commercial List via FRASER,issues/1822/1822-06-28/p04.jpg
1822-06,1822-06-28,F-0600,City,City,96.75,97.5,97.125,mid of bid and ask,,,all passes agreed,Shipping and Commercial List via FRASER,issues/1822/1822-06-28/p04.jpg
1822-06,1822-06-28,F-1990,North River,North River,,110.0,110.0,ask only,,,passes disagreed - unverified,Shipping and Commercial List via FRASER,issues/1822/1822-06-28/p04.jpg
1822-06,1822-06-28,I-1290,New York,"MARINE, New-York",109.0,112.5,110.75,mid of bid and ask,,,passes disagreed - unverified,Shipping and Commercial List via FRASER,issues/1822/1822-06-28/p04.jpg
1822-06,1822-06-28,I-0740,Hope,Hope,,96.0,96.0,ask only,,,all passes agreed,Shipping and Commercial List via FRASER,issues/1822/1822-06-28/p04.jpg
1822-06,1822-06-28,I-1410,Ocean,Ocean,89.0,90.0,89.5,mid of bid and ask,,,all passes agreed,Shipping and Commercial List via FRASER,issues/1822/1822-06-28/p04.jpg
1822-06,1822-06-28,I-1440,Pacific Insurance Company,Pacific,91.5,93.0,92.25,mid of bid and ask,,,all passes agreed,Shipping and Commercial List via FRASER,issues/1822/1822-06-28/p04.jpg
1822-06,1822-06-28,I-1160,Mutual Fire,"FIRE, Mutual",120.0,121.0,120.5,mid of bid and ask,,,all passes agreed,Shipping and Commercial List via FRASER,issues/1822/1822-06-28/p04.jpg
1822-06,1822-06-28,I-1860,Washington,Washington,130.5,,130.5,bid only,,,all passes agreed,Shipping and Commercial List via FRASER,issues/1822/1822-06-28/p04.jpg
1822-06,1822-06-28,I-0700,Globe Insurance,Globe,112.0,112.5,112.25,mid of bid and ask,,,all passes agreed,Shipping and Commercial List via FRASER,issues/1822/1822-06-28/p04.jpg
1822-06,1822-06-28,I-1080,Mercantile,Mercantile,100.0,101.0,100.5,mid of bid and ask,,,all passes agreed,Shipping and Commercial List via FRASER,issues/1822/1822-06-28/p04.jpg
1822-06,1822-06-28,I-1070,Mechanics Life and Coal,Mechanics Life & Coal.,98.5,99.5,99.0,mid of bid and ask,,,all passes agreed,Shipping and Commercial List via FRASER,issues/1822/1822-06-28/p04.jpg
1822-06,1822-06-28,I-0290,Chatham Insurance,Chatham Insurance,100.0,103.0,101.5,mid of bid and ask,,,all passes agreed,Shipping and Commercial List via FRASER,issues/1822/1822-06-28/p04.jpg
1822-07,1822-07-30,U-0090,United States 6 per cent loan of 1812,"do. War Loans, 1812",103.0,103.25,103.125,mid of bid and ask,,,all passes agreed,Shipping and Commercial List via FRASER,issues/1822/1822-07-30/p04.jpg
1822-07,1822-07-30,U-0100,United States sixteen-million loan of 1813,do. do. 1813,103.25,,103.25,bid only,,,passes disagreed - unverified,Shipping and Commercial List via FRASER,issues/1822/1822-07-30/p04.jpg
1822-07,1822-07-30,U-0110,United States 6 per cent loan of 1814,do. do. 1814,104.5,104.75,104.625,mid of bid and ask,,,all passes agreed,Shipping and Commercial List via FRASER,issues/1822/1822-07-30/p04.jpg
1822-07,1822-07-30,S-2190,Ohio Canal 5s,Canal Fives,95.0,,95.0,bid only,,,all passes agreed,Shipping and Commercial List via FRASER,issues/1822/1822-07-30/p04.jpg
1822-07,1822-07-30,C-0600,New York City 6s,City Loan Sixes,,106.25,106.25,ask only,,,all passes agreed,Shipping and Commercial List via FRASER,issues/1822/1822-07-30/p04.jpg
1822-07,1822-07-30,F-0310,Bank of the United States,"BANKS, United States'",102.25,102.75,102.5,mid of bid and ask,,,all passes agreed,Shipping and Commercial List via FRASER,issues/1822/1822-07-30/p04.jpg
1822-07,1822-07-30,F-1930,New York,New-York,,139.0,139.0,ask only,,,all passes agreed,Shipping and Commercial List via FRASER,issues/1822/1822-07-30/p04.jpg
1822-07,1822-07-30,F-1390,Manhattan Company,Manhattan,,115.0,115.0,ask only,,,passes disagreed - unverified,Shipping and Commercial List via FRASER,issues/1822/1822-07-30/p04.jpg
1822-07,1822-07-30,F-1590,Merchants,Merchants,,105.0,105.0,ask only,,,passes disagreed - unverified,Shipping and Commercial List via FRASER,issues/1822/1822-07-30/p04.jpg
1822-07,1822-07-30,F-1500,Mechanics,Mechanics,110.0,112.5,111.25,mid of bid and ask,,,passes disagreed - unverified,Shipping and Commercial List via FRASER,issues/1822/1822-07-30/p04.jpg
1822-07,1822-07-30,F-0600,City,City,,95.5,95.5,ask only,,,all passes agreed,Shipping and Commercial List via FRASER,issues/1822/1822-07-30/p04.jpg
1822-07,1822-07-30,I-1290,New York,"MARINE, New-York",105.0,108.0,106.5,mid of bid and ask,,,all passes agreed,Shipping and Commercial List via FRASER,issues/1822/1822-07-30/p04.jpg
1822-07,1822-07-30,I-0740,Hope,Hope,80.0,90.0,85.0,mid of bid and ask,,,all passes agreed,Shipping and Commercial List via FRASER,issues/1822/1822-07-30/p04.jpg
1822-07,1822-07-30,I-1410,Ocean,Ocean,84.0,89.0,86.5,mid of bid and ask,,,all passes agreed,Shipping and Commercial List via FRASER,issues/1822/1822-07-30/p04.jpg
1822-07,1822-07-30,I-1210,National,National,,114.0,114.0,ask only,,,all passes agreed,Shipping and Commercial List via FRASER,issues/1822/1822-07-30/p04.jpg
1822-07,1822-07-30,I-1440,Pacific Insurance Company,Pacific,85.0,86.0,85.5,mid of bid and ask,,,all passes agreed,Shipping and Commercial List via FRASER,issues/1822/1822-07-30/p04.jpg
1822-07,1822-07-30,I-1160,Mutual Fire,"FIRE, Mutual",120.0,122.0,121.0,mid of bid and ask,,,all passes agreed,Shipping and Commercial List via FRASER,issues/1822/1822-07-30/p04.jpg
1822-07,1822-07-30,I-1860,Washington,Washington,,129.0,129.0,ask only,,,all passes agreed,Shipping and Commercial List via FRASER,issues/1822/1822-07-30/p04.jpg
1822-07,1822-07-30,I-0700,Globe Insurance,Globe,,112.5,112.5,ask only,,,all passes agreed,Shipping and Commercial List via FRASER,issues/1822/1822-07-30/p04.jpg
1822-07,1822-07-30,I-0660,Fulton,Fulton,114.5,116.0,115.25,mid of bid and ask,,,all passes agreed,Shipping and Commercial List via FRASER,issues/1822/1822-07-30/p04.jpg
1822-07,1822-07-30,I-1080,Mercantile,Mercantile,96.5,97.5,97.0,mid of bid and ask,,,all passes agreed,Shipping and Commercial List via FRASER,issues/1822/1822-07-30/p04.jpg
1822-07,1822-07-30,I-1070,Mechanics Life and Coal,Mechanics Life & Coal.,95.0,98.0,96.5,mid of bid and ask,,,all passes agreed,Shipping and Commercial List via FRASER,issues/1822/1822-07-30/p04.jpg
1822-07,1822-07-30,B-2100,Water Loan,Farmers' Loan,99.0,101.0,100.0,mid of bid and ask,,,all passes agreed,Shipping and Commercial List via FRASER,issues/1822/1822-07-30/p04.jpg
1822-08,1822-08-30,U-0100,United States sixteen-million loan of 1813,do. do. 1813,104.25,,104.25,bid only,,,all passes agreed,Shipping and Commercial List via FRASER,issues/1822/1822-08-30/p04.jpg
1822-08,1822-08-30,U-0120,United States 6 per cent loan of March 1815,do. do. 1815,106.5,,106.5,bid only,,,all passes agreed,Shipping and Commercial List via FRASER,issues/1822/1822-08-30/p04.jpg
1822-08,1822-08-30,U-0170,United States exchanged 5 per cent stock of 1822,Five per cent. 1821,,103.5,103.5,ask only,,,all passes agreed,Shipping and Commercial List via FRASER,issues/1822/1822-08-30/p04.jpg
1822-08,1822-08-30,S-2190,Ohio Canal 5s,Canal Fives,96.75,99.75,98.25,mid of bid and ask,,,all passes agreed,Shipping and Commercial List via FRASER,issues/1822/1822-08-30/p04.jpg
1822-08,1822-08-30,C-0530,New York City 5s,City Loan Old Fives,,100.0,100.0,ask only,,,all passes agreed,Shipping and Commercial List via FRASER,issues/1822/1822-08-30/p04.jpg
1822-08,1822-08-30,C-0530,New York City 5s,City Loan New Fives,,101.0,101.0,ask only,,,all passes agreed,Shipping and Commercial List via FRASER,issues/1822/1822-08-30/p04.jpg
1822-08,1822-08-30,F-0310,Bank of the United States,"BANKS, United States'",102.125,102.5,102.3125,mid of bid and ask,,,passes disagreed - unverified,Shipping and Commercial List via FRASER,issues/1822/1822-08-30/p04.jpg
1822-08,1822-08-30,F-1930,New York,New-York,130.5,132.5,131.5,mid of bid and ask,,,all passes agreed,Shipping and Commercial List via FRASER,issues/1822/1822-08-30/p04.jpg
1822-08,1822-08-30,F-1500,Mechanics,Mechanics,111.5,112.0,111.75,mid of bid and ask,,,passes disagreed - unverified,Shipping and Commercial List via FRASER,issues/1822/1822-08-30/p04.jpg
1822-08,1822-08-30,F-0150,Bank of America,America,97.5,98.0,97.75,mid of bid and ask,,,all passes agreed,Shipping and Commercial List via FRASER,issues/1822/1822-08-30/p04.jpg
1822-08,1822-08-30,F-0600,City,City,94.0,96.0,95.0,mid of bid and ask,,,all passes agreed,Shipping and Commercial List via FRASER,issues/1822/1822-08-30/p04.jpg
1822-08,1822-08-30,F-2090,Phenix,Phenix,113.75,114.75,114.25,mid of bid and ask,,,all passes agreed,Shipping and Commercial List via FRASER,issues/1822/1822-08-30/p04.jpg
1822-08,1822-08-30,F-1000,Franklin Bank,Franklin,,120.0,120.0,ask only,,,passes disagreed - unverified,Shipping and Commercial List via FRASER,issues/1822/1822-08-30/p04.jpg
1822-08,1822-08-30,F-1990,North River,North River,105.75,108.75,107.25,mid of bid and ask,,,passes disagreed - unverified,Shipping and Commercial List via FRASER,issues/1822/1822-08-30/p04.jpg
1822-08,1822-08-30,I-1290,New York,"MARINE, New-York",,105.5,105.5,ask only,,,all passes agreed,Shipping and Commercial List via FRASER,issues/1822/1822-08-30/p04.jpg
1822-08,1822-08-30,I-1210,National,National,110.0,112.0,111.0,mid of bid and ask,,,all passes agreed,Shipping and Commercial List via FRASER,issues/1822/1822-08-30/p04.jpg
1822-08,1822-08-30,I-1440,Pacific Insurance Company,Pacific,89.5,90.5,90.0,mid of bid and ask,,,all passes agreed,Shipping and Commercial List via FRASER,issues/1822/1822-08-30/p04.jpg
1822-08,1822-08-30,I-1160,Mutual Fire,"FIRE, Mutual",,120.0,120.0,ask only,,,all passes agreed,Shipping and Commercial List via FRASER,issues/1822/1822-08-30/p04.jpg
1822-08,1822-08-30,I-1860,Washington,Washington,,129.0,129.0,ask only,,,all passes agreed,Shipping and Commercial List via FRASER,issues/1822/1822-08-30/p04.jpg
1822-08,1822-08-30,I-0700,Globe Insurance,Globe,,112.0,112.0,ask only,,,all passes agreed,Shipping and Commercial List via FRASER,issues/1822/1822-08-30/p04.jpg
1822-08,1822-08-30,I-1070,Mechanics Life and Coal,Mechanics Life & Coal,95.0,100.0,97.5,mid of bid and ask,,,all passes agreed,Shipping and Commercial List via FRASER,issues/1822/1822-08-30/p04.jpg
1822-09,1822-09-27,F-0310,Bank of the United States,"BANKS, United States'",104.5,,104.5,bid only,,,all passes agreed,Shipping and Commercial List via FRASER,issues/1822/1822-09-27/p04.jpg
1822-09,1822-09-27,F-1390,Manhattan Company,Manhattan,117.0,120.0,118.5,mid of bid and ask,,,passes disagreed - unverified,Shipping and Commercial List via FRASER,issues/1822/1822-09-27/p04.jpg
1822-09,1822-09-27,F-1590,Merchants,Merchants,106.25,108.0,107.125,mid of bid and ask,,,passes disagreed - unverified,Shipping and Commercial List via FRASER,issues/1822/1822-09-27/p04.jpg
1822-09,1822-09-27,F-1500,Mechanics,Mechanics,114.0,115.0,114.5,mid of bid and ask,,,passes disagreed - unverified,Shipping and Commercial List via FRASER,issues/1822/1822-09-27/p04.jpg
1822-09,1822-09-27,F-2450,Union Bank,Union,95.0,98.5,96.75,mid of bid and ask,,,passes disagreed - unverified,Shipping and Commercial List via FRASER,issues/1822/1822-09-27/p04.jpg
1822-09,1822-09-27,F-0150,Bank of America,America,99.5,102.0,100.75,mid of bid and ask,,,all passes agreed,Shipping and Commercial List via FRASER,issues/1822/1822-09-27/p04.jpg
1822-09,1822-09-27,F-0600,City,City,95.75,97.25,96.5,mid of bid and ask,,,all passes agreed,Shipping and Commercial List via FRASER,issues/1822/1822-09-27/p04.jpg
1822-09,1822-09-27,F-2090,Phenix,Phenix,114.0,116.0,115.0,mid of bid and ask,,,all passes agreed,Shipping and Commercial List via FRASER,issues/1822/1822-09-27/p04.jpg
1822-09,1822-09-27,F-1990,North River,North River,102.0,,102.0,bid only,,,passes disagreed - unverified,Shipping and Commercial List via FRASER,issues/1822/1822-09-27/p04.jpg
1822-09,1822-09-27,I-1410,Ocean,Ocean,93.0,95.0,94.0,mid of bid and ask,,,all passes agreed,Shipping and Commercial List via FRASER,issues/1822/1822-09-27/p04.jpg
1822-09,1822-09-27,I-1210,National,National,113.0,114.75,113.875,mid of bid and ask,,,all passes agreed,Shipping and Commercial List via FRASER,issues/1822/1822-09-27/p04.jpg
1822-09,1822-09-27,I-1440,Pacific Insurance Company,Pacific,87.0,92.0,89.5,mid of bid and ask,,,all passes agreed,Shipping and Commercial List via FRASER,issues/1822/1822-09-27/p04.jpg
1822-09,1822-09-27,I-1160,Mutual Fire,"FIRE, Mutual",120.0,,120.0,bid only,,,all passes agreed,Shipping and Commercial List via FRASER,issues/1822/1822-09-27/p04.jpg
1822-09,1822-09-27,I-1860,Washington,Washington,125.0,123.0,124.0,mid of bid and ask,,,all passes agreed,Shipping and Commercial List via FRASER,issues/1822/1822-09-27/p04.jpg
1822-09,1822-09-27,I-1080,Mercantile,Mercantile,100.0,104.5,102.25,mid of bid and ask,,,all passes agreed,Shipping and Commercial List via FRASER,issues/1822/1822-09-27/p04.jpg
1822-10,1822-10-29,U-0090,United States 6 per cent loan of 1812,"do. War Loans, 1812",102.5,103.0,102.75,mid of bid and ask,,,all passes agreed,Shipping and Commercial List via FRASER,issues/1822/1822-10-29/p04.jpg
1822-10,1822-10-29,U-0100,United States sixteen-million loan of 1813,do. do. 1813,104.0,104.25,104.125,mid of bid and ask,,,passes disagreed - unverified,Shipping and Commercial List via FRASER,issues/1822/1822-10-29/p04.jpg
1822-10,1822-10-29,U-0110,United States 6 per cent loan of 1814,do. do. 1814,105.0,107.0,106.0,mid of bid and ask,,,all passes agreed,Shipping and Commercial List via FRASER,issues/1822/1822-10-29/p04.jpg
1822-10,1822-10-29,U-0120,United States 6 per cent loan of March 1815,do. do. 1815,108.0,,108.0,bid only,,,all passes agreed,Shipping and Commercial List via FRASER,issues/1822/1822-10-29/p04.jpg
1822-10,1822-10-29,U-0040,United States 3 per cent stock of 1790,Three per cent,77.0,80.0,78.5,mid of bid and ask,,,all passes agreed,Shipping and Commercial List via FRASER,issues/1822/1822-10-29/p04.jpg
1822-10,1822-10-29,F-0310,Bank of the United States,"BANKS, United States'",104.5,105.0,104.75,mid of bid and ask,,,all passes agreed,Shipping and Commercial List via FRASER,issues/1822/1822-10-29/p04.jpg
1822-10,1822-10-29,F-1930,New York,New-York,135.5,140.0,137.75,mid of bid and ask,,,all passes agreed,Shipping and Commercial List via FRASER,issues/1822/1822-10-29/p04.jpg
1822-10,1822-10-29,F-1390,Manhattan Company,Manhattan,120.0,,120.0,bid only,,,passes disagreed - unverified,Shipping and Commercial List via FRASER,issues/1822/1822-10-29/p04.jpg
1822-10,1822-10-29,F-1500,Mechanics,Mechanics,114.0,,114.0,bid only,,,passes disagreed - unverified,Shipping and Commercial List via FRASER,issues/1822/1822-10-29/p04.jpg
1822-10,1822-10-29,F-0150,Bank of America,America,99.5,,99.5,bid only,,,all passes agreed,Shipping and Commercial List via FRASER,issues/1822/1822-10-29/p04.jpg
1822-10,1822-10-29,F-0600,City,City,90.0,95.0,92.5,mid of bid and ask,,,all passes agreed,Shipping and Commercial List via FRASER,issues/1822/1822-10-29/p04.jpg
1822-10,1822-10-29,F-2090,Phenix,Phenix,112.5,115.5,114.0,mid of bid and ask,,,all passes agreed,Shipping and Commercial List via FRASER,issues/1822/1822-10-29/p04.jpg
1822-10,1822-10-29,F-1990,North River,North River,103.5,106.0,104.75,mid of bid and ask,,,all passes agreed,Shipping and Commercial List via FRASER,issues/1822/1822-10-29/p04.jpg
1822-10,1822-10-29,I-0740,Hope,Hope,99.0,,99.0,bid only,,,all passes agreed,Shipping and Commercial List via FRASER,issues/1822/1822-10-29/p04.jpg
1822-10,1822-10-29,I-1410,Ocean,Ocean,90.0,95.75,92.875,mid of bid and ask,,,all passes agreed,Shipping and Commercial List via FRASER,issues/1822/1822-10-29/p04.jpg
1822-10,1822-10-29,I-0040,American,American,135.0,,135.0,bid only,,,all passes agreed,Shipping and Commercial List via FRASER,issues/1822/1822-10-29/p04.jpg
1822-10,1822-10-29,I-1210,National,National,116.0,,116.0,bid only,,,all passes agreed,Shipping and Commercial List via FRASER,issues/1822/1822-10-29/p04.jpg
1822-10,1822-10-29,I-1440,Pacific Insurance Company,Pacific,80.0,90.0,85.0,mid of bid and ask,,,all passes agreed,Shipping and Commercial List via FRASER,issues/1822/1822-10-29/p04.jpg
1822-10,1822-10-29,I-0700,Globe Insurance,Globe,113.25,114.0,113.625,mid of bid and ask,,,all passes agreed,Shipping and Commercial List via FRASER,issues/1822/1822-10-29/p04.jpg
1822-10,1822-10-29,I-1080,Mercantile,Mercantile,100.0,103.0,101.5,mid of bid and ask,,,all passes agreed,Shipping and Commercial List via FRASER,issues/1822/1822-10-29/p04.jpg
1822-11,1822-11-29,U-0090,United States 6 per cent loan of 1812,"do. War Loans, 1812",103.5,104.0,103.75,mid of bid and ask,,,all passes agreed,Shipping and Commercial List via FRASER,issues/1822/1822-11-29/p04.jpg
1822-11,1822-11-29,U-0110,United States 6 per cent loan of 1814,do. do. 1814,106.5,,106.5,bid only,,,all passes agreed,Shipping and Commercial List via FRASER,issues/1822/1822-11-29/p04.jpg
1822-11,1822-11-29,U-0120,United States 6 per cent loan of March 1815,do. do. 1815,109.25,109.75,109.5,mid of bid and ask,,,all passes agreed,Shipping and Commercial List via FRASER,issues/1822/1822-11-29/p04.jpg
1822-11,1822-11-29,U-0160,United States 5 per cent loan of 1820,Five per cent. 1820,,106.0,106.0,ask only,,,all passes agreed,Shipping and Commercial List via FRASER,issues/1822/1822-11-29/p04.jpg
1822-11,1822-11-29,U-0170,United States exchanged 5 per cent stock of 1822,1821,,107.5,107.5,ask only,,,passes disagreed - unverified,Shipping and Commercial List via FRASER,issues/1822/1822-11-29/p04.jpg
1822-11,1822-11-29,U-0140,United States 7 per cent stock of 1815,Seven per cent,,105.75,105.75,ask only,,,all passes agreed,Shipping and Commercial List via FRASER,issues/1822/1822-11-29/p04.jpg
1822-11,1822-11-29,U-0040,United States 3 per cent stock of 1790,Three per cent,77.0,77.5,77.25,mid of bid and ask,,,all passes agreed,Shipping and Commercial List via FRASER,issues/1822/1822-11-29/p04.jpg
1822-11,1822-11-29,S-1510,New York 6s,N. Y. State Sixes,100.75,,100.75,bid only,,,all passes agreed,Shipping and Commercial List via FRASER,issues/1822/1822-11-29/p04.jpg
1822-11,1822-11-29,S-1857,"New York Canal 6s, old scrip","Canal Sixes, Old",,110.0,110.0,ask only,,,all passes agreed,Shipping and Commercial List via FRASER,issues/1822/1822-11-29/p04.jpg
1822-11,1822-11-29,C-0020,"Albany 6s, WR","Canal Sixes, New",110.0,,110.0,bid only,,,all passes agreed,Shipping and Commercial List via FRASER,issues/1822/1822-11-29/p04.jpg
1822-11,1822-11-29,F-0310,Bank of the United States,"BANKS, United States",104.5,,104.5,bid only,,,all passes agreed,Shipping and Commercial List via FRASER,issues/1822/1822-11-29/p04.jpg
1822-11,1822-11-29,F-1390,Manhattan Company,Manhattan,119.0,,119.0,bid only,,,passes disagreed - unverified,Shipping and Commercial List via FRASER,issues/1822/1822-11-29/p04.jpg
1822-11,1822-11-29,F-1590,Merchants,Merchants,107.5,108.0,107.75,mid of bid and ask,,,passes disagreed - unverified,Shipping and Commercial List via FRASER,issues/1822/1822-11-29/p04.jpg
1822-11,1822-11-29,F-1500,Mechanics,Mechanics,114.5,114.75,114.625,mid of bid and ask,,,passes disagreed - unverified,Shipping and Commercial List via FRASER,issues/1822/1822-11-29/p04.jpg
1822-11,1822-11-29,F-2450,Union Bank,Union,96.0,100.0,98.0,mid of bid and ask,,,passes disagreed - unverified,Shipping and Commercial List via FRASER,issues/1822/1822-11-29/p04.jpg
1822-11,1822-11-29,F-0150,Bank of America,America,97.5,98.25,97.875,mid of bid and ask,,,passes disagreed - unverified,Shipping and Commercial List via FRASER,issues/1822/1822-11-29/p04.jpg
1822-11,1822-11-29,F-0600,City,City,93.0,93.75,93.375,mid of bid and ask,,,all passes agreed,Shipping and Commercial List via FRASER,issues/1822/1822-11-29/p04.jpg
1822-11,1822-11-29,F-2090,Phenix,Phenix,114.75,115.0,114.875,mid of bid and ask,,,all passes agreed,Shipping and Commercial List via FRASER,issues/1822/1822-11-29/p04.jpg
1822-11,1822-11-29,F-1990,North River,North River,105.75,106.25,106.0,mid of bid and ask,,,passes disagreed - unverified,Shipping and Commercial List via FRASER,issues/1822/1822-11-29/p04.jpg
1822-11,1822-11-29,I-1290,New York,"MARINE, New-York",107.0,109.5,108.25,mid of bid and ask,,,all passes agreed,Shipping and Commercial List via FRASER,issues/1822/1822-11-29/p04.jpg
1822-11,1822-11-29,I-0740,Hope,Hope,84.0,94.0,89.0,mid of bid and ask,,,all passes agreed,Shipping and Commercial List via FRASER,issues/1822/1822-11-29/p04.jpg
1822-11,1822-11-29,I-1410,Ocean,Ocean,99.0,101.75,100.375,mid of bid and ask,,,all passes agreed,Shipping and Commercial List via FRASER,issues/1822/1822-11-29/p04.jpg
1822-11,1822-11-29,I-0040,American,American,127.5,136.0,131.75,mid of bid and ask,,,all passes agreed,Shipping and Commercial List via FRASER,issues/1822/1822-11-29/p04.jpg
1822-11,1822-11-29,I-1440,Pacific Insurance Company,Pacific,,83.0,83.0,ask only,,,all passes agreed,Shipping and Commercial List via FRASER,issues/1822/1822-11-29/p04.jpg
1822-11,1822-11-29,I-1860,Washington,Washington,126.0,127.0,126.5,mid of bid and ask,,,all passes agreed,Shipping and Commercial List via FRASER,issues/1822/1822-11-29/p04.jpg
1822-11,1822-11-29,I-1080,Mercantile,Mercantile,95.75,96.0,95.875,mid of bid and ask,,,all passes agreed,Shipping and Commercial List via FRASER,issues/1822/1822-11-29/p04.jpg
1822-11,1822-11-29,M-1850,Merchants Exchange,Mechanics Life & Coal,95.0,,95.0,bid only,,,all passes agreed,Shipping and Commercial List via FRASER,issues/1822/1822-11-29/p04.jpg
1822-11,1822-11-29,B-2100,Water Loan,Farmers' Loan,98.0,100.0,99.0,mid of bid and ask,,,all passes agreed,Shipping and Commercial List via FRASER,issues/1822/1822-11-29/p04.jpg
1822-11,1822-11-29,U-0170,United States exchanged 5 per cent stock of 1822,do. 1821,,107.5,107.5,ask only,,,passes disagreed - unverified,Shipping and Commercial List via FRASER,issues/1822/1822-11-29/p04.jpg
1848-03,1848-03-29,B-0520,Eastern 6s 1874,"U. States Sixes, 1867",,,102.375,transaction,1,15000,all passes agreed,Shipping and Commercial List via FRASER,issues/1848/1848-03-29/p02.jpg
1848-03,1848-03-29,B-0466,Cuba 6's 1860,"U. States Sixes, 1862",,,102.5,transaction,1,5500,all passes agreed,Shipping and Commercial List via FRASER,issues/1848/1848-03-29/p02.jpg
1848-03,1848-03-29,B-2110,U.S. Water Company 5s,U. S. Treasury Notes,,,101.375,transaction,3,60000,passes disagreed - unverified,Shipping and Commercial List via FRASER,issues/1848/1848-03-29/p02.jpg
1848-03,1848-03-29,B-0466,Cuba 6's 1860,"New-York Sixes, 1862",,,104.0,transaction,1,1000,all passes agreed,Shipping and Commercial List via FRASER,issues/1848/1848-03-29/p02.jpg
1848-03,1848-03-29,B-0566,Galena and Chicago 7s,Ohio Sevens,,,103.0,transaction,2,7070,all passes agreed,Shipping and Commercial List via FRASER,issues/1848/1848-03-29/p02.jpg
1848-03,1848-03-29,B-1130,Northern 6s 1874,"Ohio Sixes, 1870",,,96.0,transaction,1,2000,all passes agreed,Shipping and Commercial List via FRASER,issues/1848/1848-03-29/p02.jpg
1848-03,1848-03-29,B-1120,Northern 6s 1864,"Ohio Sixes, 1860",,,96.5,transaction,2,3000,all passes agreed,Shipping and Commercial List via FRASER,issues/1848/1848-03-29/p02.jpg
1848-03,1848-03-29,T-1870,Pennsylvania R.R.,Pennsylvania Fives,,,73.0,transaction,3,25000,all passes agreed,Shipping and Commercial List via FRASER,issues/1848/1848-03-29/p02.jpg
1848-03,1848-03-29,M-1420,Indiana Land Company,Indiana State Fives,,,54.5,transaction,1,5500,all passes agreed,Shipping and Commercial List via FRASER,issues/1848/1848-03-29/p02.jpg
1848-03,1848-03-29,B-0627,"Illinois Central 7, 1875","Illinois Int. Imp. Stock, 1847",,,35.0,transaction,1,1000,all passes agreed,Shipping and Commercial List via FRASER,issues/1848/1848-03-29/p02.jpg
1848-03,1848-03-29,B-1550,Reading R.R. bonds,Reading R. R. Bonds,,,57.6667,transaction,3,37000,all passes agreed,Shipping and Commercial List via FRASER,issues/1848/1848-03-29/p02.jpg
1848-03,1848-03-29,T-1420,Morris Canal,Morris Canal Co.,,,10.5,transaction,3,300,all passes agreed,Shipping and Commercial List via FRASER,issues/1848/1848-03-29/p02.jpg
1848-03,1848-03-29,B-1071,New York Life & Trusts,Farmers' Trust Co.,,,28.7917,transaction,3,1350,passes disagreed - unverified,Shipping and Commercial List via FRASER,issues/1848/1848-03-29/p02.jpg
1848-03,1848-03-29,B-1071,New York Life & Trusts,N. A. Trust & Bkg. Co.,,,9.1667,transaction,3,350,all passes agreed,Shipping and Commercial List via FRASER,issues/1848/1848-03-29/p02.jpg
1848-03,1848-03-29,T-0840,Erie R.R.,Erie R. R. Scrip,,,69.9167,transaction,3,175,all passes agreed,Shipping and Commercial List via FRASER,issues/1848/1848-03-29/p02.jpg
1848-03,1848-03-29,T-1010,Harlem R.R. Scrip,Harlem R. R.,,,50.6667,transaction,3,3900,all passes agreed,Shipping and Commercial List via FRASER,issues/1848/1848-03-29/p02.jpg
1848-03,1848-03-29,B-0856,Long Island R.R.,Long Island R. R.,,,29.375,transaction,3,2750,passes disagreed - unverified,Shipping and Commercial List via FRASER,issues/1848/1848-03-29/p02.jpg
1848-03,1848-03-29,T-0060,Auburn and Rochester R.R.,Auburn & Rochester R. R.,,,94.5,transaction,1,49,all passes agreed,Shipping and Commercial List via FRASER,issues/1848/1848-03-29/p02.jpg
1848-03,1848-03-29,T-1740,Norwich and Wor. R.R. scrip,Nor. & Wor. R. R.,,,35.25,transaction,2,475,passes disagreed - unverified,Shipping and Commercial List via FRASER,issues/1848/1848-03-29/p02.jpg
1848-03,1848-03-29,B-1404,Reading R.R. Mort,Reading R. R.,,,36.9167,transaction,3,800,passes disagreed - unverified,Shipping and Commercial List via FRASER,issues/1848/1848-03-29/p02.jpg
1848-03,1848-03-29,M-0660,Canton Company,Canton Co.,,,32.2917,transaction,3,975,all passes agreed,Shipping and Commercial List via FRASER,issues/1848/1848-03-29/p02.jpg
1848-03,1848-03-29,T-0840,Erie R.R.,New-Jersey R. R.,,,105.0,transaction,1,26,all passes agreed,Shipping and Commercial List via FRASER,issues/1848/1848-03-29/p02.jpg
1848-03,1848-03-29,B-1390,Philadelphia Gas 6s r. 1862,"United States Sixes, 1862",,,102.5,transaction,1,1000,all passes agreed,Shipping and Commercial List via FRASER,issues/1848/1848-03-29/p02.jpg
1848-03,1848-03-29,B-2040,Vermont Central 6s 1856,"United States Sixes, 1856",,,102.0,transaction,1,1500,all passes agreed,Shipping and Commercial List via FRASER,issues/1848/1848-03-29/p02.jpg
1848-03,1848-03-29,B-1550,Reading R.R. bonds,Reading R. R. Mort. Bonds,,,56.5,transaction,1,3000,all passes agreed,Shipping and Commercial List via FRASER,issues/1848/1848-03-29/p02.jpg
1848-03,1848-03-29,F-1500,Mechanics,Mechanics' Bank,,,105.0,transaction,1,30,all passes agreed,Shipping and Commercial List via FRASER,issues/1848/1848-03-29/p02.jpg
1848-03,1848-03-29,T-0010,Albany and Schenectady,Utica & Schenectady R. R.,,,117.0,transaction,1,20,all passes agreed,Shipping and Commercial List via FRASER,issues/1848/1848-03-29/p02.jpg
1848-04,1848-04-29,B-2040,Vermont Central 6s 1856,"United States Sixes, 1856",,,102.5,transaction,2,5500,passes disagreed - unverified,Shipping and Commercial List via FRASER,issues/1848/1848-04-29/p02.jpg
1848-04,1848-04-29,B-2110,U.S. Water Company 5s,U. S. Treasury Notes,,,102.25,transaction,4,180200,all passes agreed,Shipping and Commercial List via FRASER,issues/1848/1848-04-29/p02.jpg
1848-04,1848-04-29,B-1060,New York Central 6s,Kentucky Sixes,,,98.125,transaction,2,4000,all passes agreed,Shipping and Commercial List via FRASER,issues/1848/1848-04-29/p02.jpg
1848-04,1848-04-29,B-1120,Northern 6s 1864,"Ohio Sixes, 1860",,,98.25,transaction,4,18400,passes disagreed - unverified,Shipping and Commercial List via FRASER,issues/1848/1848-04-29/p02.jpg
1848-04,1848-04-29,B-1430,Reading 6s r. 1850,"Ohio Sixes, 1850",,,98.0,transaction,1,8500,all passes agreed,Shipping and Commercial List via FRASER,issues/1848/1848-04-29/p02.jpg
1848-04,1848-04-29,T-1870,Pennsylvania R.R.,Pennsylvania Fives,,,73.5833,transaction,3,31000,passes disagreed - unverified,Shipping and Commercial List via FRASER,issues/1848/1848-04-29/p02.jpg
1848-04,1848-04-29,B-1550,Reading R.R. bonds,Reading R. R. Bonds,,,56.75,transaction,2,8000,all passes agreed,Shipping and Commercial List via FRASER,issues/1848/1848-04-29/p02.jpg
1848-04,1848-04-29,F-1500,Mechanics,Mechanics' Bank,,,100.0,transaction,1,50,all passes agreed,Shipping and Commercial List via FRASER,issues/1848/1848-04-29/p02.jpg
1848-04,1848-04-29,B-1071,New York Life & Trusts,Farmers' Trust Co.,,,28.25,transaction,2,1500,passes disagreed - unverified,Shipping and Commercial List via FRASER,issues/1848/1848-04-29/p02.jpg
1848-04,1848-04-29,B-1071,New York Life & Trusts,N. A. Trust & Bkg. Co.,,,9.3333,transaction,3,250,all passes agreed,Shipping and Commercial List via FRASER,issues/1848/1848-04-29/p02.jpg
1848-04,1848-04-29,T-1010,Harlem R.R. Scrip,Harlem R. R.,,,51.5625,transaction,4,2050,passes disagreed - unverified,Shipping and Commercial List via FRASER,issues/1848/1848-04-29/p02.jpg
1848-04,1848-04-29,B-0856,Long Island R.R.,Long Island R. R.,,,29.4688,transaction,4,4060,all passes agreed,Shipping and Commercial List via FRASER,issues/1848/1848-04-29/p02.jpg
1848-04,1848-04-29,T-0010,Albany and Schenectady,Utica & Schenectady R. R.,,,127.4167,transaction,3,76,all passes agreed,Shipping and Commercial List via FRASER,issues/1848/1848-04-29/p02.jpg
1848-04,1848-04-29,T-1750,Norwich and Worcester R.R.,Norwich & Worcester R. R.,,,32.5625,transaction,4,1000,all passes agreed,Shipping and Commercial List via FRASER,issues/1848/1848-04-29/p02.jpg
1848-04,1848-04-29,T-0840,Erie R.R.,New-Jersey R. R.,,,104.25,transaction,1,50,all passes agreed,Shipping and Commercial List via FRASER,issues/1848/1848-04-29/p02.jpg
1848-04,1848-04-29,B-1404,Reading R.R. Mort,Reading R. R.,,,32.9688,transaction,4,640,passes disagreed - unverified,Shipping and Commercial List via FRASER,issues/1848/1848-04-29/p02.jpg
1848-04,1848-04-29,M-0660,Canton Company,Canton Co.,,,32.0833,transaction,3,425,all passes agreed,Shipping and Commercial List via FRASER,issues/1848/1848-04-29/p02.jpg
1848-04,1848-04-29,F-0215,Bank of Louisiana,Louisiana Bank,,,100.0,transaction,1,50,all passes agreed,Shipping and Commercial List via FRASER,issues/1848/1848-04-29/p02.jpg
1848-04,1848-04-29,T-1420,Morris Canal,Morris Canal Co.,,,8.75,transaction,2,200,all passes agreed,Shipping and Commercial List via FRASER,issues/1848/1848-04-29/p02.jpg
1848-04,1848-04-29,B-1071,New York Life & Trusts,Ohio Life & Trust Co.,,,84.5,transaction,2,40,all passes agreed,Shipping and Commercial List via FRASER,issues/1848/1848-04-29/p02.jpg
1848-04,1848-04-29,T-0840,Erie R.R.,Erie R. R. Scrip,,,69.5625,transaction,2,75,passes disagreed - unverified,Shipping and Commercial List via FRASER,issues/1848/1848-04-29/p02.jpg
1848-04,1848-04-29,B-1610,Rutland 6s 1855,"New-York Fives, 1855",,,95.0,transaction,1,1750,all passes agreed,Shipping and Commercial List via FRASER,issues/1848/1848-04-29/p02.jpg
1848-04,1848-04-29,F-2090,Phenix,Phenix Bank,,,80.0,transaction,1,50,all passes agreed,Shipping and Commercial List via FRASER,issues/1848/1848-04-29/p02.jpg
1848-04,1848-04-29,F-0310,Bank of the United States,United States Bank,,,3.0,transaction,1,50,all passes agreed,Shipping and Commercial List via FRASER,issues/1848/1848-04-29/p02.jpg
1848-04,1848-04-29,T-0060,Auburn and Rochester R.R.,Auburn & Rochester R. R.,,,93.0,transaction,1,6,all passes agreed,Shipping and Commercial List via FRASER,issues/1848/1848-04-29/p02.jpg
1848-05,1848-05-31,B-2110,U.S. Water Company 5s,U. S. Treasury Notes,,,102.3958,transaction,3,102500,passes disagreed - unverified,Shipping and Commercial List via FRASER,issues/1848/1848-05-31/p02.jpg
1848-05,1848-05-31,B-0520,Eastern 6s 1874,"U. States Sixes, 1867",,,104.5,transaction,2,37000,all passes agreed,Shipping and Commercial List via FRASER,issues/1848/1848-05-31/p02.jpg
1848-05,1848-05-31,B-1120,Northern 6s 1864,"Ohio Sixes, 1860",,,100.4583,transaction,3,10100,all passes agreed,Shipping and Commercial List via FRASER,issues/1848/1848-05-31/p02.jpg
1848-05,1848-05-31,B-1060,New York Central 6s,Kentucky Sixes,,,100.0,transaction,1,3000,all passes agreed,Shipping and Commercial List via FRASER,issues/1848/1848-05-31/p02.jpg
1848-05,1848-05-31,T-1870,Pennsylvania R.R.,Pennsylvania Fives,,,74.5,transaction,2,33000,passes disagreed - unverified,Shipping and Commercial List via FRASER,issues/1848/1848-05-31/p02.jpg
1848-05,1848-05-31,B-1550,Reading R.R. bonds,Reading R. R. Bonds,,,57.75,transaction,2,12000,all passes agreed,Shipping and Commercial List via FRASER,issues/1848/1848-05-31/p02.jpg
1848-05,1848-05-31,B-1071,New York Life & Trusts,N. A. Trust & Bkg. Co.,,,9.5,transaction,2,200,all passes agreed,Shipping and Commercial List via FRASER,issues/1848/1848-05-31/p02.jpg
1848-05,1848-05-31,B-1071,New York Life & Trusts,Farmers' Trust Co.,,,27.875,transaction,3,625,passes disagreed - unverified,Shipping and Commercial List via FRASER,issues/1848/1848-05-31/p02.jpg
1848-05,1848-05-31,T-1420,Morris Canal,Morris Canal Co.,,,10.125,transaction,3,1050,all passes agreed,Shipping and Commercial List via FRASER,issues/1848/1848-05-31/p02.jpg
1848-05,1848-05-31,B-1404,Reading R.R. Mort,Reading R. R.,,,36.0,transaction,3,694,passes disagreed - unverified,Shipping and Commercial List via FRASER,issues/1848/1848-05-31/p02.jpg
1848-05,1848-05-31,T-1010,Harlem R.R. Scrip,Harlem R. R.,,,57.4583,transaction,3,2365,passes disagreed - unverified,Shipping and Commercial List via FRASER,issues/1848/1848-05-31/p02.jpg
1848-05,1848-05-31,B-0856,Long Island R.R.,Long Island R. R.,,,29.25,transaction,3,1150,passes disagreed - unverified,Shipping and Commercial List via FRASER,issues/1848/1848-05-31/p02.jpg
1848-05,1848-05-31,T-0060,Auburn and Rochester R.R.,Auburn & Rochester R. R.,,,92.0,transaction,1,25,all passes agreed,Shipping and Commercial List via FRASER,issues/1848/1848-05-31/p02.jpg
1848-05,1848-05-31,T-1080,Hudson River,Hudson River R. R.,,,55.0,transaction,1,5,all passes agreed,Shipping and Commercial List via FRASER,issues/1848/1848-05-31/p02.jpg
1848-05,1848-05-31,T-0840,Erie R.R.,N. Y. & Erie R. R.,,,69.5,transaction,1,145,all passes agreed,Shipping and Commercial List via FRASER,issues/1848/1848-05-31/p02.jpg
1848-05,1848-05-31,T-0840,Erie R.R.,N. Y. & Erie R. R. Scrip,,,68.75,transaction,1,50,all passes agreed,Shipping and Commercial List via FRASER,issues/1848/1848-05-31/p02.jpg
1848-05,1848-05-31,M-0660,Canton Company,Canton Co.,,,31.75,transaction,2,700,all passes agreed,Shipping and Commercial List via FRASER,issues/1848/1848-05-31/p02.jpg
1848-05,1848-05-31,B-2130,U.S. Water Loan 1886 coupon,"United States Sixes, 1862, (coupons)",,,106.0,transaction,1,1000,passes disagreed - unverified,Shipping and Commercial List via FRASER,issues/1848/1848-05-31/p02.jpg
1848-05,1848-05-31,B-0566,Galena and Chicago 7s,Ohio Sevens,,,101.625,transaction,2,8000,passes disagreed - unverified,Shipping and Commercial List via FRASER,issues/1848/1848-05-31/p02.jpg
1848-05,1848-05-31,B-1130,Northern 6s 1874,"Ohio Sixes, 1870",,,100.5,transaction,1,1000,passes disagreed - unverified,Shipping and Commercial List via FRASER,issues/1848/1848-05-31/p02.jpg
1848-05,1848-05-31,F-1590,Merchants,Merchants' Bank,,,103.0,transaction,1,13,all passes agreed,Shipping and Commercial List via FRASER,issues/1848/1848-05-31/p02.jpg
1848-05,1848-05-31,F-0310,Bank of the United States,United States Bank,,,3.0,transaction,1,25,all passes agreed,Shipping and Commercial List via FRASER,issues/1848/1848-05-31/p02.jpg
1848-05,1848-05-31,T-1390,Mohawk Rail Rd,Mohawk R. R.,,,78.0,transaction,1,20,all passes agreed,Shipping and Commercial List via FRASER,issues/1848/1848-05-31/p02.jpg
1848-05,1848-05-31,T-1740,Norwich and Wor. R.R. scrip,Nor. & Wor. R. R.,,,27.25,transaction,2,300,all passes agreed,Shipping and Commercial List via FRASER,issues/1848/1848-05-31/p02.jpg
1848-05,1848-05-31,B-2120,U.S. Water Loan 1875,"United States Sixes, 1867",,,104.5,transaction,1,6000,all passes agreed,Shipping and Commercial List via FRASER,issues/1848/1848-05-31/p02.jpg
1848-05,1848-05-31,B-1550,Reading R.R. bonds,Reading R. R. Mort. Bonds,,,62.0,transaction,1,500,all passes agreed,Shipping and Commercial List via FRASER,issues/1848/1848-05-31/p02.jpg
1848-05,1848-05-31,F-1500,Mechanics,Mechanics' Bank,,,102.75,transaction,1,270,all passes agreed,Shipping and Commercial List via FRASER,issues/1848/1848-05-31/p02.jpg
1848-05,1848-05-31,T-0840,Erie R.R.,Erie R. R.,,,60.0,transaction,1,50,all passes agreed,Shipping and Commercial List via FRASER,issues/1848/1848-05-31/p02.jpg
1848-05,1848-05-31,T-0840,Erie R.R.,Erie R. R. new stock,,,70.25,transaction,1,60,all passes agreed,Shipping and Commercial List via FRASER,issues/1848/1848-05-31/p02.jpg
1848-06,1848-06-28,B-2110,U.S. Water Company 5s,U. S. Treasury Notes,,,104.4167,transaction,3,175000,all passes agreed,Shipping and Commercial List via FRASER,issues/1848/1848-06-28/p02.jpg
1848-06,1848-06-28,B-2120,U.S. Water Loan 1875,"United States Sixes, 1867",,,104.5,transaction,1,2100,all passes agreed,Shipping and Commercial List via FRASER,issues/1848/1848-06-28/p02.jpg
1848-06,1848-06-28,B-0520,Eastern 6s 1874,"New-York State Fives, 1858",,,98.25,transaction,1,2000,all passes agreed,Shipping and Commercial List via FRASER,issues/1848/1848-06-28/p02.jpg
1848-06,1848-06-28,B-1060,New York Central 6s,Kentucky Sixes,,,101.5,transaction,2,2000,all passes agreed,Shipping and Commercial List via FRASER,issues/1848/1848-06-28/p02.jpg
1848-06,1848-06-28,T-1870,Pennsylvania R.R.,Pennsylvania Fives,,,76.0,transaction,2,2000,all passes agreed,Shipping and Commercial List via FRASER,issues/1848/1848-06-28/p02.jpg
1848-06,1848-06-28,B-1550,Reading R.R. bonds,Reading R. R. Bonds,,,58.5,transaction,1,2000,all passes agreed,Shipping and Commercial List via FRASER,issues/1848/1848-06-28/p02.jpg
1848-06,1848-06-28,F-2090,Phenix,Phenix Bank,,,83.0,transaction,2,150,all passes agreed,Shipping and Commercial List via FRASER,issues/1848/1848-06-28/p02.jpg
1848-06,1848-06-28,B-0480,Del. and Hudson Canal Company Bonds,Del. & Hud. Canal Co. Bk. Scrip,,,144.0,transaction,1,140,all passes agreed,Shipping and Commercial List via FRASER,issues/1848/1848-06-28/p02.jpg
1848-06,1848-06-28,B-1071,New York Life & Trusts,N. A. Trust & Bkg. Co.,,,10.0,transaction,1,35,all passes agreed,Shipping and Commercial List via FRASER,issues/1848/1848-06-28/p02.jpg
1848-06,1848-06-28,B-1071,New York Life & Trusts,Farmers' Trust Co.,,,29.2083,transaction,3,535,passes disagreed - unverified,Shipping and Commercial List via FRASER,issues/1848/1848-06-28/p02.jpg
1848-06,1848-06-28,T-1420,Morris Canal,Morris Canal Co.,,,10.2812,transaction,4,1125,all passes agreed,Shipping and Commercial List via FRASER,issues/1848/1848-06-28/p02.jpg
1848-06,1848-06-28,T-1010,Harlem R.R. Scrip,Harlem R. R.,,,55.0938,transaction,4,1175,passes disagreed - unverified,Shipping and Commercial List via FRASER,issues/1848/1848-06-28/p02.jpg
1848-06,1848-06-28,B-0856,Long Island R.R.,Long Island R. R.,,,28.7917,transaction,3,1400,passes disagreed - unverified,Shipping and Commercial List via FRASER,issues/1848/1848-06-28/p02.jpg
1848-06,1848-06-28,T-0060,Auburn and Rochester R.R.,Auburn & Rochester R. R.,,,89.0,transaction,1,20,all passes agreed,Shipping and Commercial List via FRASER,issues/1848/1848-06-28/p02.jpg
1848-06,1848-06-28,T-1740,Norwich and Wor. R.R. scrip,Nor. & Wor. R. R.,,,34.625,transaction,6,1255,passes disagreed - unverified,Shipping and Commercial List via FRASER,issues/1848/1848-06-28/p02.jpg
1848-06,1848-06-28,B-1404,Reading R.R. Mort,Reading R. R.,,,34.8333,transaction,3,825,all passes agreed,Shipping and Commercial List via FRASER,issues/1848/1848-06-28/p02.jpg
1848-06,1848-06-28,M-0660,Canton Company,Canton Co.,,,35.0312,transaction,4,300,passes disagreed - unverified,Shipping and Commercial List via FRASER,issues/1848/1848-06-28/p02.jpg
1848-06,1848-06-28,M-0660,Canton Company,Canton Co. Scrip,,,3.0,transaction,1,100,all passes agreed,Shipping and Commercial List via FRASER,issues/1848/1848-06-28/p02.jpg
1848-06,1848-06-28,B-0466,Cuba 6's 1860,"U. States Sixes, 1862",,,103.875,transaction,2,50000,passes disagreed - unverified,Shipping and Commercial List via FRASER,issues/1848/1848-06-28/p02.jpg
1848-06,1848-06-28,B-2110,U.S. Water Company 5s,"U. States Fives, 1853",,,95.0,transaction,1,4000,all passes agreed,Shipping and Commercial List via FRASER,issues/1848/1848-06-28/p02.jpg
1848-06,1848-06-28,B-1120,Northern 6s 1864,"Ohio Sixes, 1860",,,100.1875,transaction,2,11000,all passes agreed,Shipping and Commercial List via FRASER,issues/1848/1848-06-28/p02.jpg
1848-06,1848-06-28,T-0840,Erie R.R.,N. Y. & Erie R. R. Scrip,,,68.5,transaction,1,15,all passes agreed,Shipping and Commercial List via FRASER,issues/1848/1848-06-28/p02.jpg
1848-06,1848-06-28,B-0520,Eastern 6s 1874,"U. States Sixes, 1867",,,104.5,transaction,1,40000,all passes agreed,Shipping and Commercial List via FRASER,issues/1848/1848-06-28/p02.jpg
1848-06,1848-06-28,B-0720,"Lehigh Coal and Navigation 5s, 1840","Corporation Fives, 1870",,,94.0,transaction,1,3000,all passes agreed,Shipping and Commercial List via FRASER,issues/1848/1848-06-28/p02.jpg
1848-06,1848-06-28,B-1120,Northern 6s 1864,"Ohio Sixes, 1856",,,99.5,transaction,1,5000,all passes agreed,Shipping and Commercial List via FRASER,issues/1848/1848-06-28/p02.jpg
1848-06,1848-06-28,M-1420,Indiana Land Company,Indiana State Fives,,,39.0,transaction,1,11000,passes disagreed - unverified,Shipping and Commercial List via FRASER,issues/1848/1848-06-28/p02.jpg
1848-06,1848-06-28,M-1420,Indiana Land Company,Indiana Two-and-a-Half per cent.,,,16.5,transaction,1,10000,all passes agreed,Shipping and Commercial List via FRASER,issues/1848/1848-06-28/p02.jpg
1848-06,1848-06-28,B-0910,Masonic 5s,Alabama Fives,,,61.0,transaction,1,1000,all passes agreed,Shipping and Commercial List via FRASER,issues/1848/1848-06-28/p02.jpg
1848-06,1848-06-28,T-0840,Erie R.R.,N. Y. & Erie R. R. Sevens,,,99.0,transaction,1,1000,all passes agreed,Shipping and Commercial List via FRASER,issues/1848/1848-06-28/p02.jpg
1848-06,1848-06-28,F-2120,Pittsburg,Vicksburg Bank,,,10.0,transaction,1,50,all passes agreed,Shipping and Commercial List via FRASER,issues/1848/1848-06-28/p02.jpg
1848-06,1848-06-28,T-0840,Erie R.R.,N. Y. & Erie R. R.,,,69.0,transaction,1,50,all passes agreed,Shipping and Commercial List via FRASER,issues/1848/1848-06-28/p02.jpg
1848-07,1848-07-29,B-0520,Eastern 6s 1874,"U. States Sixes, 1867",,,103.9583,transaction,3,17000,passes disagreed - unverified,Shipping and Commercial List via FRASER,issues/1848/1848-07-29/p02.jpg
1848-07,1848-07-29,B-2110,U.S. Water Company 5s,U. S. Treasury Notes,,,103.5417,transaction,3,42500,all passes agreed,Shipping and Commercial List via FRASER,issues/1848/1848-07-29/p02.jpg
1848-07,1848-07-29,B-1120,Northern 6s 1864,"Ohio Sixes, 1860",,,99.8333,transaction,3,7500,all passes agreed,Shipping and Commercial List via FRASER,issues/1848/1848-07-29/p02.jpg
1848-07,1848-07-29,B-1430,Reading 6s r. 1850,"Ohio Sixes, 1850",,,97.75,transaction,1,1000,all passes agreed,Shipping and Commercial List via FRASER,issues/1848/1848-07-29/p02.jpg
1848-07,1848-07-29,T-1870,Pennsylvania R.R.,Pennsylvania Fives,,,73.5,transaction,3,16500,all passes agreed,Shipping and Commercial List via FRASER,issues/1848/1848-07-29/p02.jpg
1848-07,1848-07-29,M-1420,Indiana Land Company,Indiana State Fives,,,51.5,transaction,1,500,all passes agreed,Shipping and Commercial List via FRASER,issues/1848/1848-07-29/p02.jpg
1848-07,1848-07-29,B-0620,Illinois Central 6s,Illinois Fund Bonds,,,41.0,transaction,1,1000,all passes agreed,Shipping and Commercial List via FRASER,issues/1848/1848-07-29/p02.jpg
1848-07,1848-07-29,B-1550,Reading R.R. bonds,Reading R. R. Bonds,,,58.0,transaction,1,1000,all passes agreed,Shipping and Commercial List via FRASER,issues/1848/1848-07-29/p02.jpg
1848-07,1848-07-29,F-0150,Bank of America,Bank of America,,,93.5,transaction,1,6,all passes agreed,Shipping and Commercial List via FRASER,issues/1848/1848-07-29/p02.jpg
1848-07,1848-07-29,B-0480,Del. and Hudson Canal Company Bonds,Del. & Hud. Canal Co. Bk. Scrip,,,144.0,transaction,1,7,all passes agreed,Shipping and Commercial List via FRASER,issues/1848/1848-07-29/p02.jpg
1848-07,1848-07-29,T-1420,Morris Canal,Morris Canal Co.,,,9.1875,transaction,2,500,all passes agreed,Shipping and Commercial List via FRASER,issues/1848/1848-07-29/p02.jpg
1848-07,1848-07-29,B-1071,New York Life & Trusts,Ohio Life & Trust Co.,,,75.0,transaction,2,33,all passes agreed,Shipping and Commercial List via FRASER,issues/1848/1848-07-29/p02.jpg
1848-07,1848-07-29,B-1071,New York Life & Trusts,Farmers' Trust Co.,,,27.875,transaction,3,1250,all passes agreed,Shipping and Commercial List via FRASER,issues/1848/1848-07-29/p02.jpg
1848-07,1848-07-29,T-0840,Erie R.R.,N. Y. & Erie R. R.,,,63.75,transaction,2,50,all passes agreed,Shipping and Commercial List via FRASER,issues/1848/1848-07-29/p02.jpg
1848-07,1848-07-29,T-1010,Harlem R.R. Scrip,Harlem R. R.,,,51.6,transaction,5,3650,passes disagreed - unverified,Shipping and Commercial List via FRASER,issues/1848/1848-07-29/p02.jpg
1848-07,1848-07-29,B-0856,Long Island R.R.,Long Island R. R.,,,26.95,transaction,5,3900,passes disagreed - unverified,Shipping and Commercial List via FRASER,issues/1848/1848-07-29/p02.jpg
1848-07,1848-07-29,B-1404,Reading R.R. Mort,Reading R. R.,,,33.75,transaction,2,150,all passes agreed,Shipping and Commercial List via FRASER,issues/1848/1848-07-29/p02.jpg
1848-07,1848-07-29,T-1740,Norwich and Wor. R.R. scrip,Nor. & Wor. R. R.,,,30.7917,transaction,3,530,all passes agreed,Shipping and Commercial List via FRASER,issues/1848/1848-07-29/p02.jpg
1848-07,1848-07-29,B-1086,NY and N. Haven 1860,N. York & N. Haven R. R.,,,82.75,transaction,2,40,all passes agreed,Shipping and Commercial List via FRASER,issues/1848/1848-07-29/p02.jpg
1848-07,1848-07-29,M-0660,Canton Company,Canton Co.,,,32.4167,transaction,3,925,all passes agreed,Shipping and Commercial List via FRASER,issues/1848/1848-07-29/p02.jpg
1848-07,1848-07-29,B-0466,Cuba 6's 1860,"U. States Sixes, 1862",,,103.5,transaction,1,2000,passes disagreed - unverified,Shipping and Commercial List via FRASER,issues/1848/1848-07-29/p02.jpg
1848-07,1848-07-29,B-0466,Cuba 6's 1860,"U. States Sixes, 1868",,,104.5,transaction,1,15000,all passes agreed,Shipping and Commercial List via FRASER,issues/1848/1848-07-29/p02.jpg
1848-07,1848-07-29,B-0566,Galena and Chicago 7s,Ohio Sevens,,,102.5,transaction,1,5000,all passes agreed,Shipping and Commercial List via FRASER,issues/1848/1848-07-29/p02.jpg
1848-07,1848-07-29,T-0840,Erie R.R.,N. Y. & Erie R. R. (new),,,64.0,transaction,1,35,all passes agreed,Shipping and Commercial List via FRASER,issues/1848/1848-07-29/p02.jpg
1848-07,1848-07-29,B-1550,Reading R.R. bonds,Reading R. R. Mort. Bonds,,,66.0,transaction,1,1000,all passes agreed,Shipping and Commercial List via FRASER,issues/1848/1848-07-29/p02.jpg
1848-07,1848-07-29,F-1500,Mechanics,Mechanics' Bank,,,104.0,transaction,1,160,all passes agreed,Shipping and Commercial List via FRASER,issues/1848/1848-07-29/p02.jpg
1848-07,1848-07-29,F-1990,North River,North River Bank,,,97.0,transaction,1,50,all passes agreed,Shipping and Commercial List via FRASER,issues/1848/1848-07-29/p02.jpg
1848-08,1848-08-30,B-0466,Cuba 6's 1860,"U. States Sixes, 1868",,,104.375,transaction,2,3000,passes disagreed - unverified,Shipping and Commercial List via FRASER,issues/1848/1848-08-30/p02.jpg
1848-08,1848-08-30,B-0520,Eastern 6s 1874,"U. States Sixes, 1867",,,104.0,transaction,1,4000,all passes agreed,Shipping and Commercial List via FRASER,issues/1848/1848-08-30/p02.jpg
1848-08,1848-08-30,B-1430,Reading 6s r. 1850,"Ohio Sixes, 1850",,,97.5,transaction,1,500,all passes agreed,Shipping and Commercial List via FRASER,issues/1848/1848-08-30/p02.jpg
1848-08,1848-08-30,M-1420,Indiana Land Company,Indiana State Fives,,,52.25,transaction,1,2000,passes disagreed - unverified,Shipping and Commercial List via FRASER,issues/1848/1848-08-30/p02.jpg
1848-08,1848-08-30,B-0620,Illinois Central 6s,Illinois Fund Bonds,,,41.5,transaction,2,3000,all passes agreed,Shipping and Commercial List via FRASER,issues/1848/1848-08-30/p02.jpg
1848-08,1848-08-30,T-1420,Morris Canal,Morris Canal Co.,,,9.5,transaction,2,900,all passes agreed,Shipping and Commercial List via FRASER,issues/1848/1848-08-30/p02.jpg
1848-08,1848-08-30,B-1071,New York Life & Trusts,Farmers' Trust Co,,,28.5,transaction,1,300,all passes agreed,Shipping and Commercial List via FRASER,issues/1848/1848-08-30/p02.jpg
1848-08,1848-08-30,T-0840,Erie R.R.,N. Y. & Erie R. R.,,,65.5,transaction,2,150,all passes agreed,Shipping and Commercial List via FRASER,issues/1848/1848-08-30/p02.jpg
1848-08,1848-08-30,T-1010,Harlem R.R. Scrip,Harlem R. R.,,,54.9167,transaction,3,900,passes disagreed - unverified,Shipping and Commercial List via FRASER,issues/1848/1848-08-30/p02.jpg
1848-08,1848-08-30,B-0856,Long Island R.R.,Long Island R. R.,,,26.375,transaction,3,1850,passes disagreed - unverified,Shipping and Commercial List via FRASER,issues/1848/1848-08-30/p02.jpg
1848-08,1848-08-30,B-1404,Reading R.R. Mort,Reading R. R.,,,33.3333,transaction,3,950,passes disagreed - unverified,Shipping and Commercial List via FRASER,issues/1848/1848-08-30/p02.jpg
1848-08,1848-08-30,T-1740,Norwich and Wor. R.R. scrip,Nor. & Wor. R. R.,,,34.125,transaction,3,475,passes disagreed - unverified,Shipping and Commercial List via FRASER,issues/1848/1848-08-30/p02.jpg
1848-08,1848-08-30,T-1390,Mohawk Rail Rd,Mohawk R. R.,,,75.0,transaction,1,100,all passes agreed,Shipping and Commercial List via FRASER,issues/1848/1848-08-30/p02.jpg
1848-08,1848-08-30,M-0660,Canton Company,Canton Co.,,,34.5,transaction,3,725,all passes agreed,Shipping and Commercial List via FRASER,issues/1848/1848-08-30/p02.jpg
1848-08,1848-08-30,B-0466,Cuba 6's 1860,"U. States Sixes, 1862",,,103.5,transaction,1,1000,all passes agreed,Shipping and Commercial List via FRASER,issues/1848/1848-08-30/p02.jpg
1848-08,1848-08-30,B-0566,Galena and Chicago 7s,Ohio Sevens,,,103.0,transaction,1,5000,all passes agreed,Shipping and Commercial List via FRASER,issues/1848/1848-08-30/p02.jpg
1848-08,1848-08-30,B-1120,Northern 6s 1864,"Ohio Sixes, 1860",,,99.5,transaction,2,6000,all passes agreed,Shipping and Commercial List via FRASER,issues/1848/1848-08-30/p02.jpg
1848-08,1848-08-30,T-1870,Pennsylvania R.R.,Pennsylvania Fives,,,73.5,transaction,2,11000,all passes agreed,Shipping and Commercial List via FRASER,issues/1848/1848-08-30/p02.jpg
1848-08,1848-08-30,B-0624,Illinois Central,Illinois Int. Imp. Stock,,,20.0,transaction,1,3000,all passes agreed,Shipping and Commercial List via FRASER,issues/1848/1848-08-30/p02.jpg
1848-08,1848-08-30,B-1550,Reading R.R. bonds,Reading R. R. Bonds,,,55.5,transaction,1,3000,all passes agreed,Shipping and Commercial List via FRASER,issues/1848/1848-08-30/p02.jpg
1848-08,1848-08-30,B-1550,Reading R.R. bonds,Reading R. R. Mort. Bonds,,,62.5,transaction,2,4000,all passes agreed,Shipping and Commercial List via FRASER,issues/1848/1848-08-30/p02.jpg
1848-08,1848-08-30,F-1930,New York,Bank of New-York,,,121.5,transaction,1,2,all passes agreed,Shipping and Commercial List via FRASER,issues/1848/1848-08-30/p02.jpg
1848-08,1848-08-30,B-1071,New York Life & Trusts,Farmers' Trust Co.,,,28.5,transaction,2,400,all passes agreed,Shipping and Commercial List via FRASER,issues/1848/1848-08-30/p02.jpg
1848-08,1848-08-30,B-1086,NY and N. Haven 1860,N. York & N. Haven R. R.,,,81.25,transaction,2,31,all passes agreed,Shipping and Commercial List via FRASER,issues/1848/1848-08-30/p02.jpg
1848-08,1848-08-30,B-2110,U.S. Water Company 5s,U. S. Treasury Notes,,,103.5,transaction,1,100,all passes agreed,Shipping and Commercial List via FRASER,issues/1848/1848-08-30/p02.jpg
1848-08,1848-08-30,B-2120,U.S. Water Loan 1875,"United States Sixes, 1867",,,104.5,transaction,1,1500,all passes agreed,Shipping and Commercial List via FRASER,issues/1848/1848-08-30/p02.jpg
1848-08,1848-08-30,B-1390,Philadelphia Gas 6s r. 1862,"United States Sixes, 1862",,,103.0,transaction,1,1000,all passes agreed,Shipping and Commercial List via FRASER,issues/1848/1848-08-30/p02.jpg
1848-08,1848-08-30,B-2120,U.S. Water Loan 1875,"United States Fives, 1853",,,93.5,transaction,1,5000,all passes agreed,Shipping and Commercial List via FRASER,issues/1848/1848-08-30/p02.jpg
1848-08,1848-08-30,M-0765,Chester County,"U. States Bounty, Scrip",,,96.0,transaction,1,3000,passes disagreed - unverified,Shipping and Commercial List via FRASER,issues/1848/1848-08-30/p02.jpg
1848-08,1848-08-30,B-1080,New-York and Erie R.R. (consol),"Erie R. R. Bonds, Sevens",,,94.75,transaction,1,9000,all passes agreed,Shipping and Commercial List via FRASER,issues/1848/1848-08-30/p02.jpg
1848-08,1848-08-30,B-1060,New York Central 6s,Kentucky Sixes,,,97.5,transaction,1,2000,all passes agreed,Shipping and Commercial List via FRASER,issues/1848/1848-08-30/p02.jpg
1848-08,1848-08-30,F-1390,Manhattan Company,Manhattan Bank,,,87.5,transaction,1,30,all passes agreed,Shipping and Commercial List via FRASER,issues/1848/1848-08-30/p02.jpg
1848-08,1848-08-30,F-0170,Bank of Commerce,Bank of Commerce,,,99.5,transaction,1,10,all passes agreed,Shipping and Commercial List via FRASER,issues/1848/1848-08-30/p02.jpg
1848-08,1848-08-30,T-1050,Housatonic,Housatonic R. R. Scrip,,,90.0,transaction,1,20,all passes agreed,Shipping and Commercial List via FRASER,issues/1848/1848-08-30/p02.jpg
1848-08,1848-08-30,T-0010,Albany and Schenectady,Utica & Schenectady R. R.,,,114.0,transaction,1,10,all passes agreed,Shipping and Commercial List via FRASER,issues/1848/1848-08-30/p02.jpg
1848-08,1848-08-30,M-2170,New York Union Line Steam Boat,"United States Bounty, Scrip",,,96.0,transaction,1,3000,passes disagreed - unverified,Shipping and Commercial List via FRASER,issues/1848/1848-08-30/p02.jpg
1848-09,1848-09-30,B-0466,Cuba 6's 1860,"U. States Sixes, 1868",,,104.25,transaction,2,11000,passes disagreed - unverified,Shipping and Commercial List via FRASER,issues/1848/1848-09-30/p02.jpg
1848-09,1848-09-30,B-0466,Cuba 6's 1860,"U. States Sixes, 1863",,,103.5,transaction,1,2400,passes disagreed - unverified,Shipping and Commercial List via FRASER,issues/1848/1848-09-30/p02.jpg
1848-09,1848-09-30,B-2110,U.S. Water Company 5s,U. S. Treasury Notes,,,102.7917,transaction,3,150000,passes disagreed - unverified,Shipping and Commercial List via FRASER,issues/1848/1848-09-30/p02.jpg
1848-09,1848-09-30,B-1060,New York Central 6s,Kentucky Sixes,,,97.0,transaction,1,1000,all passes agreed,Shipping and Commercial List via FRASER,issues/1848/1848-09-30/p02.jpg
1848-09,1848-09-30,B-1120,Northern 6s 1864,"Ohio Sixes, 1860",,,99.5,transaction,2,14100,all passes agreed,Shipping and Commercial List via FRASER,issues/1848/1848-09-30/p02.jpg
1848-09,1848-09-30,T-1870,Pennsylvania R.R.,Pennsylvania Fives,,,73.5,transaction,1,5000,all passes agreed,Shipping and Commercial List via FRASER,issues/1848/1848-09-30/p02.jpg
1848-09,1848-09-30,M-1420,Indiana Land Company,Indiana State Fives,,,54.75,transaction,2,7000,all passes agreed,Shipping and Commercial List via FRASER,issues/1848/1848-09-30/p02.jpg
1848-09,1848-09-30,B-1080,New-York and Erie R.R. (consol),"Erie R. R. Bonds, Sevens",,,95.0,transaction,1,1000,all passes agreed,Shipping and Commercial List via FRASER,issues/1848/1848-09-30/p02.jpg
1848-09,1848-09-30,B-1071,New York Life & Trusts,Farmers' Trust Co.,,,30.0,transaction,1,350,all passes agreed,Shipping and Commercial List via FRASER,issues/1848/1848-09-30/p02.jpg
1848-09,1848-09-30,T-0840,Erie R.R.,N. Y. & Erie R. R. Scrip,,,61.25,transaction,2,122,all passes agreed,Shipping and Commercial List via FRASER,issues/1848/1848-09-30/p02.jpg
1848-09,1848-09-30,T-1010,Harlem R.R. Scrip,Harlem R. R.,,,52.25,transaction,3,2790,all passes agreed,Shipping and Commercial List via FRASER,issues/1848/1848-09-30/p02.jpg
1848-09,1848-09-30,B-1086,NY and N. Haven 1860,N. York & N. Haven R. R.,,,80.25,transaction,2,120,all passes agreed,Shipping and Commercial List via FRASER,issues/1848/1848-09-30/p02.jpg
1848-09,1848-09-30,T-1740,Norwich and Wor. R.R. scrip,Nor. & Wor. R. R.,,,32.75,transaction,3,950,all passes agreed,Shipping and Commercial List via FRASER,issues/1848/1848-09-30/p02.jpg
1848-09,1848-09-30,B-1404,Reading R.R. Mort,Reading R. R.,,,31.6667,transaction,3,1400,passes disagreed - unverified,Shipping and Commercial List via FRASER,issues/1848/1848-09-30/p02.jpg
1848-09,1848-09-30,B-0856,Long Island R.R.,Long Island R. R.,,,25.4167,transaction,3,1540,all passes agreed,Shipping and Commercial List via FRASER,issues/1848/1848-09-30/p02.jpg
1848-09,1848-09-30,M-0660,Canton Company,Canton Co.,,,33.2917,transaction,3,1325,passes disagreed - unverified,Shipping and Commercial List via FRASER,issues/1848/1848-09-30/p02.jpg
1848-09,1848-09-30,B-2110,U.S. Water Company 5s,"U. States Fives, 1853",,,93.375,transaction,1,4000,passes disagreed - unverified,Shipping and Commercial List via FRASER,issues/1848/1848-09-30/p02.jpg
1848-09,1848-09-30,B-0620,Illinois Central 6s,Illinois Fund Bonds,,,40.375,transaction,1,10000,all passes agreed,Shipping and Commercial List via FRASER,issues/1848/1848-09-30/p02.jpg
1848-09,1848-09-30,F-0170,Bank of Commerce,Bank of Commerce,,,90.0,transaction,1,15,all passes agreed,Shipping and Commercial List via FRASER,issues/1848/1848-09-30/p02.jpg
1848-09,1848-09-30,T-0840,Erie R.R.,N. Y. & Erie R. R.,,,61.5,transaction,1,50,all passes agreed,Shipping and Commercial List via FRASER,issues/1848/1848-09-30/p02.jpg
1848-09,1848-09-30,B-1071,New York Life & Trusts,N. A. Trust & Bkg. Co.,,,9.0,transaction,1,50,all passes agreed,Shipping and Commercial List via FRASER,issues/1848/1848-09-30/p02.jpg
1848-09,1848-09-30,T-0840,Erie R.R.,New-Jersey R. R.,,,100.0,transaction,1,50,all passes agreed,Shipping and Commercial List via FRASER,issues/1848/1848-09-30/p02.jpg
1848-09,1848-09-30,M-0660,Canton Company,Canton Co. Scrip,,,28.0,transaction,1,50,all passes agreed,Shipping and Commercial List via FRASER,issues/1848/1848-09-30/p02.jpg
1848-09,1848-09-30,B-2120,U.S. Water Loan 1875,"U. S. States Sixes, 1868",,,104.25,transaction,2,11000,passes disagreed - unverified,Shipping and Commercial List via FRASER,issues/1848/1848-09-30/p02.jpg
1848-09,1848-09-30,B-1630,Rutland 7s 1st 1863,"U. S. States Sixes, 1863",,,103.5,transaction,1,2400,passes disagreed - unverified,Shipping and Commercial List via FRASER,issues/1848/1848-09-30/p02.jpg
1848-09,1848-09-30,B-2110,U.S. Water Company 5s,"U. S. States Fives, 1853",,,93.375,transaction,1,4000,passes disagreed - unverified,Shipping and Commercial List via FRASER,issues/1848/1848-09-30/p02.jpg
1848-10,1848-10-28,B-0466,Cuba 6's 1860,"U. States Sixes, 1868",,,104.625,transaction,2,30500,all passes agreed,Shipping and Commercial List via FRASER,issues/1848/1848-10-28/p02.jpg
1848-10,1848-10-28,B-2040,Vermont Central 6s 1856,"United States Sixes, 1856",,,103.5,transaction,1,5000,all passes agreed,Shipping and Commercial List via FRASER,issues/1848/1848-10-28/p02.jpg
1848-10,1848-10-28,B-2110,U.S. Water Company 5s,"U. States Fives, 1853",,,94.0,transaction,1,3000,all passes agreed,Shipping and Commercial List via FRASER,issues/1848/1848-10-28/p02.jpg
1848-10,1848-10-28,B-2110,U.S. Water Company 5s,U. S. Treasury Notes,,,103.0,transaction,3,106900,passes disagreed - unverified,Shipping and Commercial List via FRASER,issues/1848/1848-10-28/p02.jpg
1848-10,1848-10-28,T-1870,Pennsylvania R.R.,Pennsylvania Fives,,,73.1667,transaction,3,16900,passes disagreed - unverified,Shipping and Commercial List via FRASER,issues/1848/1848-10-28/p02.jpg
1848-10,1848-10-28,T-1420,Morris Canal,Morris Canal Co.,,,6.9107,transaction,7,1650,passes disagreed - unverified,Shipping and Commercial List via FRASER,issues/1848/1848-10-28/p02.jpg
1848-10,1848-10-28,B-1071,New York Life & Trusts,Farmers' Trust Co.,,,26.0208,transaction,6,4550,passes disagreed - unverified,Shipping and Commercial List via FRASER,issues/1848/1848-10-28/p02.jpg
1848-10,1848-10-28,T-0840,Erie R.R.,N. Y. & Erie R. R. Scrip,,,59.125,transaction,2,455,all passes agreed,Shipping and Commercial List via FRASER,issues/1848/1848-10-28/p02.jpg
1848-10,1848-10-28,B-0856,Long Island R.R.,Long Island R. R.,,,20.4,transaction,5,3325,passes disagreed - unverified,Shipping and Commercial List via FRASER,issues/1848/1848-10-28/p02.jpg
1848-10,1848-10-28,T-1010,Harlem R.R. Scrip,Harlem R. R.,,,48.4583,transaction,6,6390,passes disagreed - unverified,Shipping and Commercial List via FRASER,issues/1848/1848-10-28/p02.jpg
1848-10,1848-10-28,B-1404,Reading R.R. Mort,Reading R. R.,,,31.5,transaction,3,1300,passes disagreed - unverified,Shipping and Commercial List via FRASER,issues/1848/1848-10-28/p02.jpg
1848-10,1848-10-28,T-1430,N.H. and Hartford R.R.,N. Haven & Hart. R. R.,,,101.1667,transaction,3,84,passes disagreed - unverified,Shipping and Commercial List via FRASER,issues/1848/1848-10-28/p02.jpg
1848-10,1848-10-28,T-0060,Auburn and Rochester R.R.,Auburn & Rochester R. R.,,,87.0,transaction,1,10,all passes agreed,Shipping and Commercial List via FRASER,issues/1848/1848-10-28/p02.jpg
1848-10,1848-10-28,B-1086,NY and N. Haven 1860,N. York & N. Haven R. R.,,,81.5,transaction,2,57,passes disagreed - unverified,Shipping and Commercial List via FRASER,issues/1848/1848-10-28/p02.jpg
1848-10,1848-10-28,M-0660,Canton Company,Canton Co.,,,30.4167,transaction,3,1800,passes disagreed - unverified,Shipping and Commercial List via FRASER,issues/1848/1848-10-28/p02.jpg
1848-10,1848-10-28,M-0660,Canton Company,Canton Co. Scrip,,,2.5,transaction,2,200,all passes agreed,Shipping and Commercial List via FRASER,issues/1848/1848-10-28/p02.jpg
1848-10,1848-10-28,B-0520,Eastern 6s 1874,"U. States Sixes, 1867",,,104.5,transaction,1,5000,all passes agreed,Shipping and Commercial List via FRASER,issues/1848/1848-10-28/p02.jpg
1848-10,1848-10-28,B-1430,Reading 6s r. 1850,"Ohio Sixes, 1850",,,97.0,transaction,1,500,all passes agreed,Shipping and Commercial List via FRASER,issues/1848/1848-10-28/p02.jpg
1848-10,1848-10-28,B-0620,Illinois Central 6s,Illinois Fund Bonds,,,40.4375,transaction,2,5000,passes disagreed - unverified,Shipping and Commercial List via FRASER,issues/1848/1848-10-28/p02.jpg
1848-10,1848-10-28,B-1000,N. Orleans Corporation,"Corporation Fives, 1858",,,93.0,transaction,1,900,all passes agreed,Shipping and Commercial List via FRASER,issues/1848/1848-10-28/p02.jpg
1848-10,1848-10-28,B-1080,New-York and Erie R.R. (consol),Erie R. R. Bonds Sevens,,,93.0,transaction,1,2000,all passes agreed,Shipping and Commercial List via FRASER,issues/1848/1848-10-28/p02.jpg
1848-10,1848-10-28,B-1550,Reading R.R. bonds,Reading R. R. Bonds,,,56.75,transaction,1,2000,all passes agreed,Shipping and Commercial List via FRASER,issues/1848/1848-10-28/p02.jpg
1848-10,1848-10-28,B-1550,Reading R.R. bonds,Reading R. R. Mort. Bonds,,,61.25,transaction,2,7000,passes disagreed - unverified,Shipping and Commercial List via FRASER,issues/1848/1848-10-28/p02.jpg
1848-10,1848-10-28,F-0492,Canal Bank,Del. & Hud. Canal Co. Bank,,,140.0,transaction,1,25,all passes agreed,Shipping and Commercial List via FRASER,issues/1848/1848-10-28/p02.jpg
1848-10,1848-10-28,F-0050,American Exchange Bank,American Exchange Bank,,,98.0,transaction,1,5,all passes agreed,Shipping and Commercial List via FRASER,issues/1848/1848-10-28/p02.jpg
1848-10,1848-10-28,B-1071,New York Life & Trusts,Ohio Life & Trust Co.,,,77.0,transaction,1,10,all passes agreed,Shipping and Commercial List via FRASER,issues/1848/1848-10-28/p02.jpg
1848-10,1848-10-28,T-0840,Erie R.R.,N. Y. & Erie R. R.,,,53.375,transaction,1,25,passes disagreed - unverified,Shipping and Commercial List via FRASER,issues/1848/1848-10-28/p02.jpg
1848-10,1848-10-28,T-0840,Erie R.R.,Erie R. R. Scrip,,,59.0,transaction,1,170,all passes agreed,Shipping and Commercial List via FRASER,issues/1848/1848-10-28/p02.jpg
1848-10,1848-10-28,T-1740,Norwich and Wor. R.R. scrip,Nor. & Wor. R. R.,,,31.625,transaction,2,975,passes disagreed - unverified,Shipping and Commercial List via FRASER,issues/1848/1848-10-28/p02.jpg
1848-10,1848-10-28,B-1610,Rutland 6s 1855,"U. States Sixes, 1856",,,103.5,transaction,1,3000,passes disagreed - unverified,Shipping and Commercial List via FRASER,issues/1848/1848-10-28/p02.jpg
1848-10,1848-10-28,F-1300,Leather Manufacturers,Leather Manu. Bank,,,96.0,transaction,1,30,all passes agreed,Shipping and Commercial List via FRASER,issues/1848/1848-10-28/p02.jpg
1848-10,1848-10-28,B-1870,Union Canal 6s,N. O. Canal & Bkg. Co.,,,65.0,transaction,1,5,all passes agreed,Shipping and Commercial List via FRASER,issues/1848/1848-10-28/p02.jpg
1848-10,1848-10-28,B-1086,NY and N. Haven 1860,New York & N. Haven R. R.,,,81.5,transaction,1,50,passes disagreed - unverified,Shipping and Commercial List via FRASER,issues/1848/1848-10-28/p02.jpg
1848-11,1848-11-29,M-1420,Indiana Land Company,Indiana State Fives,,,54.0,transaction,1,10000,all passes agreed,Shipping and Commercial List via FRASER,issues/1848/1848-11-29/p02.jpg
1848-11,1848-11-29,B-1080,New-York and Erie R.R. (consol),Erie R. R. Bonds Sevens,,,89.5,transaction,2,7000,passes disagreed - unverified,Shipping and Commercial List via FRASER,issues/1848/1848-11-29/p02.jpg
1848-11,1848-11-29,T-0840,Erie R.R.,Erie R. R. Scrip,,,60.25,transaction,2,335,passes disagreed - unverified,Shipping and Commercial List via FRASER,issues/1848/1848-11-29/p02.jpg
1848-11,1848-11-29,T-1010,Harlem R.R. Scrip,Harlem R. R.,,,48.5,transaction,3,2900,passes disagreed - unverified,Shipping and Commercial List via FRASER,issues/1848/1848-11-29/p02.jpg
1848-11,1848-11-29,B-1086,NY and N. Haven 1860,N. York & N. Haven R. R.,,,83.0,transaction,1,56,all passes agreed,Shipping and Commercial List via FRASER,issues/1848/1848-11-29/p02.jpg
1848-11,1848-11-29,B-0520,Eastern 6s 1874,"U. States Sixes, 1867",,,107.25,transaction,2,17200,all passes agreed,Shipping and Commercial List via FRASER,issues/1848/1848-11-29/p02.jpg
1848-11,1848-11-29,B-1550,Reading R.R. bonds,Reading R. R. Bonds,,,57.0,transaction,1,6000,all passes agreed,Shipping and Commercial List via FRASER,issues/1848/1848-11-29/p02.jpg
1848-11,1848-11-29,B-0856,Long Island R.R.,Long Island R. R.,,,18.0,transaction,1,500,all passes agreed,Shipping and Commercial List via FRASER,issues/1848/1848-11-29/p02.jpg
1848-11,1848-11-29,B-1404,Reading R.R. Mort,Reading R. R.,,,26.0,transaction,1,300,all passes agreed,Shipping and Commercial List via FRASER,issues/1848/1848-11-29/p02.jpg
1848-11,1848-11-29,T-1740,Norwich and Wor. R.R. scrip,Nor. & Wor. R. R.,,,31.0,transaction,1,57,all passes agreed,Shipping and Commercial List via FRASER,issues/1848/1848-11-29/p02.jpg
1848-11,1848-11-29,T-1390,Mohawk Rail Rd,Mohawk R. R.,,,75.0,transaction,1,250,all passes agreed,Shipping and Commercial List via FRASER,issues/1848/1848-11-29/p02.jpg
1848-11,1848-11-29,M-0660,Canton Company,Canton Co.,,,30.0,transaction,1,450,all passes agreed,Shipping and Commercial List via FRASER,issues/1848/1848-11-29/p02.jpg
1848-11,1848-11-29,B-0466,Cuba 6's 1860,"U. States Sixes, 1868",,,107.25,transaction,1,26000,all passes agreed,Shipping and Commercial List via FRASER,issues/1848/1848-11-29/p02.jpg
1848-12,1848-12-30,B-0466,Cuba 6's 1860,"U. States Sixes, 1868",,,107.2083,transaction,3,25000,passes disagreed - unverified,Shipping and Commercial List via FRASER,issues/1848/1848-12-30/p02.jpg
1848-12,1848-12-30,B-1610,Rutland 6s 1855,"U. States Sixes, 1856",,,103.5,transaction,1,4000,all passes agreed,Shipping and Commercial List via FRASER,issues/1848/1848-12-30/p02.jpg
1848-12,1848-12-30,B-2110,U.S. Water Company 5s,U. S. Treasury Notes,,,106.5,transaction,3,27850,passes disagreed - unverified,Shipping and Commercial List via FRASER,issues/1848/1848-12-30/p02.jpg
1848-12,1848-12-30,B-1120,Northern 6s 1864,"Ohio Sixes, 1860",,,101.0,transaction,1,800,all passes agreed,Shipping and Commercial List via FRASER,issues/1848/1848-12-30/p02.jpg
1848-12,1848-12-30,B-1120,Northern 6s 1864,"Ohio Sixes, 1856",,,100.5,transaction,1,1600,all passes agreed,Shipping and Commercial List via FRASER,issues/1848/1848-12-30/p02.jpg
1848-12,1848-12-30,B-1430,Reading 6s r. 1850,"Ohio Sixes, 1850",,,98.5,transaction,1,800,all passes agreed,Shipping and Commercial List via FRASER,issues/1848/1848-12-30/p02.jpg
1848-12,1848-12-30,T-1870,Pennsylvania R.R.,Pennsylvania Fives,,,78.4167,transaction,3,55600,passes disagreed - unverified,Shipping and Commercial List via FRASER,issues/1848/1848-12-30/p02.jpg
1848-12,1848-12-30,B-0620,Illinois Central 6s,Illinois Fund Bonds,,,46.0,transaction,1,1000,all passes agreed,Shipping and Commercial List via FRASER,issues/1848/1848-12-30/p02.jpg
1848-12,1848-12-30,M-1420,Indiana Land Company,Indiana State Fives,,,56.0,transaction,1,3000,all passes agreed,Shipping and Commercial List via FRASER,issues/1848/1848-12-30/p02.jpg
1848-12,1848-12-30,B-1080,New-York and Erie R.R. (consol),Erie R. R. Bonds,,,91.0,transaction,2,5000,all passes agreed,Shipping and Commercial List via FRASER,issues/1848/1848-12-30/p02.jpg
1848-12,1848-12-30,F-1930,New York,Bank of New-York,,,120.25,transaction,1,10,passes disagreed - unverified,Shipping and Commercial List via FRASER,issues/1848/1848-12-30/p02.jpg
1848-12,1848-12-30,T-1420,Morris Canal,Morris Canal Co.,,,8.3333,transaction,3,260,passes disagreed - unverified,Shipping and Commercial List via FRASER,issues/1848/1848-12-30/p02.jpg
1848-12,1848-12-30,B-1071,New York Life & Trusts,Farmers' Trust Co.,,,30.7083,transaction,3,2500,passes disagreed - unverified,Shipping and Commercial List via FRASER,issues/1848/1848-12-30/p02.jpg
1848-12,1848-12-30,T-0840,Erie R.R.,Erie R. R. Scrip,,,61.3333,transaction,3,330,passes disagreed - unverified,Shipping and Commercial List via FRASER,issues/1848/1848-12-30/p02.jpg
1848-12,1848-12-30,T-1010,Harlem R.R. Scrip,Harlem R. R.,,,56.375,transaction,3,3625,passes disagreed - unverified,Shipping and Commercial List via FRASER,issues/1848/1848-12-30/p02.jpg
1848-12,1848-12-30,B-0856,Long Island R.R.,Long Island R. R.,,,22.4167,transaction,3,1000,all passes agreed,Shipping and Commercial List via FRASER,issues/1848/1848-12-30/p02.jpg
1848-12,1848-12-30,M-0660,Canton Company,Canton Co.,,,34.6667,transaction,3,1675,passes disagreed - unverified,Shipping and Commercial List via FRASER,issues/1848/1848-12-30/p02.jpg
1848-12,1848-12-30,B-2040,Vermont Central 6s 1856,"United States Sixes, 1856",,,103.5,transaction,1,3000,all passes agreed,Shipping and Commercial List via FRASER,issues/1848/1848-12-30/p02.jpg
1848-12,1848-12-30,B-1864,Tennessee Planters 9 1870,Tennessee Sixes,,,99.0,transaction,1,1000,all passes agreed,Shipping and Commercial List via FRASER,issues/1848/1848-12-30/p02.jpg
1848-12,1848-12-30,F-0150,Bank of America,Bank of America,,,98.0,transaction,1,17,all passes agreed,Shipping and Commercial List via FRASER,issues/1848/1848-12-30/p02.jpg
1848-12,1848-12-30,B-1404,Reading R.R. Mort,Reading R. R.,,,28.5,transaction,2,1950,all passes agreed,Shipping and Commercial List via FRASER,issues/1848/1848-12-30/p02.jpg
1848-12,1848-12-30,B-1550,Reading R.R. bonds,Reading R. R. Bonds,,,56.5,transaction,1,1000,all passes agreed,Shipping and Commercial List via FRASER,issues/1848/1848-12-30/p02.jpg
1848-12,1848-12-30,B-1550,Reading R.R. bonds,Reading R. R. Mort. Bonds,,,64.5,transaction,1,2000,all passes agreed,Shipping and Commercial List via FRASER,issues/1848/1848-12-30/p02.jpg
1848-12,1848-12-30,F-1500,Mechanics,Mechanics' Bank,,,105.5,transaction,1,28,all passes agreed,Shipping and Commercial List via FRASER,issues/1848/1848-12-30/p02.jpg
1848-12,1848-12-30,B-1071,New York Life & Trusts,N. A. Trust & Bkg. Co.,,,9.375,transaction,1,100,passes disagreed - unverified,Shipping and Commercial List via FRASER,issues/1848/1848-12-30/p02.jpg
1848-12,1848-12-30,T-1080,Hudson River,Hudson River R. R.,,,55.0,transaction,1,10,all passes agreed,Shipping and Commercial List via FRASER,issues/1848/1848-12-30/p02.jpg
1848-12,1848-12-30,T-1050,Housatonic,Housatonic R. R.,,,28.125,transaction,1,15,passes disagreed - unverified,Shipping and Commercial List via FRASER,issues/1848/1848-12-30/p02.jpg
