year,unique_id,name,sector,sector_fine,price_t,price_tm1,shares_tm1,dividend_usd,cap_ap,income,total_return,mktcap_tm1,outlier_flag
1871,401,Shanghai Gas Co.,Industrial,Utilities,213.143872,165.060082,,17.761989,0.291311,0.107609,0.398920,,False
1871,402,Compagnie du Gaz (also known as the French Gas company in this case),Industrial,Utilities,93.250444,69.985475,,7.400829,0.332426,0.105748,0.438174,,False
1871,300,Shanghai Dock Co.,Docks & Wharves,Docks & Shipbuilding,310.834813,174.303446,,29.603316,0.783297,0.169838,0.953135,,False
1871,301,Pootung Dock Co.,Docks & Wharves,Docks & Shipbuilding,2220.248668,1320.480655,,,0.681394,0.000000,0.681394,,False
1871,201,Shanghai Steam Navigation Co.,Shipping,Steam Navigation,283.451747,147.893833,,17.761989,0.916589,0.120100,1.036689,,False
1871,203,North-China Steamer Company,Shipping,Steam Navigation,111.012433,145.252872,,,-0.235730,0.000000,-0.235730,,False
1871,204,"China Sea, Saigon Straits S.S.Co",Shipping,Steam Navigation,55.506217,39.548396,,,0.403501,0.000000,0.403501,,False
1871,205,China and Straits S.N.Co,Shipping,Steam Navigation,27.753108,33.012016,,,-0.159303,0.000000,-0.159303,,False
1871,206,Shanghai Tug and Lighter Company,Shipping,Tugs & Lighters,592.066311,396.144196,,62.907046,0.494573,0.158798,0.653371,,False
1871,601,"Hongkong Fire In. Co.,Limited",Insurance,Fire Insurance,638.321492,494.354945,,26.642984,0.291221,0.053894,0.345115,,False
1871,602,"China Fire In. Co.,Limited",Insurance,Fire Insurance,185.390764,173.024231,,13.321492,0.071473,0.076992,0.148465,,False
1871,603,Victoria Fire Insurance Co. (Limited),Insurance,Fire Insurance,190.941385,143.362934,,13.321492,0.331874,0.092921,0.424796,,False
1871,101,Agra Bank,Banking,Banks,36.570000,53.559000,,3.900800,-0.317202,0.072832,-0.244370,,False
1871,103,"Chartered Bank of of India, Australia and China",Banking,Banks,68.264000,68.166000,,5.851200,0.001438,0.085838,0.087275,,False
1871,104,"Chartered Mercantile Bank of of India, London and China",Banking,Banks,121.900000,111.987000,,7.314000,0.088519,0.065311,0.153830,,False
1871,105,Oriental Bank,Banking,Banks,219.420000,199.629000,,14.628000,0.099139,0.073276,0.172415,,False
1871,106,Hongkong & Shanghai Banking Corporation,Banking,Banks,209.813499,156.957695,,16.651865,0.336752,0.106091,0.442843,,False
1871,1001,Shanghai Racquet Club,Miscellaneous,Entertainment,29.603316,105.638452,,8.880995,-0.719768,0.084070,-0.635698,,False
1871,1003,Soochow Bridge Co,Miscellaneous,General Miscellaneous,296.033156,264.096131,,22.202487,0.120930,0.084070,0.204999,,False
1871,1004,Recreation Fund,Miscellaneous,Entertainment,88.809947,15.819358,,0.000000,4.614004,0.000000,4.614004,,False
1871,501,"China Traders' Insurance Co.,Limited",Insurance,Marine Insurance,555.062167,2570.645715,,527.309059,-0.784077,0.205127,-0.578950,,False
1871,502,North-China Ins. Co.,Insurance,Marine Insurance,680.876258,693.252344,,,-0.017852,0.000000,-0.017852,,False
1871,503,Union In. Society of Canton,Insurance,Marine Insurance,2775.310835,2175.161759,,,0.275910,0.000000,0.275910,,False
1871,504,Yangtsze Insurance Assocation,Insurance,Marine Insurance,1406.157490,944.143668,,111.012433,0.489347,0.117580,0.606927,,False
1871,505,China and Japan Marine Insurance Co.,Insurance,Marine Insurance,205.743043,244.288921,,17.761989,-0.157788,0.072709,-0.085079,,False
1872,401,Shanghai Gas Co.,Industrial,Utilities,222.452914,213.143872,,17.796233,0.043675,0.083494,0.127169,,False
1872,402,Compagnie du Gaz (also known as the French Gas company in this case),Industrial,Utilities,88.981166,93.250444,,7.415097,-0.045783,0.079518,0.033735,,False
1872,300,Shanghai Dock Co.,Docks & Wharves,Docks & Shipbuilding,311.434080,310.834813,,29.660389,0.001928,0.095422,0.097350,,False
1872,201,Shanghai Steam Navigation Co.,Shipping,Steam Navigation,196.129319,283.451747,,17.796233,-0.308068,0.062784,-0.245284,,False
1872,203,North-China Steamer Company,Shipping,Steam Navigation,81.566069,111.012433,,,-0.265253,0.000000,-0.265253,,False
1872,204,"China Sea, Saigon Straits S.S.Co",Shipping,Steam Navigation,54.171734,55.506217,,6.771467,-0.024042,0.121995,0.097953,,False
1872,206,Shanghai Tug and Lighter Company,Shipping,Tugs & Lighters,852.736171,592.066311,,126.056651,0.440271,0.212910,0.653181,,False
1872,601,"Hongkong Fire In. Co.,Limited",Insurance,Fire Insurance,626.360670,638.321492,,27.085867,-0.018738,0.042433,0.023695,,False
1872,602,"China Fire In. Co.,Limited",Insurance,Fire Insurance,154.615156,185.390764,,13.542933,-0.166004,0.073051,-0.092953,,False
1872,603,Victoria Fire Insurance Co. (Limited),Insurance,Fire Insurance,156.872312,190.941385,,13.542933,-0.178427,0.070927,-0.107500,,False
1872,106,Hongkong & Shanghai Banking Corporation,Banking,Banks,84.643334,209.813499,,16.928667,-0.596578,0.080684,-0.515894,,False
1872,501,"China Traders' Insurance Co.,Limited",Insurance,Marine Insurance,2595.728904,555.062167,,507.860003,3.676465,0.914961,4.591426,,False
1872,502,North-China Ins. Co.,Insurance,Marine Insurance,697.019131,680.876258,,,0.023709,0.000000,0.023709,,False
1872,503,Union In. Society of Canton,Insurance,Marine Insurance,2539.300015,2775.310835,,,-0.085039,0.000000,-0.085039,,False
1872,504,Yangtsze Insurance Association,Insurance,Marine Insurance,1108.500000,1406.157490,,111.226457,-0.211681,0.079100,-0.132582,,False
1872,505,China and Japan Marine Insurance Co.,Insurance,Marine Insurance,206.139700,205.743043,,17.796233,0.001928,0.086497,0.088425,,False
1872,506,"Chinese Insurance Co.,Limited",Insurance,Marine Insurance,299.073113,405.195382,,27.085867,-0.261904,0.066846,-0.195058,,False
1873,401,Shanghai Gas Co.,Industrial,Utilities,195.149150,222.452914,,16.727070,-0.122740,0.075194,-0.047546,,False
1873,402,Compagnie du Gaz (also known as the French Gas company in this case),Industrial,Utilities,87.817117,88.981166,,7.666574,-0.013082,0.086160,0.073078,,False
1873,403,Hongkong & China Gas Co. (Limited),Industrial,Utilities,67.002370,73.357556,,4.876000,-0.086633,0.066469,-0.020164,,False
1873,300,Shanghai Dock Co.,Docks & Wharves,Docks & Shipbuilding,285.754112,311.434080,,27.878450,-0.082457,0.089516,0.007059,,False
1873,703,Shanghai & H'kew Wharf Co.,Docks & Wharves,Wharves & Godowns,163.088932,225.418953,,16.727070,-0.276507,0.074204,-0.202303,,False
1873,201,Shanghai Steam Navigation Co.,Shipping,Steam Navigation,157.513242,196.129319,,16.727070,-0.196891,0.085286,-0.111605,,False
1873,202,Union Steam Navigation Company,Shipping,Steam Navigation,97.574575,148.301943,,16.727070,-0.342055,0.112791,-0.229264,,False
1873,203,North-China Steamer Company,Shipping,Steam Navigation,55.756900,81.566069,,,-0.316420,0.000000,-0.316420,,False
1873,206,Shanghai Tug and Lighter Company,Shipping,Tugs & Lighters,696.961249,852.736171,,142.180095,-0.182677,0.166734,-0.015943,,False
1873,601,"Hongkong Fire In. Co.,Limited",Insurance,Fire Insurance,572.097156,626.360670,,24.739336,-0.086633,0.039497,-0.047136,,False
1873,602,"China Fire In. Co.,Limited",Insurance,Fire Insurance,137.097156,154.615156,,12.369668,-0.113301,0.080003,-0.033298,,False
1873,603,Victoria Fire Insurance Co. (Limited),Insurance,Fire Insurance,126.789100,156.872312,,12.369668,-0.191769,0.078852,-0.112917,,False
1873,106,Hongkong & Shanghai Banking Corporation,Banking,Banks,186.977279,84.643334,,22.437273,1.209002,0.265080,1.474082,,False
1873,1005,Shanghai and Pootung Foundry Co.,Miscellaneous,General Miscellaneous,80.847505,148.301943,,,-0.454845,0.000000,-0.454845,,False
1873,501,"China Traders' Insurance Co.,Limited",Insurance,Marine Insurance,2010.071090,2595.728904,,257.701422,-0.225624,0.099279,-0.126345,,False
1873,502,North-China Ins. Co.,Insurance,Marine Insurance,557.568999,697.019131,,,-0.200066,0.000000,-0.200066,,False
1873,503,Union In. Society of Canton,Insurance,Marine Insurance,1906.990521,2539.300015,,,-0.249009,0.000000,-0.249009,,False
1873,504,Yangtsze Insurance Association,Insurance,Marine Insurance,1010.593811,1108.500000,,104.544187,-0.088323,0.094311,0.005988,,False
1873,505,China and Japan Marine Insurance Co.,Insurance,Marine Insurance,135.210482,206.139700,,16.727070,-0.344083,0.081144,-0.262939,,False
1873,506,"Chinese Insurance Co.,Limited",Insurance,Marine Insurance,192.760664,299.073113,,24.739336,-0.355473,0.082720,-0.272753,,False
1874,401,Shanghai Gas Co.,Industrial,Utilities,202.931229,195.149150,,8.455468,0.039878,0.043328,0.083206,,False
1874,402,Compagnie du Gaz (also known as the French Gas company in this case),Industrial,Utilities,98.647125,87.817117,,3.523112,0.123325,0.040119,0.163443,,False
1874,300,Shanghai Dock Co.,Docks & Wharves,Docks & Shipbuilding,288.895152,285.754112,,14.092446,0.010992,0.049317,0.060309,,False
1874,301,Pootung Dock Co.,Docks & Wharves,Docks & Shipbuilding,119.785795,132.422637,,7.046223,-0.095428,0.053210,-0.042218,,False
1874,703,Shanghai & H'kew Wharf Co.,Docks & Wharves,Wharves & Godowns,126.832018,163.088932,,5.636979,-0.222314,0.034564,-0.187750,,False
1874,201,Shanghai Steam Navigation Co.,Shipping,Steam Navigation,112.739572,157.513242,,5.636979,-0.284253,0.035787,-0.248466,,False
1874,202,Union Steam Navigation Company,Shipping,Steam Navigation,29.594138,97.574575,,,-0.696702,0.000000,-0.696702,,False
1874,203,North-China Steamer Company,Shipping,Steam Navigation,11.273957,55.756900,,,-0.797802,0.000000,-0.797802,,False
1874,206,Shanghai Tug and Lighter Company,Shipping,Tugs & Lighters,845.546787,696.961249,,71.871477,0.213191,0.103121,0.316312,,False
1874,209,China Coast Steam Navigation Co.,Shipping,Steam Navigation,102.874859,93.392807,,5.989290,0.101529,0.064130,0.165659,,False
1874,601,"Hongkong Fire In. Co.,Limited",Insurance,Fire Insurance,550.838501,572.097156,,60.904030,-0.037159,0.106457,0.069298,,False
1874,602,"China Fire In. Co.,Limited",Insurance,Fire Insurance,139.268602,137.097156,,6.235908,0.015839,0.045485,0.061324,,False
1874,603,Victoria Fire Insurance Co. (Limited),Insurance,Fire Insurance,130.954059,126.789100,,6.235908,0.032850,0.049183,0.082033,,False
1874,106,Hongkong & Shanghai Banking Corporation,Banking,Banks,132.513036,186.977279,,5.196590,-0.291288,0.027793,-0.263495,,False
1874,501,"China Traders' Insurance Co.,Limited",Insurance,Marine Insurance,1532.993940,2010.071090,,207.863585,-0.237343,0.103411,-0.133932,,False
1874,504,Yangtsze Insurance Association,Insurance,Marine Insurance,859.639233,1010.593811,,52.846674,-0.149372,0.052293,-0.097079,,False
1874,505,China and Japan Marine Insurance Co.,Insurance,Marine Insurance,109.921082,135.210482,,5.636979,-0.187037,0.041690,-0.145347,,False
1874,506,"Chinese Insurance Co.,Limited",Insurance,Marine Insurance,207.863585,192.760664,,12.471815,0.078351,0.064701,0.143052,,False
1875,401,Shanghai Gas Co.,Industrial,Utilities,193.989071,202.931229,,15.027322,-0.044065,0.074051,0.029986,,False
1875,402,Compagnie du Gaz (also known as the French Gas company in this case),Industrial,Utilities,98.360656,98.647125,,7.513661,-0.002904,0.076167,0.073263,,False
1875,300,Shanghai Dock Co.,Docks & Wharves,Docks & Shipbuilding,293.715847,288.895152,,27.322404,0.016687,0.094576,0.111262,,False
1875,301,Pootung Dock Co.,Docks & Wharves,Docks & Shipbuilding,116.120219,119.785795,,13.661202,-0.030601,0.114047,0.083446,,False
1875,703,Shanghai & H'kew Wharf Co.,Docks & Wharves,Wharves & Godowns,131.147541,126.832018,,6.830601,0.034026,0.053855,0.087881,,False
1875,201,Shanghai Steam Navigation Co.,Shipping,Steam Navigation,98.360656,112.739572,,9.562842,-0.127541,0.084822,-0.042719,,False
1875,202,Union Steam Navigation Company,Shipping,Steam Navigation,13.661202,29.594138,,,-0.538381,0.000000,-0.538381,,False
1875,601,"Hongkong Fire In. Co.,Limited",Insurance,Fire Insurance,534.836066,550.838501,,51.255123,-0.029051,0.093049,0.063998,,False
1875,602,"China Fire In. Co.,Limited",Insurance,Fire Insurance,144.603825,139.268602,,11.885246,0.038309,0.085340,0.123649,,False
1875,603,Victoria Fire Insurance Co. (Limited),Insurance,Fire Insurance,167.383880,130.954059,,11.885246,0.278188,0.090759,0.368947,,False
1875,106,Hongkong & Shanghai Banking Corporation,Banking,Banks,126.280738,132.513036,,,-0.047032,0.000000,-0.047032,,False
1875,501,"China Traders' Insurance Co.,Limited",Insurance,Marine Insurance,1386.612022,1532.993940,,,-0.095488,0.000000,-0.095488,,False
1875,504,Yangtsze Insurance Association,Insurance,Marine Insurance,836.748634,859.639233,,102.459016,-0.026628,0.119188,0.092560,,False
1875,505,China and Japan Marine Insurance Co.,Insurance,Marine Insurance,146.174863,109.921082,,,0.329816,0.000000,0.329816,,False
1875,506,"Chinese Insurance Co.,Limited",Insurance,Marine Insurance,217.896175,207.863585,,23.770492,0.048265,0.114356,0.162621,,False
1875,507,"North-China Ins. Co., 1872/1874",Insurance,Marine Insurance,0.000000,514.374295,,,-1.000000,0.000000,-1.000000,,True
1875,508,"North-China Ins. Co., 1875/1877",Insurance,Marine Insurance,1120.218579,916.009019,,,0.222934,0.000000,0.222934,,False
1876,401,Shanghai Gas Co.,Industrial,Utilities,191.814129,193.989071,,14.858841,-0.011212,0.076596,0.065385,,False
1876,402,Compagnie du Gaz (also known as the French Gas company in this case),Industrial,Utilities,94.556261,98.360656,,4.727813,-0.038678,0.048066,0.009388,,False
1876,300,Shanghai Dock Co.,Docks & Wharves,Docks & Shipbuilding,283.668783,293.715847,,27.016075,-0.034207,0.091980,0.057774,,False
1876,301,Pootung Dock Co.,Docks & Wharves,Docks & Shipbuilding,108.064298,116.120219,,13.508037,-0.069376,0.116328,0.046952,,False
1876,703,Shanghai & H'kew Wharf Co.,Docks & Wharves,Wharves & Godowns,126.975550,131.147541,,6.754019,-0.031811,0.051499,0.019688,,False
1876,201,Shanghai Steam Navigation Co.,Shipping,Steam Navigation,89.153046,98.360656,,9.455626,-0.093611,0.096132,0.002522,,False
1876,601,"Hongkong Fire In. Co.,Limited",Insurance,Fire Insurance,573.767392,534.836066,,47.325564,0.072791,0.088486,0.161277,,False
1876,602,"China Fire In. Co.,Limited",Insurance,Fire Insurance,169.056464,144.603825,,12.295016,0.169101,0.085026,0.254126,,False
1876,1001,Shanghai Racquet Club,Miscellaneous,Entertainment,121.572336,136.612022,,,-0.110091,0.000000,-0.110091,,False
1876,106,Hongkong & Shanghai Banking Corporation,Banking,Banks,149.533973,126.280738,,3.842192,0.184139,0.030426,0.214565,,False
1876,501,"China Traders' Insurance Co.,Limited",Insurance,Marine Insurance,1618.843712,1386.612022,,,0.167481,0.000000,0.167481,,False
1876,503,Union In. Society of Canton Limited,Insurance,Marine Insurance,742.823855,693.306011,,,0.071423,0.000000,0.071423,,False
1876,504,Yangtsze Insurance Association,Insurance,Marine Insurance,837.498311,836.748634,,101.310280,0.000896,0.121076,0.121972,,False
1876,505,China and Japan Marine Insurance Co.,Insurance,Marine Insurance,6.754019,146.174863,,,-0.953795,0.000000,-0.953795,,True
1876,506,"Chinese Insurance Co.,Limited",Insurance,Marine Insurance,215.162772,217.896175,,24.590031,-0.012545,0.112852,0.100308,,False
1876,508,"North-China Ins. Co., 1875/1877",Insurance,Marine Insurance,1181.953262,1120.218579,,,0.055109,0.000000,0.055109,,False
1877,201,Shanghai Steam Navigation Co. (in liquidation),Shipping,Steam Navigation,35.145267,89.153046,,100.415049,-0.605787,1.126322,0.520535,,False
1877,106,Hongkong & Shanghai Banking Corporation,Banking,Banks,191.198621,149.533973,,4.865000,0.278630,0.032534,0.311164,,False
1877,300,Shanghai Dock Co.,Docks & Wharves,Docks & Shipbuilding,301.245147,283.668783,,13.388673,0.061961,0.047198,0.109159,,False
1877,301,Pootung Dock Co.,Docks & Wharves,Docks & Shipbuilding,120.498059,108.064298,,6.694337,0.115059,0.061948,0.177007,,False
1877,209,China Coast Steam Navigation Co.,Shipping,Steam Navigation,103.092784,81.048224,,3.347168,0.271993,0.041298,0.313292,,False
1877,401,Shanghai Gas Co.,Industrial,Utilities,196.813496,191.814129,,6.694337,0.026064,0.034900,0.060964,,False
1877,402,Compagnie du Gaz,Industrial,Utilities,95.059580,94.556261,,3.347168,0.005323,0.035399,0.040722,,False
1877,501,"China Traders' Insurance Co.,Limited",Insurance,Marine Insurance,2834.382113,1618.843712,,175.927166,0.750868,0.108675,0.859543,,False
1877,602,"China Fire In. Co.,Limited",Insurance,Fire Insurance,171.040300,169.056464,,11.728478,0.011735,0.069376,0.081111,,False
1877,503,Union In. Society of Canton Limited,Insurance,Marine Insurance,1075.110457,742.823855,,,0.447329,0.000000,0.447329,,False
1877,504,Yangtsze Insurance Association,Insurance,Marine Insurance,870.263757,837.498311,,35.145267,0.039123,0.041965,0.081088,,False
1877,601,"Hongkong Fire In. Co.,Limited",Insurance,Fire Insurance,669.500602,573.767392,,46.425224,0.166850,0.080913,0.247763,,False
1877,506,"Chinese Insurance Co.,Limited",Insurance,Marine Insurance,341.411166,215.162772,,11.728478,0.586758,0.054510,0.641267,,False
1877,508,"North-China Ins. Co., 1875/1877",Insurance,Marine Insurance,1151.425894,1181.953262,,93.720712,-0.025828,0.079293,0.053465,,False
1877,703,Shanghai & H'kew Wharf Co.,Docks & Wharves,Wharves & Godowns,109.465792,126.975550,,5.240000,-0.137899,0.041268,-0.096631,,False
1878,201,Shanghai Steam Navigation Co. (in liquidation),Shipping,Steam Navigation,21.483887,35.145267,22500.000000,2.498126,-0.388712,0.071080,-0.317632,790768.509841,False
1878,106,Hongkong & Shanghai Banking Corporation,Banking,Banks,113.898951,191.198621,40000.000000,4.870000,-0.404290,0.025471,-0.378819,7647944.838666,False
1878,300,Shanghai Dock Co.,Docks & Wharves,Docks & Shipbuilding,306.020485,301.245147,440.000000,12.490632,0.015852,0.041463,0.057315,132547.864507,False
1878,301,Pootung Dock Co.,Docks & Wharves,Docks & Shipbuilding,121.159131,120.498059,950.000000,6.245316,0.005486,0.051829,0.057315,114473.155710,False
1878,209,China Coast Steam Navigation Co.,Shipping,Steam Navigation,127.404447,103.092784,5000.000000,8.743442,0.235823,0.084811,0.320635,515463.917526,False
1878,401,Shanghai Gas Co.,Industrial,Utilities,187.359480,196.813496,1500.000000,6.245316,-0.048035,0.031732,-0.016303,295220.243674,False
1878,402,Compagnie du Gaz,Industrial,Utilities,199.850112,95.059580,1000.000000,6.869848,1.102367,0.072269,1.174636,95059.579596,False
1878,501,"China Traders' Insurance Co.,Limited",Insurance,Marine Insurance,1412.346990,2834.382113,200.000000,54.671496,-0.501709,0.019289,-0.482420,566876.422547,False
1878,602,"China Fire In. Co.,Limited",Insurance,Fire Insurance,191.350237,171.040300,4000.000000,10.934299,0.118744,0.063928,0.182672,684161.199625,False
1878,503,Union In. Society of Canton Limited,Insurance,Marine Insurance,1549.025731,1075.110457,500.000000,95.026224,0.440806,0.088387,0.529194,537555.228277,False
1878,504,Yangtsze Insurance Association,Insurance,Marine Insurance,905.570822,870.263757,1200.000000,26.230327,0.040571,0.030141,0.070711,1044316.508234,False
1878,601,"Hongkong Fire In. Co.,Limited",Insurance,Fire Insurance,815.516488,669.500602,2000.000000,51.710124,0.218097,0.077237,0.295334,1339001.204981,False
1878,506,"Chinese Insurance Co.,Limited",Insurance,Marine Insurance,300.693230,341.411166,1500.000000,10.934299,-0.119264,0.032027,-0.087237,512116.749230,False
1878,703,Shanghai & H'kew Wharf Co.,Docks & Wharves,Wharves & Godowns,189.233075,109.465792,2150.000000,6.245316,0.728696,0.057053,0.785749,235351.452671,False
1878,508,"North-China Ins. Co., 1875/1877",Insurance,Marine Insurance,37.471896,1151.425894,1000.000000,174.868848,-0.967456,0.151872,-0.815585,1151425.893694,True
1879,201,Shanghai Steam Navigation Co. (in liquidation),Shipping,Steam Navigation,12.970498,21.483887,22500.000000,2.543235,-0.396269,0.118379,-0.277890,483387.459405,False
1879,106,Hongkong & Shanghai Banking Corporation,Banking,Banks,188.927788,113.898951,40000.000000,4.850000,0.658732,0.042582,0.701313,4555958.031476,False
1879,300,Shanghai Dock Co.,Docks & Wharves,Docks & Shipbuilding,305.188199,306.020485,440.000000,12.716175,-0.002720,0.041553,0.038834,134649.013240,False
1879,301,Pootung Dock Co.,Docks & Wharves,Docks & Shipbuilding,111.902340,121.159131,950.000000,6.358087,-0.076402,0.052477,-0.023925,115101.174119,False
1879,209,China Coast Steam Navigation Co.,Shipping,Steam Navigation,138.606307,127.404447,5000.000000,11.444557,0.087924,0.089829,0.177752,637022.233325,False
1879,401,Shanghai Gas Co.,Industrial,Utilities,179.298067,187.359480,1500.000000,6.358087,-0.043026,0.033935,-0.009091,281039.220585,False
1879,211,Shanghai Tug Boat Association,Shipping,Tugs & Lighters,158.952187,156.132900,900.000000,5.086470,0.018057,0.032578,0.050635,140519.610292,False
1879,402,Compagnie du Gaz,Industrial,Utilities,185.656155,199.850112,500.000000,6.993896,-0.071023,0.034996,-0.036027,99925.056208,False
1879,501,"China Traders' Insurance Co.,Limited",Insurance,Marine Insurance,1243.872393,1412.346990,600.000000,84.489446,-0.119287,0.059822,-0.059465,847408.193855,False
1879,503,Union In. Society of Canton Limited,Insurance,Marine Insurance,1267.341684,1549.025731,500.000000,180.150273,-0.181846,0.116299,-0.065547,774512.865351,False
1879,504,Yangtsze Insurance Association,Insurance,Marine Insurance,940.996948,905.570822,1200.000000,26.703967,0.039120,0.029489,0.068609,1086684.986260,False
1879,601,"Hongkong Fire In. Co.,Limited",Insurance,Fire Insurance,783.874301,815.516488,2000.000000,54.401815,-0.038800,0.066708,0.027908,1631032.975269,False
1879,506,"Chinese Insurance Co.,Limited",Insurance,Marine Insurance,291.019201,300.693230,1500.000000,11.265259,-0.032172,0.037464,0.005292,451039.845116,False
1879,602,"China Fire In. Co.,Limited",Insurance,Fire Insurance,220.611330,191.350237,4000.000000,11.265259,0.152919,0.058872,0.211791,765400.949288,False
1879,703,Shanghai & H'kew Wharf Co.,Docks & Wharves,Wharves & Godowns,192.014242,189.233075,2150.000000,6.358087,0.014697,0.033599,0.048296,406851.111666,False
1880,503,Union In. Society of Canton Limited,Insurance,Marine Insurance,1359.196461,1267.341684,500.000000,152.773682,0.072478,0.120547,0.193025,633670.841811,False
1880,201,Shanghai Steam Navigation Co. (in liquidation),Shipping,Steam Navigation,1.412950,12.970498,22500.000000,2.457304,-0.891064,0.189453,-0.701611,291836.215666,False
1880,106,Hongkong & Shanghai Banking Corporation,Banking,Banks,195.950823,188.927788,40000.000000,6.062500,0.037173,0.032089,0.069262,7557111.520855,False
1880,300,Shanghai Dock Co.,Docks & Wharves,Docks & Shipbuilding,301.019781,305.188199,440.000000,12.286522,-0.013659,0.040259,0.026600,134282.807731,False
1880,301,Pootung Dock Co.,Docks & Wharves,Docks & Shipbuilding,107.507065,111.902340,950.000000,6.143261,-0.039278,0.054898,0.015621,106307.222787,False
1880,209,China Coast Steam Navigation Co.,Shipping,Steam Navigation,178.154564,138.606307,5000.000000,3.685957,0.285328,0.026593,0.311921,693031.536114,False
1880,401,Shanghai Gas Co.,Industrial,Utilities,170.168325,179.298067,1500.000000,6.143261,-0.050919,0.034263,-0.016657,268947.100712,False
1880,211,Shanghai Tug Boat Association,Shipping,Tugs & Lighters,147.438260,158.952187,900.000000,2.457304,-0.072436,0.015459,-0.056977,143056.968464,False
1880,402,Compagnie du Gaz,Industrial,Utilities,175.082934,185.656155,500.000000,6.757587,-0.056951,0.036398,-0.020552,92828.077314,False
1880,501,"China Traders' Insurance Co.,Limited",Insurance,Marine Insurance,1268.583364,1243.872393,600.000000,90.613097,0.019866,0.072848,0.092714,746323.435910,False
1880,502,"North-China Ins. Co.,",Insurance,Marine Insurance,1382.233690,1430.569685,1000.000000,92.148913,-0.033788,0.064414,0.030626,1430569.684639,False
1880,504,Yangtsze Insurance Association,Insurance,Marine Insurance,909.202605,940.996948,1200.000000,25.801696,-0.033788,0.027420,-0.006368,1129196.337742,False
1880,601,"Hongkong Fire In. Co.,Limited",Insurance,Fire Insurance,824.579187,783.874301,2000.000000,38.963632,0.051928,0.049706,0.101634,1567748.601221,False
1880,506,"Chinese Insurance Co.,Limited",Insurance,Marine Insurance,277.779375,291.019201,1500.000000,10.873572,-0.045495,0.037364,-0.008131,436528.802136,False
1880,602,"China Fire In. Co.,Limited",Insurance,Fire Insurance,238.312446,220.611330,4000.000000,10.873572,0.080237,0.049288,0.129525,882445.320448,False
1880,703,Shanghai & H'kew Wharf Co.,Docks & Wharves,Wharves & Godowns,199.041651,192.014242,2150.000000,6.143261,0.036598,0.031994,0.068592,412830.620549,False
1881,401,Shanghai Gas Co.,Industrial,Utilities,189.889179,170.168325,1500.000000,7.471050,0.115890,0.043904,0.159794,255252.488021,False
1881,402,Compagnie du Gaz,Industrial,Utilities,189.889179,175.082934,500.000000,6.848462,0.084567,0.039116,0.123683,87541.467011,False
1881,300,Shanghai Dock Co.,Docks & Wharves,Docks & Shipbuilding,305.067862,301.019781,440.000000,12.451749,0.013448,0.041365,0.054813,132448.703772,False
1881,301,Pootung Dock Co.,Docks & Wharves,Docks & Shipbuilding,103.972108,107.507065,950.000000,6.225875,-0.032881,0.057911,0.025030,102131.711512,False
1881,703,Shanghai & H'kew Wharf Co.,Docks & Wharves,Wharves & Godowns,230.357365,199.041651,2150.000000,6.225875,0.157332,0.031279,0.188612,427939.550313,False
1881,201,Shanghai Steam Navigation Co. (in liquidation),Shipping,Steam Navigation,1.120657,1.412950,22500.000000,2.490350,-0.206867,1.762518,1.555651,31791.374862,False
1881,209,China Coast Steam Navigation Co.,Shipping,Steam Navigation,201.718341,178.154564,5000.000000,9.961400,0.132266,0.055914,0.188180,890772.822214,False
1881,211,Shanghai Tug Boat Association,Shipping,Tugs & Lighters,136.969244,147.438260,900.000000,2.490350,-0.071006,0.016891,-0.054115,132694.434206,False
1881,212,China Shipowners' Association,Shipping,Steam Navigation,112.065745,122.865217,1380.000000,7.471050,-0.087897,0.060807,-0.027090,169553.999263,False
1881,601,"Hongkong Fire In. Co.,Limited",Insurance,Fire Insurance,858.657079,824.579187,2000.000000,65.907733,0.041328,0.079929,0.121257,1649158.373265,False
1881,602,"China Fire In. Co.,Limited",Insurance,Fire Insurance,273.841987,238.312446,4000.000000,16.709003,0.149088,0.070114,0.219202,953249.784986,False
1881,106,Hongkong & Shanghai Banking Corporation,Banking,Banks,255.276429,195.950823,40000.000000,7.267500,0.302758,0.037088,0.339846,7838032.927878,False
1881,501,"China Traders' Insurance Co.,Limited",Insurance,Marine Insurance,1438.830781,1268.583364,600.000000,92.827792,0.134203,0.073174,0.207377,761150.018430,False
1881,502,"North-China Ins. Co.,",Insurance,Marine Insurance,1463.080563,1382.233690,1000.000000,93.388121,0.058490,0.067563,0.126053,1382233.689642,False
1881,503,Union In. Society of Canton Limited,Insurance,Marine Insurance,1485.244677,1359.196461,500.000000,22.529305,0.092737,0.016575,0.109313,679598.230741,False
1881,504,Yangtsze Insurance Association,Insurance,Marine Insurance,1095.753953,909.202605,1200.000000,26.148674,0.205181,0.028760,0.233941,1091043.125691,False
1881,506,"Chinese Insurance Co.,Limited",Insurance,Marine Insurance,273.841987,277.779375,1500.000000,11.139335,-0.014175,0.040101,0.025927,416669.062500,False
1882,401,Shanghai Gas Co.,Industrial,Utilities,189.700211,189.889179,1500.000000,7.463615,-0.000995,0.039305,0.038310,284833.769145,False
1882,402,Compagnie du Gaz,Industrial,Utilities,180.370693,189.889179,500.000000,6.841647,-0.050127,0.036030,-0.014097,94944.589715,False
1882,801,Commonwealth Consolidated Mining Co. of Arizona,Mining,General Mining,91.211593,649.794546,500.000000,,-0.859630,0.000000,-0.859630,324897.273067,False
1882,300,Shanghai Dock Co.,Docks & Wharves,Docks & Shipbuilding,304.764274,305.067862,440.000000,12.439358,-0.000995,0.040776,0.039781,134229.859295,False
1882,301,Pootung Dock Co.,Docks & Wharves,Docks & Shipbuilding,158.601816,103.972108,950.000000,6.219679,0.525427,0.059821,0.585247,98773.502677,False
1882,703,Shanghai & H'kew Wharf Co.,Docks & Wharves,Wharves & Godowns,348.302028,230.357365,2150.000000,7.463615,0.512007,0.032400,0.544407,495268.335201,False
1882,704,Birt's Wharf Hide-Curing and Wool-Cleaning Company,Docks & Wharves,Wharves & Godowns,310.983953,317.519612,240.000000,12.439358,-0.020583,0.039177,0.018593,76204.706761,False
1882,201,Shanghai Steam Navigation Co. (in liquidation),Shipping,Steam Navigation,1.119542,1.120657,22500.000000,2.487872,-0.000995,2.220011,2.219016,25214.792678,False
1882,211,Shanghai Tug Boat Association,Shipping,Tugs & Lighters,121.905710,136.969244,1000.000000,2.487872,-0.109977,0.018164,-0.091814,136969.244179,False
1882,212,China Shipowners' Association,Shipping,Steam Navigation,83.965667,112.065745,1380.000000,7.463615,-0.250746,0.066600,-0.184146,154650.728427,False
1882,601,"Hongkong Fire In. Co.,Limited",Insurance,Fire Insurance,1030.691006,858.657079,2000.000000,64.760231,0.200352,0.075420,0.275773,1717314.157639,False
1882,602,"China Fire In. Co.,Limited",Insurance,Fire Insurance,305.558838,273.841987,4000.000000,16.418087,0.115822,0.059955,0.175776,1095367.949197,False
1882,106,Hongkong & Shanghai Banking Corporation,Banking,Banks,303.278548,255.276429,40000.000000,7.282500,0.188040,0.028528,0.216568,10211057.153530,False
1882,1007,"Shanghai Waterworks Co.,Ld.",Miscellaneous,Utilities,160.215000,111.435000,5000.000000,,0.437744,0.000000,0.437744,557175.000000,False
1882,1008,Shanghai Tannery Co,Miscellaneous,General Miscellaneous,33.586267,99.613996,1500.000000,,-0.662836,0.000000,-0.662836,149420.993650,False
1882,501,"China Traders' Insurance Co.,Limited",Insurance,Marine Insurance,1413.779699,1438.830781,600.000000,100.332753,-0.017411,0.069732,0.052321,863298.468435,False
1882,502,"North-China Ins. Co.,",Insurance,Marine Insurance,1523.821371,1463.080563,1000.000000,93.295186,0.041516,0.063766,0.105282,1463080.562819,False
1882,503,Union In. Society of Canton Limited,Insurance,Marine Insurance,1687.414479,1485.244677,500.000000,27.363478,0.136119,0.018424,0.154542,742622.338439,False
1882,504,Yangtsze Insurance Association,Insurance,Marine Insurance,1107.102873,1095.753953,1200.000000,26.122652,0.010357,0.023840,0.034197,1314904.744117,False
1882,506,"Chinese Insurance Co.,Limited",Insurance,Marine Insurance,209.786665,273.841987,1500.000000,5.472696,-0.233913,0.019985,-0.213929,410762.980949,False
1883,512,Canton Insurance Office,Insurance,Marine Insurance,97.476533,125.415941,10000.000000,4.533792,-0.222774,0.036150,-0.186624,1254159.410374,False
1883,901,Shanghai Cargo Boat Co.,Shipping,Steam Navigation,225.281602,255.006842,1000.000000,5.006258,-0.116566,0.019632,-0.096935,255006.841647,False
1883,902,Co-operative Cargo Boat Co.,Shipping,Steam Navigation,93.867334,136.832939,1000.000000,0.000000,-0.314000,0.000000,-0.314000,136832.939420,False
1883,401,Shanghai Gas Co.,Industrial,Utilities,204.005006,189.700211,1500.000000,7.509387,0.075407,0.039586,0.114993,284550.317204,False
1883,402,Compagnie du Gaz,Industrial,Utilities,181.476846,180.370693,500.000000,6.883605,0.006133,0.038164,0.044296,90185.346436,False
1883,802,Selangor Tin Mining Co.,Mining,Tin Mining,235.757196,100.332753,2500.000000,0.000000,1.349753,0.000000,1.349753,250831.882075,False
1883,300,Shanghai Dock Co.,Docks & Wharves,Docks & Shipbuilding,306.633292,304.764274,440.000000,12.515645,0.006133,0.041067,0.047199,134096.280632,False
1883,301,Pootung Dock Co.,Docks & Wharves,Docks & Shipbuilding,147.058824,158.601816,950.000000,6.257822,-0.072780,0.039456,-0.033324,150671.725339,False
1883,703,Shanghai & H'kew Wharf Co.,Docks & Wharves,Wharves & Godowns,375.469337,348.302028,2150.000000,13.141427,0.077999,0.037730,0.115729,748849.359373,False
1883,704,Birt's Wharf Hide-Curing and Wool-Cleaning Company,Docks & Wharves,Wharves & Godowns,56.320401,310.983953,240.000000,3.128911,-0.818896,0.010061,-0.808835,74636.148775,False
1883,705,Pootung Wharf & Godown Co.,Docks & Wharves,Wharves & Godowns,116.395494,149.272298,1750.000000,3.754693,-0.220247,0.025153,-0.195094,261226.520712,False
1883,201,Shanghai Steam Navigation Co. (in liquidation),Shipping,Steam Navigation,1.126408,1.119542,22500.000000,2.503129,0.006133,2.235850,2.241983,25189.700211,False
1883,211,Shanghai Tug Boat Association,Shipping,Tugs & Lighters,118.898623,121.905710,1000.000000,3.754693,-0.024667,0.030800,0.006133,121905.709665,False
1883,212,China Shipowners' Association,Shipping,Steam Navigation,93.867334,83.965667,1380.000000,3.754693,0.117925,0.044717,0.162642,115872.620973,False
1883,213,Indo-China Steam Nav. Co.,Shipping,Steam Navigation,36.225000,38.354500,50000.000000,0.000000,-0.055522,0.000000,-0.055522,1917725.000000,False
1883,214,Shanghai Shipping Co.,Shipping,Steam Navigation,1001.251564,1181.739022,150.000000,0.000000,-0.152730,0.000000,-0.152730,177260.853340,False
1883,601,"Hongkong Fire In. Co.,Limited",Insurance,Fire Insurance,326.433041,1030.691006,2000.000000,18.135169,-0.683287,0.017595,-0.665692,2061382.012688,False
1883,602,"China Fire In. Co.,Limited",Insurance,Fire Insurance,63.473091,305.558838,4000.000000,3.264330,-0.792272,0.010683,-0.781589,1222235.352656,False
1883,106,Hongkong & Shanghai Banking Corporation,Banking,Banks,278.828223,303.278548,40000.000000,9.660000,-0.080620,0.031852,-0.048768,12131141.933076,False
1883,1007,"Shanghai Waterworks Co.,Ld.",Miscellaneous,Utilities,142.485000,160.215000,5000.000000,0.000000,-0.110664,0.000000,-0.110664,801075.000000,False
1883,1010,Shanghai Electric Co.,Miscellaneous,Utilities,18.773467,90.185346,500.000000,0.000000,-0.791835,0.000000,-0.791835,45092.673218,False
1883,501,"China Traders' Insurance Co.,Limited",Insurance,Marine Insurance,65.739987,1413.779699,600.000000,4.987171,-0.953501,0.003528,-0.949973,848267.819381,True
1883,502,"North-China Ins. Co.,",Insurance,Marine Insurance,1708.385482,1523.821371,1000.000000,93.867334,0.121119,0.061600,0.182719,1523821.370817,False
1883,503,Union In. Society of Canton Limited,Insurance,Marine Insurance,562.190238,1687.414479,500.000000,16.584612,-0.666833,0.009828,-0.657005,843707.239706,False
1883,504,Yangtsze Insurance Association,Insurance,Marine Insurance,1226.533166,1107.102873,1200.000000,26.282854,0.107876,0.023740,0.131617,1328523.448190,False
1883,506,"Chinese Insurance Co.,Limited",Insurance,Marine Insurance,190.419274,209.786665,1500.000000,7.254068,-0.092319,0.034578,-0.057741,314679.997512,False
1884,512,Canton Insurance Office,Insurance,Marine Insurance,75.613967,97.476533,10000.000000,4.447880,-0.224285,0.045630,-0.178655,974765.331665,False
1884,901,Shanghai Cargo Boat Co.,Shipping,Steam Navigation,210.159721,225.281602,1000.000000,9.607302,-0.067124,0.042646,-0.024479,225281.602003,False
1884,902,Co-operative Cargo Boat Co.,Shipping,Steam Navigation,48.036508,93.867334,1000.000000,3.602738,-0.488251,0.038381,-0.449870,93867.334168,False
1884,401,Shanghai Gas Co.,Industrial,Utilities,210.159721,204.005006,1500.000000,7.205476,0.030169,0.035320,0.065490,306007.509387,False
1884,402,Compagnie du Gaz,Industrial,Utilities,171.130059,181.476846,500.000000,6.605020,-0.057014,0.036396,-0.020618,90738.423029,False
1884,802,Selangor Tin Mining Co.,Mining,Tin Mining,9.785337,235.757196,2500.000000,0.000000,-0.958494,0.000000,-0.958494,589392.991239,True
1884,803,Perak Tin Mining & Smelting Co.,Mining,Tin Mining,31.135163,154.148936,3000.000000,0.000000,-0.798019,0.000000,-0.798019,462446.808511,False
1884,300,Shanghai Dock Co.,Docks & Wharves,Docks & Shipbuilding,360.273808,306.633292,440.000000,12.009127,0.174934,0.039164,0.214098,134918.648310,False
1884,301,Pootung Dock Co.,Docks & Wharves,Docks & Shipbuilding,162.123214,147.058824,950.000000,6.004563,0.102438,0.040831,0.143269,139705.882353,False
1884,703,Shanghai & H'kew Wharf Co.,Docks & Wharves,Wharves & Godowns,177.134622,375.469337,2150.000000,6.004563,-0.528231,0.015992,-0.512239,807259.073842,False
1884,704,Birt's Wharf Hide-Curing and Wool-Cleaning Company,Docks & Wharves,Wharves & Godowns,48.036508,56.320401,2100.000000,3.602738,-0.147085,0.063969,-0.083117,118272.841051,False
1884,705,Pootung Wharf & Godown Co.,Docks & Wharves,Wharves & Godowns,72.054762,116.395494,1750.000000,3.602738,-0.380949,0.030953,-0.349996,203692.115144,False
1884,211,Shanghai Tug Boat Association,Shipping,Tugs & Lighters,102.077579,118.898623,1000.000000,2.401825,-0.141474,0.020201,-0.121273,118898.623279,False
1884,212,China Shipowners' Association,Shipping,Steam Navigation,84.063889,93.867334,1380.000000,3.602738,-0.104439,0.038381,-0.066058,129536.921151,False
1884,213,Indo-China Steam Nav. Co.,Shipping,Steam Navigation,33.950000,36.225000,60000.000000,,-0.062802,0.000000,-0.062802,2173500.000000,False
1884,214,Shanghai Shipping Co.,Shipping,Steam Navigation,848.484848,1001.251564,150.000000,48.036508,-0.152576,0.047976,-0.104599,150187.734668,False
1884,601,"Hongkong Fire In. Co.,Limited",Insurance,Fire Insurance,326.919209,326.433041,8000.000000,17.791522,0.001489,0.054503,0.055992,2611464.330413,False
1884,602,"China Fire In. Co.,Limited",Insurance,Fire Insurance,59.601597,63.473091,20000.000000,3.558304,-0.060994,0.056060,-0.004934,1269461.827284,False
1884,106,Hongkong & Shanghai Banking Corporation,Banking,Banks,135.660352,278.828223,40000.000000,9.700000,-0.513463,0.034788,-0.478674,11153128.911139,False
1884,1007,"Shanghai Waterworks Co.,Ld.",Miscellaneous,Utilities,86.815000,142.485000,5000.000000,0.000000,-0.390708,0.000000,-0.390708,712425.000000,False
1884,1010,Shanghai Electric Co.,Miscellaneous,Utilities,24.018254,18.773467,500.000000,0.000000,0.279372,0.000000,0.279372,9386.733417,False
1884,1012,Perak Sugar Cultivation Co.,Miscellaneous,Sugar,20.415516,43.804756,5000.000000,0.000000,-0.533943,0.000000,-0.533943,219023.779725,False
1884,501,"China Traders' Insurance Co.,Limited",Insurance,Marine Insurance,56.043293,65.739987,24000.000000,3.335910,-0.147501,0.050744,-0.096757,1577759.699625,False
1884,502,"North-China Ins. Co., Ld",Insurance,Marine Insurance,342.260118,1708.385482,1000.000000,13.606341,-0.799659,0.007964,-0.791694,1708385.481852,False
1884,503,Union In. Society of Canton Limited,Insurance,Marine Insurance,444.788039,562.190238,2000.000000,27.576858,-0.208830,0.049053,-0.159777,1124380.475594,False
1884,504,Yangtsze Insurance Association,Insurance,Marine Insurance,162.123214,1226.533166,1200.000000,4.243750,-0.867820,0.003460,-0.864360,1471839.799750,False
1884,506,"Chinese Insurance Co.,Limited",Insurance,Marine Insurance,164.571574,190.419274,1500.000000,5.337456,-0.135741,0.028030,-0.107711,285628.911139,False
1885,512,Canton Insurance Office,Insurance,Marine Insurance,69.486551,75.613967,10000.000000,4.211306,-0.081035,0.055695,-0.025341,756139.666146,False
1885,901,Shanghai Cargo Boat Co.,Shipping,Steam Navigation,165.260998,210.159721,1000.000000,4.558924,-0.213641,0.021693,-0.191948,210159.721388,False
1885,902,Co-operative Cargo Boat Co.,Shipping,Steam Navigation,65.534534,48.036508,1000.000000,4.558924,0.364265,0.094905,0.459171,48036.507746,False
1885,401,Shanghai Gas Co.,Industrial,Utilities,227.946205,210.159721,1500.000000,6.838386,0.084633,0.032539,0.117172,315239.582082,False
1885,402,Compagnie du Gaz,Industrial,Utilities,182.356964,171.130059,500.000000,6.268521,0.065605,0.036630,0.102235,85565.029422,False
1885,802,Selangor Tin Mining Co.,Mining,Tin Mining,4.211306,9.785337,2500.000000,0.000000,-0.569631,0.000000,-0.569631,24463.342140,False
1885,803,Perak Tin Mining & Smelting Co.,Mining,Tin Mining,16.845225,31.135163,5000.000000,0.000000,-0.458965,0.000000,-0.458965,155675.813618,False
1885,805,Sheridan Mining Co,Mining,General Mining,113.973102,189.143749,3000.000000,7.978117,-0.397426,0.042180,-0.355246,567431.247748,False
1885,300,Shanghai Dock Co.,Docks & Wharves,Docks & Shipbuilding,370.412583,360.273808,440.000000,11.397310,0.028142,0.031635,0.059777,158520.475561,False
1885,301,Pootung Dock Co.,Docks & Wharves,Docks & Shipbuilding,151.014361,162.123214,950.000000,5.698655,-0.068521,0.035150,-0.033371,154017.052960,False
1885,1068,The Hall & Holtz Co-opearative Co,Miscellaneous,Retail & Stores,34.191931,50.438333,6000.000000,2.849328,-0.322104,0.056491,-0.265613,302629.998799,False
1885,703,Shanghai & H'kew Wharf Co.,Docks & Wharves,Wharves & Godowns,179.507636,177.134622,2867.000000,3.989059,0.013397,0.022520,0.035917,507844.962171,False
1885,704,Birt's Wharf Hide-Curing and Wool-Cleaning Company,Docks & Wharves,Wharves & Godowns,28.493276,48.036508,2100.000000,1.709597,-0.406841,0.035590,-0.371252,100876.666266,False
1885,705,Pootung Wharf & Godown Co.,Docks & Wharves,Wharves & Godowns,99.726465,72.054762,1750.000000,4.558924,0.384037,0.063270,0.447307,126095.832833,False
1885,211,Shanghai Tug Boat Association,Shipping,Tugs & Lighters,91.178482,102.077579,1000.000000,2.279462,-0.106773,0.022331,-0.084442,102077.578960,False
1885,213,Indo-China Steam Nav. Co.,Shipping,Steam Navigation,42.170048,33.950000,60000.000000,1.468500,0.242122,0.043255,0.285377,2037000.000000,False
1885,214,Shanghai Shipping Co.,Shipping,Steam Navigation,797.811716,848.484848,150.000000,56.986551,-0.059722,0.067163,0.007441,127272.727273,False
1885,601,"Hongkong Fire In. Co.,Limited",Insurance,Fire Insurance,320.059266,326.919209,8000.000000,16.845225,-0.020984,0.051527,0.030544,2615353.668788,False
1885,602,"China Fire In. Co.,Limited",Insurance,Fire Insurance,66.538637,59.601597,20000.000000,4.211306,0.116390,0.070658,0.187048,1192031.944278,False
1885,106,Hongkong & Shanghai Banking Corporation,Banking,Banks,282.157511,135.660352,60000.000000,9.790000,1.079882,0.072166,1.152047,8139621.112045,False
1885,1007,"Shanghai Waterworks Co.,Ld.",Miscellaneous,Utilities,176.220000,86.815000,6000.000000,1.958000,1.029834,0.022554,1.052387,520890.000000,False
1885,1012,Perak Sugar Cultivation Co.,Miscellaneous,Sugar,22.794620,20.415516,5000.000000,0.000000,0.116534,0.000000,0.116534,102077.578960,False
1885,501,"China Traders' Insurance Co.,Limited",Insurance,Marine Insurance,53.062457,56.043293,24000.000000,3.790176,-0.053188,0.067629,0.014441,1345039.029663,False
1885,502,"North-China Ins. Co., Ld",Insurance,Marine Insurance,341.919307,342.260118,5000.000000,22.794620,-0.000996,0.066600,0.065605,1711300.588447,False
1885,503,Union In. Society of Canton Limited,Insurance,Marine Insurance,395.862776,444.788039,2000.000000,26.110098,-0.109997,0.058702,-0.051294,889576.077819,False
1885,504,Yangtsze Insurance Association,Insurance,Marine Insurance,143.606109,162.123214,8000.000000,1.713250,-0.114216,0.010568,-0.103649,1296985.709139,False
1885,506,"Chinese Insurance Co.,Limited",Insurance,Marine Insurance,143.184408,164.571574,1500.000000,5.053567,-0.129957,0.030707,-0.099249,246857.361595,False
1886,512,Canton Insurance Office,Insurance,Marine Insurance,66.339010,69.486551,10000.000000,4.146188,-0.045297,0.059669,0.014372,694865.511739,False
1886,901,Shanghai Cargo Boat Co.,Shipping,Steam Navigation,187.449994,165.260998,1000.000000,9.143902,0.134266,0.055330,0.189596,165260.998404,False
1886,902,Co-operative Cargo Boat Co.,Shipping,Steam Navigation,80.009144,65.534534,1000.000000,3.428963,0.220870,0.052323,0.273193,65534.533850,False
1886,401,Shanghai Gas Co.,Industrial,Utilities,217.167676,227.946205,1500.000000,6.857927,-0.047285,0.030086,-0.017200,341919.307044,False
1886,402,Compagnie du Gaz,Industrial,Utilities,190.878958,182.356964,500.000000,6.857927,0.046732,0.037607,0.084340,91178.481878,False
1886,803,Perak Tin Mining & Smelting Co.,Mining,Tin Mining,13.267802,16.845225,5000.000000,0.000000,-0.212370,0.000000,-0.212370,84226.122635,False
1886,805,Sheridan Mining Co,Mining,General Mining,137.158532,113.973102,2800.000000,11.429878,0.203429,0.100286,0.303715,319124.686574,False
1886,300,Shanghai Dock Co.,Docks & Wharves,Docks & Shipbuilding,371.471025,370.412583,440.000000,11.429878,0.002857,0.030857,0.033715,162981.536357,False
1886,301,Pootung Dock Co.,Docks & Wharves,Docks & Shipbuilding,148.588410,151.014361,950.000000,5.714939,-0.016064,0.037844,0.021779,143463.642580,False
1886,1068,The Hall & Holtz Co-opearative Co,Miscellaneous,Retail & Stores,28.574694,34.191931,6000.000000,2.857469,-0.164285,0.083571,-0.080714,205151.584226,False
1886,703,Shanghai & H'kew Wharf Co.,Docks & Wharves,Wharves & Godowns,194.307921,179.507636,2867.000000,5.714939,0.082449,0.031837,0.114286,514648.392979,False
1886,704,Birt's Wharf Hide-Curing and Wool-Cleaning Company,Docks & Wharves,Wharves & Godowns,25.145731,28.493276,2100.000000,2.000229,-0.117485,0.070200,-0.047285,59835.878733,False
1886,705,Pootung Wharf & Godown Co.,Docks & Wharves,Wharves & Godowns,118.870728,99.726465,1750.000000,4.571951,0.191968,0.045845,0.237813,174521.312970,False
1886,211,Shanghai Tug Boat Association,Shipping,Tugs & Lighters,102.868899,91.178482,1000.000000,4.571951,0.128215,0.050143,0.178358,91178.481878,False
1886,213,Indo-China Steam Nav. Co.,Shipping,Steam Navigation,40.004572,42.170048,60000.000000,3.391500,-0.051351,0.080424,0.029073,2530202.872122,False
1886,214,Shanghai Shipping Co.,Shipping,Steam Navigation,800.091439,797.811716,150.000000,57.149389,0.002857,0.071633,0.074490,119671.757465,False
1886,601,"Hongkong Fire In. Co.,Limited",Insurance,Fire Insurance,339.987427,320.059266,8000.000000,22.804035,0.062264,0.071249,0.133513,2560474.128106,False
1886,602,"China Fire In. Co.,Limited",Insurance,Fire Insurance,70.485198,66.538637,20000.000000,4.975426,0.059312,0.074775,0.134087,1330772.737634,False
1886,106,Hongkong & Shanghai Banking Corporation,Banking,Banks,269.502229,282.157511,60000.000000,9.690000,-0.044852,0.034343,-0.010509,16929450.649647,False
1886,109,"New Oriental Bank Corp., Limited",Banking,Banks,48.450000,48.950000,50000.000000,1.211250,-0.010215,0.024745,0.014530,2447500.000000,False
1886,1007,"Shanghai Waterworks Co.,Ld.",Miscellaneous,Utilities,140.505000,176.220000,6000.000000,2.107575,-0.202673,0.011960,-0.190713,1057320.000000,False
1886,1012,Perak Sugar Cultivation Co.,Miscellaneous,Sugar,18.287804,22.794620,5000.000000,0.000000,-0.197714,0.000000,-0.197714,113973.102348,False
1886,501,"China Traders' Insurance Co.,Limited",Insurance,Marine Insurance,57.217396,53.062457,24000.000000,4.146188,0.078303,0.078138,0.156441,1273498.974242,False
1886,502,"North-China Ins. Co., Ld",Insurance,Marine Insurance,302.891759,341.919307,5000.000000,25.202880,-0.114143,0.073710,-0.040433,1709596.535218,False
1886,503,Union In. Society of Canton Limited,Insurance,Marine Insurance,69.655961,395.862776,2000.000000,5.182735,-0.824040,0.013092,-0.810948,791725.552770,False
1886,504,Yangtsze Insurance Association,Insurance,Marine Insurance,130.300606,143.606109,8000.000000,4.239375,-0.092653,0.029521,-0.063132,1148848.871666,False
1886,506,"Chinese Insurance Co.,Limited",Insurance,Marine Insurance,149.260000,143.184408,1500.000000,4.975426,0.042432,0.034748,0.077180,214776.612719,False
1887,512,Canton Insurance Office,Insurance,Marine Insurance,55.470236,66.339010,10000.000000,3.825533,-0.163837,0.057666,-0.106170,663390.101726,False
1887,901,Shanghai Cargo Boat Co.,Shipping,Steam Navigation,163.743926,187.449994,1000.000000,4.225650,-0.126466,0.022543,-0.103923,187449.994285,False
1887,902,Co-operative Cargo Boat Co.,Shipping,Steam Navigation,47.538559,80.009144,1000.000000,2.112825,-0.405836,0.026407,-0.379429,80009.143902,False
1887,401,Shanghai Gas Co.,Industrial,Utilities,206.000423,217.167676,2000.000000,6.338475,-0.051422,0.029187,-0.022235,434335.352612,False
1887,402,Compagnie du Gaz,Industrial,Utilities,165.856750,190.878958,500.000000,5.810268,-0.131089,0.030440,-0.100650,95439.478798,False
1887,803,Perak Tin Mining & Smelting Co.,Mining,Tin Mining,11.859154,13.267802,5000.000000,0.000000,-0.106170,0.000000,-0.106170,66339.010173,False
1887,805,Sheridan Mining Co,Mining,General Mining,169.025988,137.158532,2800.000000,6.338475,0.232340,0.046213,0.278553,384043.890730,False
1887,300,Shanghai Dock Co.,Docks & Wharves,Docks & Shipbuilding,338.051975,371.471025,440.000000,10.564124,-0.089964,0.028439,-0.061525,163447.251114,False
1887,301,Pootung Dock Co.,Docks & Wharves,Docks & Shipbuilding,138.390027,148.588410,950.000000,5.282062,-0.068635,0.035548,-0.033087,141158.989599,False
1887,1068,The Hall & Holtz Co-opearative Co,Miscellaneous,Retail & Stores,31.692373,28.574694,6000.000000,2.641031,0.109106,0.092426,0.201532,171448.165505,False
1887,703,Shanghai & H'kew Wharf Co.,Docks & Wharves,Wharves & Godowns,160.574688,194.307921,2867.000000,4.753856,-0.173607,0.024466,-0.149142,557080.809235,False
1887,704,Birt's Wharf Hide-Curing and Wool-Cleaning Company,Docks & Wharves,Wharves & Godowns,24.297486,25.145731,2100.000000,1.848722,-0.033733,0.073520,0.039787,52806.034975,False
1887,705,Pootung Wharf & Godown Co.,Docks & Wharves,Wharves & Godowns,118.846398,118.870728,1750.000000,5.282062,-0.000205,0.044435,0.044231,208023.774146,False
1887,211,"Shanghai Tug Boat Co., Ld",Shipping,Tugs & Lighters,100.359180,102.868899,1000.000000,3.252033,-0.024397,0.031613,0.007216,102868.899303,False
1887,213,Indo-China Steam Nav. Co.,Shipping,Steam Navigation,34.861610,40.004572,60000.000000,2.435000,-0.128559,0.060868,-0.067691,2400274.317065,False
1887,214,Shanghai Shipping Co.,Shipping,Steam Navigation,316.923727,800.091439,150.000000,54.200542,-0.603891,0.067743,-0.536148,120013.715853,False
1887,601,"Hongkong Fire In. Co.,Limited",Insurance,Fire Insurance,290.740545,339.987427,8000.000000,21.040434,-0.144849,0.061886,-0.082963,2719899.417076,False
1887,602,"China Fire In. Co.,Limited",Insurance,Fire Insurance,58.913216,70.485198,20000.000000,4.590640,-0.164176,0.065129,-0.099047,1409703.966168,False
1887,106,Hongkong & Shanghai Banking Corporation,Banking,Banks,241.486801,269.502229,60000.000000,7.305000,-0.103952,0.027106,-0.076847,16170133.729569,False
1887,109,"New Oriental Bank Corp., Limited",Banking,Banks,53.570000,48.450000,50000.000000,1.461000,0.105676,0.030155,0.135831,2422500.000000,False
1887,1007,"Shanghai Waterworks Co.,Ld.",Miscellaneous,Utilities,140.621250,140.505000,6000.000000,4.870000,0.000827,0.034661,0.035488,843030.000000,False
1887,1012,"Perak Sugar Cultivation Co., Ld",Miscellaneous,Sugar,12.676949,18.287804,5000.000000,0.000000,-0.306809,0.000000,-0.306809,91439.021602,False
1887,501,"China Traders' Insurance Co.,Limited",Insurance,Marine Insurance,50.497042,57.217396,24000.000000,3.925474,-0.117453,0.068606,-0.048847,1373217.510573,False
1887,502,"North-China Ins. Co., Ld",Insurance,Marine Insurance,279.949292,302.891759,5000.000000,24.984154,-0.075745,0.082485,0.006741,1514458.795291,False
1887,503,Union In. Society of Canton Limited,Insurance,Marine Insurance,68.859603,69.655961,10000.000000,4.973194,-0.011433,0.071397,0.059964,696559.606812,False
1887,504,Yangtsze Insurance Association,Insurance,Marine Insurance,117.261779,130.300606,8000.000000,4.261250,-0.100067,0.032703,-0.067364,1042404.846268,False
1887,1014,"Shanghai Waterworks Co.,Ld. (.3rd Issue)",Miscellaneous,Utilities,41.395000,35.126250,1200.000000,1.217500,0.178463,0.034661,0.213124,42151.500000,False
1887,506,"Chinese Insurance Co.,Limited",Insurance,Marine Insurance,163.732833,149.260000,1500.000000,4.590640,0.096964,0.030756,0.127720,223890.000000,False
1888,512,Canton Insurance Office,Insurance,Marine Insurance,71.485732,55.470236,10000.000000,1.537328,0.288722,0.027714,0.316437,554702.355800,False
1888,901,Shanghai Cargo Boat Co.,Shipping,Steam Navigation,161.449000,163.743926,1000.000000,3.798800,-0.014015,0.023200,0.009184,163743.925629,False
1888,902,Co-operative Cargo Boat Co.,Shipping,Steam Navigation,52.233500,47.538559,1000.000000,2.849100,0.098761,0.059932,0.158693,47538.559053,False
1888,401,Shanghai Gas Co.,Industrial,Utilities,187.565750,206.000423,2000.000000,5.698200,-0.089489,0.027661,-0.061827,412000.845130,False
1888,402,Compagnie du Gaz,Industrial,Utilities,151.952000,165.856750,500.000000,5.223350,-0.083836,0.031493,-0.052343,82928.375238,False
1888,803,Perak Tin Mining & Smelting Co.,Mining,Tin Mining,7.686638,11.859154,5000.000000,0.000000,-0.351839,0.000000,-0.351839,59295.769068,False
1888,805,Sheridan Mining Co,Mining,General Mining,166.442953,169.025988,2800.000000,5.698200,-0.015282,0.033712,0.018430,473272.765688,False
1888,300,Shanghai Dock Co.,Docks & Wharves,Docks & Shipbuilding,322.898000,338.051975,440.000000,11.396400,-0.044827,0.033712,-0.011115,148742.869216,False
1888,301,Pootung Dock Co.,Docks & Wharves,Docks & Shipbuilding,71.227500,138.390027,950.000000,4.748500,-0.485313,0.034312,-0.451001,131470.526093,False
1888,1068,The Hall & Holtz Co-opearative Co,Miscellaneous,Retail & Stores,25.641900,31.692373,6000.000000,2.374250,-0.190913,0.074916,-0.115997,190154.236214,False
1888,703,Shanghai & H'kew Wharf Co.,Docks & Wharves,Wharves & Godowns,188.990300,160.574688,2867.000000,4.748500,0.176962,0.029572,0.206534,460367.631523,False
1888,704,Birt's Wharf Hide-Curing and Wool-Cleaning Company,Docks & Wharves,Wharves & Godowns,23.742500,24.297486,2100.000000,1.661975,-0.022841,0.068401,0.045560,51024.720051,False
1888,705,Pootung Wharf & Godown Co.,Docks & Wharves,Wharves & Godowns,78.825100,118.846398,1750.000000,4.748500,-0.336748,0.039955,-0.296793,207981.195859,False
1888,706,"Hongkong & Kowloon Wharf and Godown Co., Limited",Docks & Wharves,Wharves & Godowns,133.747499,101.759191,17000.000000,3.074655,0.314353,0.030215,0.344568,1729906.243397,False
1888,211,"Shanghai Tug Boat Co., Ld",Shipping,Tugs & Lighters,83.098750,100.359180,1000.000000,2.849100,-0.171987,0.028389,-0.143598,100359.180224,False
1888,213,Indo-China Steam Nav. Co.,Shipping,Steam Navigation,31.340100,34.861610,60000.000000,2.447500,-0.101014,0.070206,-0.030808,2091696.598352,False
1888,214,Shanghai Shipping Co.,Shipping,Steam Navigation,284.910000,316.923727,150.000000,56.982000,-0.101014,0.179797,0.078783,47538.559053,False
1888,215,China Shippers' Mutual S.N.Co.,Shipping,Steam Navigation,48.950000,48.700000,50000.000000,3.818100,0.005133,0.078400,0.083534,2435000.000000,False
1888,216,Taku Tug and Lighter Co,Shipping,Tugs & Lighters,132.958000,169.025988,2500.000000,4.748500,-0.213387,0.028093,-0.185294,422564.969364,False
1888,601,"Hongkong Fire In. Co.,Limited",Insurance,Fire Insurance,261.345688,290.740545,8000.000000,22.906181,-0.101103,0.078786,-0.022318,2325924.360870,False
1888,602,"China Fire In. Co.,Limited",Insurance,Fire Insurance,59.955776,58.913216,20000.000000,4.611983,0.017697,0.078284,0.095981,1178264.314388,False
1888,604,"Straits Fire Insurance Co., Limited",Insurance,Fire Insurance,12.298621,14.537027,20000.000000,0.768664,-0.153980,0.052876,-0.101103,290740.545109,False
1888,605,"Singapore Insurance Co., Limited",Insurance,Fire Insurance,12.682953,13.006814,28846.000000,1.537328,-0.024899,0.118194,0.093295,375194.552609,False
1888,106,Hongkong & Shanghai Banking Corporation,Banking,Banks,246.933242,241.486801,60000.000000,7.342500,0.022554,0.030405,0.052959,14489208.086837,False
1888,109,"New Oriental Bank Corp., Limited",Banking,Banks,52.009375,53.570000,54700.000000,1.468500,-0.029132,0.027413,-0.001720,2930279.000000,False
1888,1007,"Shanghai Waterworks Co.,Ld.",Miscellaneous,Utilities,141.955000,140.621250,6000.000000,4.895000,0.009485,0.034810,0.044295,843727.500000,False
1888,1012,"Perak Sugar Cultivation Co., Ld",Miscellaneous,Sugar,15.195200,12.676949,5000.000000,0.000000,0.198648,0.000000,0.198648,63384.745405,False
1888,501,"China Traders' Insurance Co.,Limited",Insurance,Marine Insurance,55.343793,50.497042,24000.000000,3.843319,0.095981,0.076110,0.172091,1211929.009085,False
1888,502,"North-China Ins. Co., Ld",Insurance,Marine Insurance,275.413000,279.949292,5000.000000,24.179362,-0.016204,0.086371,0.070167,1399746.461018,False
1888,503,Union In. Society of Canton Limited,Insurance,Marine Insurance,63.414763,68.859603,10000.000000,3.843319,-0.079072,0.055814,-0.023258,688596.027889,False
1888,504,Yangtsze Insurance Association,Insurance,Marine Insurance,94.970000,117.261779,8000.000000,4.283125,-0.190103,0.036526,-0.153577,938094.231988,False
1888,1014,"Shanghai Waterworks Co.,Ld. (.3rd Issue)",Miscellaneous,Utilities,88.110000,41.395000,1200.000000,2.447500,1.128518,0.059125,1.187643,49674.000000,False
1888,506,"Chinese Insurance Co.,Limited",Insurance,Marine Insurance,122.986206,163.732833,1500.000000,4.611983,-0.248860,0.028168,-0.220693,245599.249947,False
1889,512,Canton Insurance Office,Insurance,Marine Insurance,107.528642,71.485732,10000.000000,4.048009,0.504197,0.056627,0.560824,714857.323365,False
1889,513,"Straits Insurance Co., Limited",Insurance,Marine Insurance,17.523186,19.216595,30000.000000,0.809602,-0.088122,0.042130,-0.045992,576497.841424,False
1889,901,Shanghai Cargo Boat Co.,Shipping,Steam Navigation,196.399345,161.449000,1000.000000,6.546645,0.216479,0.040549,0.257028,161449.000000,False
1889,902,Co-operative Cargo Boat Co.,Shipping,Steam Navigation,54.555374,52.233500,1000.000000,3.273322,0.044452,0.062667,0.107119,52233.500000,False
1889,401,Shanghai Gas Co.,Industrial,Utilities,196.399345,187.565750,2000.000000,6.546645,0.047096,0.034903,0.081999,375131.500000,False
1889,402,Compagnie du Gaz,Industrial,Utilities,160.938352,151.952000,500.000000,6.001091,0.059139,0.039493,0.098633,75976.000000,False
1889,805,Sheridan Mining Co,Mining,General Mining,229.132570,166.442953,2800.000000,5.455537,0.376643,0.032777,0.409420,466040.268456,False
1889,300,Shanghai Dock Co.,Docks & Wharves,Docks & Shipbuilding,423.349700,322.898000,440.000000,13.093290,0.311094,0.040549,0.351644,142075.120000,False
1889,301,Pootung Dock Co.,Docks & Wharves,Docks & Shipbuilding,21.822149,71.227500,950.000000,5.455537,-0.693627,0.076593,-0.617034,67666.125000,False
1889,1068,The Hall & Holtz Co-opearative Co,Miscellaneous,Retail & Stores,30.551009,25.641900,6000.000000,2.727769,0.191449,0.106379,0.297828,153851.400000,False
1889,703,Shanghai & H'kew Wharf Co.,Docks & Wharves,Wharves & Godowns,245.499182,188.990300,2867.000000,6.546645,0.299004,0.034640,0.333644,541835.190100,False
1889,704,Birt's Wharf Hide-Curing and Wool-Cleaning Company,Docks & Wharves,Wharves & Godowns,37.097654,23.742500,2100.000000,1.909438,0.562500,0.080423,0.642923,49859.250000,False
1889,705,Pootung Wharf & Godown Co.,Docks & Wharves,Wharves & Godowns,98.199673,78.825100,2300.000000,4.364430,0.245792,0.055369,0.301160,181297.730000,False
1889,706,"Hongkong & Kowloon Wharf and Godown Co., Limited",Docks & Wharves,Wharves & Godowns,74.075286,133.747499,17000.000000,2.024004,-0.446156,0.015133,-0.431023,2273707.486575,False
1889,211,"Shanghai Tug Boat Co., Ld",Shipping,Tugs & Lighters,88.925259,83.098750,1000.000000,2.182215,0.070115,0.026261,0.096376,83098.750000,False
1889,213,Indo-China Steam Nav. Co.,Shipping,Steam Navigation,37.097654,31.340100,49589.000000,3.251500,0.183712,0.103749,0.287461,1554124.218900,False
1889,214,Shanghai Shipping Co.,Shipping,Steam Navigation,436.442990,284.910000,150.000000,54.555374,0.531863,0.191483,0.723345,42736.500000,False
1889,215,China Shippers' Mutual S.N.Co.,Shipping,Steam Navigation,69.176214,48.950000,7662.000000,1.953082,0.413202,0.039900,0.453101,375054.900000,False
1889,216,Taku Tug and Lighter Co,Shipping,Tugs & Lighters,59.279869,132.958000,2500.000000,2.877664,-0.554146,0.021643,-0.532502,332395.000000,False
1889,601,"Hongkong Fire In. Co.,Limited",Insurance,Fire Insurance,302.673213,261.345688,8000.000000,13.358429,0.158134,0.051114,0.209248,2090765.504896,False
1889,602,"China Fire In. Co.,Limited",Insurance,Fire Insurance,73.649755,59.955776,20000.000000,5.667212,0.228401,0.094523,0.322925,1199115.510161,False
1889,1016,"New Shanghai Electric Co., Ld",Miscellaneous,Utilities,109.110747,94.970000,300.000000,7.637752,0.148897,0.080423,0.229320,28491.000000,False
1889,604,"Straits Fire Insurance Co., Limited",Insurance,Fire Insurance,13.933442,12.298621,20000.000000,1.295363,0.132927,0.105326,0.238253,245972.412341,False
1889,605,"Singapore Insurance Co., Limited",Insurance,Fire Insurance,12.940535,12.682953,29176.000000,0.931042,0.020309,0.073409,0.093718,370037.822470,False
1889,106,Hongkong & Shanghai Banking Corporation,Banking,Banks,284.746318,246.933242,60000.000000,7.411737,0.153131,0.030015,0.183146,14815994.524587,False
1889,109,"New Oriental Bank Corp., Limited",Banking,Banks,54.238953,52.009375,54700.000000,1.482347,0.042869,0.028502,0.071370,2844912.812500,False
1889,1007,"Shanghai Waterworks Co.,Ld.",Miscellaneous,Utilities,166.808511,141.955000,6000.000000,2.964695,0.175080,0.020885,0.195965,851730.000000,False
1889,1015,"Japan Brewery Co., Ld",Miscellaneous,Food & Beverage,99.563557,93.776982,667.000000,4.048009,0.061706,0.043166,0.104872,62549.247131,False
1889,1012,"Perak Sugar Cultivation Co., Ld",Miscellaneous,Sugar,31.096563,15.195200,5000.000000,0.000000,1.046473,0.000000,1.046473,75976.000000,False
1889,501,"China Traders' Insurance Co.,Limited",Insurance,Marine Insurance,55.755592,55.343793,24000.000000,4.048009,0.007441,0.073143,0.080584,1328251.026640,False
1889,502,"North-China Ins. Co., Ld",Insurance,Marine Insurance,370.976541,275.413000,4969.000000,29.274414,0.346983,0.106293,0.453275,1368527.197000,False
1889,503,Union In. Society of Canton Limited,Insurance,Marine Insurance,80.447354,63.414763,10000.000000,5.667212,0.268590,0.089367,0.357958,634147.625566,False
1889,504,Yangtsze Insurance Association,Insurance,Marine Insurance,103.655210,94.970000,8000.000000,2.833606,0.091452,0.029837,0.121289,759760.000000,False
1889,1014,"Shanghai Waterworks Co.,Ld. (.3rd Issue)",Miscellaneous,Utilities,135.875614,88.110000,1200.000000,2.223521,0.542113,0.025236,0.567349,105732.000000,False
1889,506,"Chinese Insurance Co.,Limited",Insurance,Marine Insurance,67.703219,122.986206,1500.000000,4.857610,-0.449506,0.039497,-0.410008,184479.309256,False
1890,512,Canton Insurance Office,Insurance,Marine Insurance,73.399894,107.528642,10000.000000,1.721066,-0.317392,0.016006,-0.301387,1075286.415712,False
1890,513,"Straits Insurance Co., Limited",Insurance,Marine Insurance,9.330495,17.523186,30000.000000,0.860533,-0.467534,0.049108,-0.418426,525695.581015,False
1890,1018,"J. Llewellyn & Co., Ld",Miscellaneous,General Miscellaneous,57.849069,89.601746,1200.000000,4.302664,-0.354376,0.048020,-0.306356,107522.094926,False
1890,901,Shanghai Cargo Boat Co.,Shipping,Steam Navigation,149.117500,196.399345,1000.000000,7.041427,-0.240743,0.035853,-0.204891,196399.345336,False
1890,902,Co-operative Cargo Boat Co.,Shipping,Steam Navigation,40.474750,54.555374,1000.000000,4.694285,-0.258098,0.086046,-0.172052,54555.373704,False
1890,401,Shanghai Gas Co.,Industrial,Utilities,171.698150,196.399345,2000.000000,7.041427,-0.125770,0.035853,-0.089918,392798.690671,False
1890,402,Compagnie du Gaz,Industrial,Utilities,136.336000,160.938352,500.000000,6.454641,-0.152868,0.040106,-0.112762,80469.176214,False
1890,805,Sheridan Mining Co,Mining,General Mining,247.961100,229.132570,3000.000000,4.694285,0.082173,0.020487,0.102660,687397.708674,False
1890,806,Mendota Mining Co,Mining,General Mining,227.936750,218.221495,3000.000000,4.694285,0.044520,0.021512,0.066032,654664.484452,False
1890,807,"Selama Tin Mining Co., Ld",Mining,Tin Mining,0.775411,3.786143,120000.000000,0.000000,-0.795198,0.000000,-0.795198,454337.152209,False
1890,808,"Selama Tin Mining Co., Ld (2nd Issue)",Mining,Tin Mining,1.244066,6.470267,20000.000000,0.000000,-0.807726,0.000000,-0.807726,129405.346427,False
1890,300,Shanghai Dock Co.,Docks & Wharves,Docks & Shipbuilding,340.840000,423.349700,440.000000,14.082854,-0.194897,0.033265,-0.161632,186273.867976,False
1890,301,Pootung Dock Co.,Docks & Wharves,Docks & Shipbuilding,34.084000,21.822149,950.000000,5.867856,0.561899,0.268894,0.830794,20731.042008,False
1890,1068,The Hall & Holtz Co-opearative Co,Miscellaneous,Retail & Stores,17.894100,30.551009,6000.000000,2.347142,-0.414288,0.076827,-0.337461,183306.055646,False
1890,703,Shanghai & H'kew Wharf Co.,Docks & Wharves,Wharves & Godowns,200.243500,245.499182,2867.000000,7.041427,-0.184341,0.028682,-0.155659,703846.153846,False
1890,704,Birt's Wharf Hide-Curing and Wool-Cleaning Company,Docks & Wharves,Wharves & Godowns,29.823500,37.097654,2100.000000,2.053750,-0.196081,0.055361,-0.140721,77905.073650,False
1890,705,Pootung Wharf & Godown Co.,Docks & Wharves,Wharves & Godowns,59.647000,98.199673,2300.000000,2.933928,-0.392595,0.029877,-0.362718,225859.247136,False
1890,706,"Hongkong & Kowloon Wharf and Godown Co., Limited",Docks & Wharves,Wharves & Godowns,46.652475,74.075286,17000.000000,1.721066,-0.370202,0.023234,-0.346968,1259279.869067,False
1890,211,"Shanghai Tug Boat Co., Ld",Shipping,Tugs & Lighters,59.647000,88.925259,1000.000000,2.347142,-0.329246,0.026395,-0.302851,88925.259138,False
1890,213,Indo-China Steam Nav. Co.,Shipping,Steam Navigation,24.710900,37.097654,49589.000000,2.546649,-0.333896,0.068647,-0.265249,1839635.570104,False
1890,214,Shanghai Shipping Co.,Shipping,Steam Navigation,340.840000,436.442990,150.000000,58.678559,-0.219050,0.134447,-0.084603,65466.448445,False
1890,215,China Shippers' Mutual S.N.Co.,Shipping,Steam Navigation,49.489968,69.176214,7662.000000,4.037085,-0.284581,0.058359,-0.226222,530028.150573,False
1890,216,Taku Tug and Lighter Co,Shipping,Tugs & Lighters,43.474142,59.279869,8600.000000,2.933928,-0.266629,0.049493,-0.217136,509806.873977,False
1890,601,"Hongkong Fire In. Co.,Limited",Insurance,Fire Insurance,208.381055,302.673213,8000.000000,19.792254,-0.311531,0.065391,-0.246140,2421385.706492,False
1890,602,"China Fire In. Co.,Limited",Insurance,Fire Insurance,54.738904,73.649755,20000.000000,5.163197,-0.256767,0.070105,-0.186663,1472995.090016,False
1890,1016,"New Shanghai Electric Co., Ld",Miscellaneous,Utilities,78.393200,109.110747,300.000000,8.214998,-0.281526,0.075290,-0.206236,32733.224223,False
1890,604,"Straits Fire Insurance Co., Limited",Insurance,Fire Insurance,9.645772,13.933442,20000.000000,1.204746,-0.307725,0.086464,-0.221261,278668.848882,False
1890,605,"Singapore Insurance Co., Limited",Insurance,Fire Insurance,5.598297,12.940535,29176.000000,0.602373,-0.567383,0.046549,-0.520834,377553.038734,False
1890,106,Hongkong & Shanghai Banking Corporation,Banking,Banks,246.095001,284.746318,60000.000000,9.089067,-0.135739,0.031920,-0.103820,17084779.050736,False
1890,109,"New Oriental Bank Corp., Limited",Banking,Banks,42.178950,54.238953,54700.000000,1.090688,-0.222349,0.020109,-0.202241,2966870.703764,False
1890,1007,"Shanghai Waterworks Co.,Ld.",Miscellaneous,Utilities,132.075500,166.808511,6000.000000,2.181376,-0.208221,0.013077,-0.195144,1000851.063830,False
1890,1015,"Japan Brewery Co., Ld",Miscellaneous,Food & Beverage,77.754125,99.563557,667.000000,4.302664,-0.219050,0.043215,-0.175835,66408.892526,False
1890,1012,"Perak Sugar Cultivation Co., Ld",Miscellaneous,Sugar,21.302500,31.096563,5000.000000,0.000000,-0.314956,0.000000,-0.314956,155482.815057,False
1890,501,"China Traders' Insurance Co.,Limited",Insurance,Marine Insurance,40.116868,55.755592,24000.000000,3.872398,-0.280487,0.069453,-0.211034,1338134.206219,False
1890,502,"North-China Ins. Co., Ld",Insurance,Marine Insurance,255.630000,370.976541,5000.000000,30.782772,-0.310927,0.082978,-0.227949,1854882.705947,False
1890,503,Union In. Society of Canton Limited,Insurance,Marine Insurance,59.715168,80.447354,10000.000000,6.023730,-0.257711,0.074878,-0.182833,804473.540644,False
1890,504,Yangtsze Insurance Association,Insurance,Marine Insurance,57.942800,103.655210,8000.000000,5.163197,-0.441004,0.049811,-0.391193,829241.680306,False
1890,1017,"Shanghai Land Investment Co., Ld",Miscellaneous,General Miscellaneous,25.563000,37.643208,20000.000000,0.000000,-0.320913,0.000000,-0.320913,752864.157119,False
1890,1019,"Shanghai House Bazzar Co., Ld",Miscellaneous,General Miscellaneous,43.031050,57.828696,1800.000000,2.933928,-0.255888,0.050735,-0.205153,104091.653028,False
1890,1020,"Major Brothers, Limited",Miscellaneous,General Miscellaneous,44.309200,54.555374,6000.000000,2.933928,-0.187812,0.053779,-0.134033,327332.242226,False
1891,512,Canton Insurance Office,Insurance,Marine Insurance,82.167796,73.399894,10000.000000,1.518035,0.119454,0.020682,0.140136,733998.940000,False
1891,513,"Straits Insurance Co., Limited",Insurance,Marine Insurance,9.900990,9.330495,30000.000000,0.759017,0.061143,0.081348,0.142491,279914.850000,False
1891,1018,"J. Llewellyn & Co., Ld",Miscellaneous,General Miscellaneous,74.174049,57.849069,1200.000000,3.795086,0.282200,0.065603,0.347803,69418.882800,False
1891,1026,"L'Hotel des Colonies, Limited",Miscellaneous,Hotels,52.110474,42.605000,500.000000,3.908286,0.223107,0.091733,0.314840,21302.500000,False
1891,1027,"L'Hotel des Colonies, Limited (B)",Miscellaneous,Hotels,33.350703,27.267200,1500.000000,2.344971,0.223107,0.086000,0.309107,40900.800000,False
1891,901,Shanghai Cargo Boat Co.,Shipping,Steam Navigation,213.652944,149.117500,1000.000000,8.337676,0.432782,0.055913,0.488696,149117.500000,False
1891,902,Co-operative Cargo Boat Co.,Shipping,Steam Navigation,67.743616,40.474750,1000.000000,2.605524,0.673725,0.064374,0.738099,40474.750000,False
1891,1028,Shanghai Ice Co.,Miscellaneous,General Miscellaneous,119.854091,85.210000,360.000000,,0.406573,0.000000,0.406573,30675.600000,False
1891,401,Shanghai Gas Co.,Industrial,Utilities,224.075039,171.698150,2000.000000,6.253257,0.305052,0.036420,0.341472,343396.300000,False
1891,805,Sheridan Mining Co,Mining,General Mining,364.773319,247.961100,3000.000000,3.126628,0.471091,0.012609,0.483700,743883.300000,False
1891,806,Mendota Mining Co,Mining,General Mining,312.662845,227.936750,3000.000000,3.126628,0.371709,0.013717,0.385426,683810.250000,False
1891,807,"Selama Tin Mining Co., Ld",Mining,Tin Mining,0.427306,0.775411,120000.000000,0.000000,-0.448930,0.000000,-0.448930,93049.320000,False
1891,808,"Selama Tin Mining Co., Ld (2nd Issue)",Mining,Tin Mining,2.094841,1.244066,20000.000000,0.000000,0.683867,0.000000,0.683867,24881.320000,False
1891,810,"Imuris Mines, Ld",Mining,General Mining,6.847316,8.878882,175000.000000,,-0.228809,0.000000,-0.228809,1553804.350000,False
1891,300,Shanghai Dock Co.,Docks & Wharves,Docks & Shipbuilding,416.883794,340.840000,440.000000,12.506514,0.223107,0.036693,0.259800,149969.600000,False
1891,1068,The Hall & Holtz Co-opearative Co,Miscellaneous,Retail & Stores,20.844190,17.894100,6000.000000,2.084419,0.164864,0.116486,0.281350,107364.600000,False
1891,703,Shanghai & H'kew Wharf Co.,Docks & Wharves,Wharves & Godowns,281.396561,200.243500,2867.000000,6.253257,0.405272,0.031228,0.436500,574098.114500,False
1891,704,Birt's Wharf Hide-Curing and Wool-Cleaning Company,Docks & Wharves,Wharves & Godowns,44.293903,29.823500,2100.000000,1.823867,0.485201,0.061155,0.546357,62629.350000,False
1891,706,"Hongkong & Kowloon Wharf and Godown Co., Limited",Docks & Wharves,Wharves & Godowns,52.892131,46.652475,17000.000000,1.518035,0.133748,0.032539,0.166287,793092.075000,False
1891,211,"Shanghai Tug Boat Co., Ld",Shipping,Tugs & Lighters,93.798854,59.647000,1000.000000,4.168838,0.572566,0.069892,0.642458,59647.000000,False
1891,213,Indo-China Steam Nav. Co.,Shipping,Steam Navigation,31.266285,24.710900,49589.000000,1.178392,0.265283,0.047687,0.312970,1225388.820100,False
1891,214,Shanghai Shipping Co.,Shipping,Steam Navigation,521.104742,340.840000,150.000000,52.110474,0.528884,0.152888,0.681772,51126.000000,False
1891,215,China Shippers' Mutual S.N.Co.,Shipping,Steam Navigation,70.703491,49.489968,12145.000000,1.414070,0.428643,0.028573,0.457216,601055.661360,False
1891,216,Taku Tug and Lighter Co,Shipping,Tugs & Lighters,65.971860,43.474142,8600.000000,3.647733,0.517497,0.083906,0.601402,373877.621200,False
1891,601,"Hongkong Fire In. Co.,Limited",Insurance,Fire Insurance,247.368421,208.381055,8000.000000,13.662311,0.187096,0.065564,0.252661,1667048.440000,False
1891,602,"China Fire In. Co.,Limited",Insurance,Fire Insurance,68.473163,54.738904,20000.000000,4.554104,0.250905,0.083197,0.334102,1094778.080000,False
1891,604,"Straits Fire Insurance Co., Limited",Insurance,Fire Insurance,12.933820,9.645772,20000.000000,1.328280,0.340880,0.137706,0.478586,192915.440000,False
1891,605,"Singapore Insurance Co., Limited",Insurance,Fire Insurance,7.608129,5.598297,29176.000000,0.531312,0.359008,0.094906,0.453914,163335.913272,False
1891,1016,"New Shanghai Electric Co., Ld",Miscellaneous,Utilities,99.009901,78.393200,300.000000,7.295466,0.262991,0.093062,0.356053,23517.960000,False
1891,106,Hongkong & Shanghai Banking Corporation,Banking,Banks,252.965086,246.095001,60000.000000,5.184923,0.027916,0.021069,0.048985,14765700.060000,False
1891,109,"New Oriental Bank Corp., Limited",Banking,Banks,51.589369,42.178950,58800.000000,1.414070,0.223107,0.033525,0.256632,2480122.260000,False
1891,1007,"Shanghai Waterworks Co.,Ld.",Miscellaneous,Utilities,177.175612,132.075500,7200.000000,2.828140,0.341472,0.021413,0.362885,950943.600000,False
1891,1015,"Japan Brewery Co., Ld",Miscellaneous,Food & Beverage,98.905680,77.754125,667.000000,4.554104,0.272031,0.058571,0.330602,51862.001375,False
1891,1012,"Perak Sugar Cultivation Co., Ld",Miscellaneous,Sugar,14.590933,21.302500,5000.000000,0.000000,-0.315060,0.000000,-0.315060,106512.500000,False
1891,501,"China Traders' Insurance Co.,Limited",Insurance,Marine Insurance,47.305888,40.116868,24000.000000,3.415578,0.179202,0.085141,0.264343,962804.832000,False
1891,502,"North-China Ins. Co., Ld",Insurance,Marine Insurance,270.974466,255.630000,5000.000000,27.337155,0.060026,0.106940,0.166966,1278150.000000,False
1891,503,Union In. Society of Canton Limited,Insurance,Marine Insurance,69.233976,59.715168,10000.000000,4.933612,0.159404,0.082619,0.242023,597151.680000,False
1891,504,Yangtsze Insurance Association,Insurance,Marine Insurance,77.123502,57.942800,6948.000000,4.554104,0.331028,0.078597,0.409625,402586.574400,False
1891,1017,"Shanghai Land Investment Co., Ld",Miscellaneous,General Miscellaneous,31.266285,25.563000,20000.000000,1.406983,0.223107,0.055040,0.278147,511260.000000,False
1891,1019,"Shanghai House Bazzar Co., Ld",Miscellaneous,General Miscellaneous,52.371027,43.031050,1800.000000,2.605524,0.217052,0.060550,0.277602,77455.890000,False
1891,1020,"Major Brothers, Limited",Miscellaneous,General Miscellaneous,55.237103,44.309200,6000.000000,2.605524,0.246628,0.058803,0.305432,265855.200000,False
1891,1021,"Y'hama Engineering & Iron Work, Ld",Miscellaneous,General Miscellaneous,95.101615,77.754125,1300.000000,6.072138,0.223107,0.078094,0.301201,101080.362500,False
1891,1022,Shanghai-Sumatra Tobacco Co.,Miscellaneous,Tobacco,190.203231,684.236300,130.000000,0.000000,-0.722021,0.000000,-0.722021,88950.719000,False
1891,1023,"Shanghai-Lankat Tobacco Co., Ld",Miscellaneous,Tobacco,72.954664,56.238600,1600.000000,,0.297235,0.000000,0.297235,89981.760000,False
1892,512,Canton Insurance Office,Insurance,Marine Insurance,71.169916,82.167796,10000.000000,2.033426,-0.133847,0.024747,-0.109099,821677.957269,False
1892,513,"Straits Insurance Co., Limited",Insurance,Marine Insurance,9.656453,9.900990,30000.000000,0.677809,-0.024698,0.068459,0.043760,297029.702970,False
1892,1026,"L'Hotel des Colonies, Limited",Miscellaneous,Hotels,46.425255,52.110474,500.000000,1.392758,-0.109099,0.026727,-0.082372,26055.237103,False
1892,1027,"L'Hotel des Colonies, Limited (B)",Miscellaneous,Hotels,23.212628,33.350703,1500.000000,0.835655,-0.303984,0.025057,-0.278927,50026.055237,False
1892,1028,Shanghai Ice Co.,Miscellaneous,General Miscellaneous,111.420613,119.854091,360.000000,4.642526,-0.070365,0.038735,-0.031630,43147.472642,False
1892,901,Shanghai Cargo Boat Co.,Shipping,Steam Navigation,197.307335,213.652944,1000.000000,7.428041,-0.076505,0.034767,-0.041739,213652.944242,False
1892,902,Co-operative Cargo Boat Co.,Shipping,Steam Navigation,66.388115,67.743616,1000.000000,2.321263,-0.020009,0.034265,0.014256,67743.616467,False
1892,1021,"Y'hama Engineering & Iron Work, Ld",Miscellaneous,General Miscellaneous,57.613742,95.101615,1300.000000,2.033426,-0.394188,0.021382,-0.372806,123632.100052,False
1892,807,"Selama Tin Mining Co., Ld",Mining,Tin Mining,0.102136,0.427306,120000.000000,0.000000,-0.760978,0.000000,-0.760978,51276.706618,False
1892,808,"Selama Tin Mining Co., Ld (2nd Issue)",Mining,Tin Mining,0.677809,2.094841,20000.000000,0.000000,-0.676439,0.000000,-0.676439,41896.821261,False
1892,810,"New Imuris Mines, Ld",Mining,General Mining,1.699164,6.847316,200000.000000,,-0.751850,0.000000,-0.751850,1369463.262116,False
1892,811,Belmont Consolidated Mining Co.,Mining,General Mining,0.064995,198.019802,3500.000000,,-0.999672,0.000000,-0.999672,693069.306931,True
1892,300,Shanghai Dock Co.,Docks & Wharves,Docks & Shipbuilding,389.972145,416.883794,440.000000,11.142061,-0.064554,0.026727,-0.037827,183428.869203,False
1892,1068,The Hall & Holtz Co-opearative Co,Miscellaneous,Retail & Stores,5.571031,20.844190,6000.000000,1.857010,-0.732730,0.089090,-0.643640,125065.138093,False
1892,303,"Boyd & Co., Limited (ordinary)",Docks & Wharves,Docks & Shipbuilding,129.990715,135.487233,7800.000000,11.142061,-0.040569,0.082237,0.041668,1056800.416884,False
1892,304,"Boyd & Co., Limited (Founders')",Docks & Wharves,Docks & Shipbuilding,278.551532,208.441897,200.000000,11.142061,0.336351,0.053454,0.389805,41688.379364,False
1892,1069,Shanghai-Sumatra Tobacco Co. (New Issue),Miscellaneous,Tobacco,88.115135,114.121939,650.000000,,-0.227886,0.000000,-0.227886,74179.260031,False
1892,703,Shanghai & H'kew Wharf Co.,Docks & Wharves,Wharves & Godowns,256.267409,281.396561,2867.000000,5.571031,-0.089302,0.019798,-0.069504,806763.939552,False
1892,704,Birt's Wharf Hide-Curing and Wool-Cleaning Company,Docks & Wharves,Wharves & Godowns,34.818942,44.293903,2100.000000,1.624884,-0.213911,0.036684,-0.177227,93017.196456,False
1892,706,"Hongkong & Kowloon Wharf and Godown Co., Limited",Docks & Wharves,Wharves & Godowns,29.823584,52.892131,20000.000000,1.016713,-0.436143,0.019222,-0.416921,1057842.626368,False
1892,211,"Shanghai Tug Boat Co., Ld",Shipping,Tugs & Lighters,90.529248,93.798854,1000.000000,1.857010,-0.034858,0.019798,-0.015060,93798.853570,False
1892,213,Indo-China Steam Nav. Co.,Shipping,Steam Navigation,19.498607,31.266285,49589.000000,1.211699,-0.376370,0.038754,-0.337615,1550463.783220,False
1892,214,Shanghai Shipping Co.,Shipping,Steam Navigation,464.252553,521.104742,150.000000,27.855153,-0.109099,0.053454,-0.055645,78165.711308,False
1892,216,Taku Tug and Lighter Co,Shipping,Tugs & Lighters,56.174559,65.971860,8600.000000,1.694922,-0.148507,0.025692,-0.122816,567357.998958,False
1892,601,"Hongkong Fire In. Co.,Limited",Insurance,Fire Insurance,176.230269,247.368421,8000.000000,12.200557,-0.287580,0.049321,-0.238258,1978947.368421,False
1892,218,"Hongkong, Canton & M'cao S.B.Co",Shipping,Steam Navigation,20.334262,27.003648,80000.000000,0.542247,-0.246981,0.020081,-0.226900,2160291.818656,False
1892,602,"China Fire In. Co.,Limited",Insurance,Fire Insurance,59.312906,68.473163,20000.000000,4.066852,-0.133779,0.059393,-0.074385,1369463.262116,False
1892,604,"Straits Fire Insurance Co., Limited",Insurance,Fire Insurance,11.188487,12.933820,20000.000000,0.677809,-0.134943,0.052406,-0.082537,258676.393955,False
1892,605,"Singapore Insurance Co., Limited",Insurance,Fire Insurance,8.467967,7.608129,29176.000000,0.474466,0.113016,0.062363,0.175379,221974.778530,False
1892,1016,"New Shanghai Electric Co., Ld",Miscellaneous,Utilities,84.493965,99.009901,300.000000,6.499536,-0.146611,0.065645,-0.080966,29702.970297,False
1892,106,Hongkong & Shanghai Banking Corporation,Banking,Banks,225.366760,252.965086,80000.000000,4.846797,-0.109099,0.019160,-0.089939,20237206.878583,False
1892,110,"Bank of China, Japan & Straits , Ld (ordinary shares)",Banking,Banks,1.857010,50.734758,99875.000000,0.454968,-0.963398,0.008968,-0.954430,5067133.923919,True
1892,1007,"Shanghai Waterworks Co.,Ld.",Miscellaneous,Utilities,150.882080,177.175612,7200.000000,2.908078,-0.148404,0.016414,-0.131990,1275664.408546,False
1892,112,"Bank of China, Japan & Straits, Ld (Founders')",Banking,Banks,98.765088,521.104742,1250.000000,32.711235,-0.810470,0.062773,-0.747697,651380.927566,False
1892,1012,"Perak Sugar Cultivation Co., Ld",Miscellaneous,Sugar,10.213556,14.590933,5000.000000,0.000000,-0.300007,0.000000,-0.300007,72954.663887,False
1892,501,"China Traders' Insurance Co.,Limited",Insurance,Marine Insurance,37.279480,47.305888,24000.000000,3.050139,-0.211948,0.064477,-0.147471,1135341.323606,False
1892,502,"North-China Ins. Co., Ld",Insurance,Marine Insurance,213.556175,270.974466,5000.000000,13.676880,-0.211896,0.050473,-0.161423,1354872.329338,False
1892,503,Union In. Society of Canton Limited,Insurance,Marine Insurance,56.258124,69.233976,10000.000000,4.744661,-0.187420,0.068531,-0.118889,692339.760292,False
1892,504,Yangtsze Insurance Association,Insurance,Marine Insurance,74.280409,77.123502,6948.000000,4.066852,-0.036864,0.052732,0.015868,535854.090672,False
1892,1015,"Japan Brewery Co., Ld",Miscellaneous,Food & Beverage,81.337047,98.905680,1500.000000,3.389044,-0.177630,0.034265,-0.143365,148358.520063,False
1892,1018,"J. Llewellyn & Co., Ld",Miscellaneous,General Miscellaneous,66.081708,74.174049,1200.000000,3.389044,-0.109099,0.045690,-0.063409,89008.858781,False
1892,1019,"Shanghai House Bazzar Co., Ld",Miscellaneous,General Miscellaneous,43.175487,52.371027,1800.000000,1.392758,-0.175584,0.026594,-0.148990,94267.847837,False
1892,1020,"Major Brothers, Limited",Miscellaneous,General Miscellaneous,41.782730,55.237103,6000.000000,1.392758,-0.243575,0.025214,-0.218361,331422.615946,False
1892,1017,"Shanghai Land Investment Co., Ld",Miscellaneous,General Miscellaneous,25.533890,31.266285,20000.000000,0.557103,-0.183341,0.017818,-0.165523,625325.690464,False
1892,1022,Shanghai-Sumatra Tobacco Co.,Miscellaneous,Tobacco,135.561746,190.203231,650.000000,0.000000,-0.287279,0.000000,-0.287279,123632.100052,False
1892,1023,"Shanghai-Lankat Tobacco Co., Ld",Miscellaneous,Tobacco,60.352832,72.954664,1600.000000,,-0.172735,0.000000,-0.172735,116727.462220,False
1893,512,Canton Insurance Office,Insurance,Marine Insurance,81.349996,71.169916,10000.000000,2.346573,0.143039,0.032971,0.176011,711699.164345,False
1893,513,"Straits Insurance Co., Limited",Insurance,Marine Insurance,7.697206,9.656453,30000.000000,0.586643,-0.202895,0.060751,-0.142144,289693.593315,False
1893,1018,"J. Llewellyn & Co., Ld",Miscellaneous,General Miscellaneous,31.958927,66.081708,1200.000000,4.106503,-0.516373,0.062143,-0.454230,79298.050139,False
1893,1026,"L'Hotel des Colonies, Limited",Miscellaneous,Hotels,10.745841,46.425255,500.000000,2.785959,-0.768535,0.060010,-0.708525,23212.627669,False
1893,1027,"L'Hotel des Colonies, Limited (B)",Miscellaneous,Hotels,6.367906,23.212628,1500.000000,1.671575,-0.725671,0.072011,-0.653659,34818.941504,False
1893,901,Shanghai Cargo Boat Co.,Shipping,Steam Navigation,167.157526,197.307335,1000.000000,9.551859,-0.152806,0.048411,-0.104395,197307.335190,False
1893,902,Co-operative Cargo Boat Co.,Shipping,Steam Navigation,63.679058,66.388115,1000.000000,2.387965,-0.040806,0.035970,-0.004837,66388.115135,False
1893,1029,Shanghai Gas Co.,Miscellaneous,Utilities,157.207673,199.628598,2000.000000,4.775929,-0.212499,0.023924,-0.188575,399257.195915,False
1893,1030,"Shanghai-Lankat Tobacco Co., Ld (Founders')",Miscellaneous,Tobacco,417.893815,487.465181,10.000000,,-0.142721,0.000000,-0.142721,4874.651811,False
1893,1028,Shanghai Ice Co.,Miscellaneous,General Miscellaneous,83.578763,111.420613,360.000000,7.561888,-0.249881,0.067868,-0.182013,40111.420613,False
1893,1031,"A.S. Watson & Co., Ld",Miscellaneous,Retail & Stores,5.810714,10.510678,50000.000000,0.175993,-0.447161,0.016744,-0.430417,525533.890436,False
1893,1021,"Y'hama Engineering & Iron Work, Ld",Miscellaneous,General Miscellaneous,14.526785,57.613742,1300.000000,1.759930,-0.747859,0.030547,-0.717312,74897.864438,False
1893,300,Shanghai Dock Co.,Docks & Wharves,Docks & Shipbuilding,334.315052,389.972145,440.000000,9.551859,-0.142721,0.024494,-0.118227,171587.743733,False
1893,812,"Sheridan Con. M. & M. Co.,Ld",Mining,General Mining,1.591976,32.497679,20000.000000,0.000000,-0.951013,0.000000,-0.951013,649953.574745,True
1893,303,"Boyd & Co., Limited (ordinary)",Docks & Wharves,Docks & Shipbuilding,103.478469,129.990715,7800.000000,7.959882,-0.203955,0.061234,-0.142721,1013927.576602,False
1893,304,"Boyd & Co., Limited (Founders')",Docks & Wharves,Docks & Shipbuilding,238.796466,278.551532,200.000000,7.959882,-0.142721,0.028576,-0.114145,55710.306407,False
1893,305,"S.C. Farnham & Co., Ld",Docks & Wharves,Docks & Shipbuilding,77.608851,97.493036,7500.000000,7.163894,-0.203955,0.073481,-0.130474,731197.771588,False
1893,703,Shanghai & H'kew Wharf Co.,Docks & Wharves,Wharves & Godowns,210.936878,256.267409,2867.000000,4.775929,-0.176888,0.018637,-0.158251,734718.662953,False
1893,704,Birt's Wharf Hide-Curing and Wool-Cleaning Company,Docks & Wharves,Wharves & Godowns,29.451564,34.818942,2100.000000,1.392979,-0.154151,0.040006,-0.114145,73119.777159,False
1893,706,"Hongkong & Kowloon Wharf and Godown Co., Limited",Docks & Wharves,Wharves & Godowns,21.499642,29.823584,20000.000000,0.733304,-0.279106,0.024588,-0.254518,596471.680594,False
1893,211,"Shanghai Tug Boat Co., Ld",Shipping,Tugs & Lighters,69.250975,90.529248,1000.000000,2.387965,-0.235043,0.026378,-0.208665,90529.247911,False
1893,213,Indo-China Steam Nav. Co.,Shipping,Steam Navigation,16.715753,19.498607,49589.000000,1.046725,-0.142721,0.053682,-0.089039,966916.434540,False
1893,214,Shanghai Shipping Co.,Shipping,Steam Navigation,119.398233,464.252553,150.000000,9.551859,-0.742816,0.020575,-0.722242,69637.883008,False
1893,216,Taku Tug and Lighter Co,Shipping,Tugs & Lighters,45.968320,56.174559,8600.000000,1.253681,-0.181688,0.022318,-0.159370,483101.207057,False
1893,601,"Hongkong Fire In. Co.,Limited",Insurance,Fire Insurance,117.662979,176.230269,8000.000000,10.169961,-0.332334,0.057708,-0.274626,1409842.154132,False
1893,218,"Hongkong, Canton & M'cao S.B.Co",Shipping,Steam Navigation,16.707793,20.334262,80000.000000,0.703972,-0.178343,0.034620,-0.143723,1626740.947075,False
1893,219,China Shippers' Mutual S.N.Co. (preference shares 1),Shipping,Steam Navigation,26.991961,29.062210,20000.000000,1.256069,-0.071235,0.043220,-0.028015,581244.196843,False
1893,220,China Shippers' Mutual S.N.Co. (ordinary shares 1),Shipping,Steam Navigation,4.186898,4.846797,10000.000000,0.628035,-0.136151,0.129577,-0.006574,48467.966574,False
1893,221,China Shippers' Mutual S.N.CO. (ordinary shares 2),Shipping,Steam Navigation,2.077529,14.540390,10000.000000,0.439624,-0.857120,0.030235,-0.826885,145403.899721,False
1893,602,"China Fire In. Co.,Limited",Insurance,Fire Insurance,47.647855,59.312906,20000.000000,4.067984,-0.196670,0.068585,-0.128085,1186258.124420,False
1893,604,"Straits Fire Insurance Co., Limited",Insurance,Fire Insurance,9.878214,11.188487,20000.000000,0.586643,-0.117109,0.052433,-0.064676,223769.730734,False
1893,106,Hongkong & Shanghai Banking Corporation,Banking,Banks,143.811192,225.366760,80000.000000,4.186898,-0.361879,0.018578,-0.343301,18029340.761374,False
1893,110,"Bank of China, Japan & Straits , Ld (ordinary shares)",Banking,Banks,1.193982,1.857010,199875.000000,0.390034,-0.357041,0.210033,-0.147007,371169.916435,False
1893,1007,"Shanghai Waterworks Co.,Ld.",Miscellaneous,Utilities,126.164133,150.882080,7200.000000,2.512139,-0.163823,0.016650,-0.147173,1086350.974930,False
1893,112,"Bank of China, Japan & Straits, Ld (Founders')",Banking,Banks,85.138900,98.765088,1250.000000,28.042665,-0.137966,0.283933,0.145967,123456.360260,False
1893,114,"National Bank of China, Ld. B",Banking,Banks,12.783571,26.778087,29995.000000,0.000000,-0.522611,0.000000,-0.522611,803208.727948,False
1893,115,"National Bank of China, Ld. Founders'",Banking,Banks,75.539282,135.561746,750.000000,0.000000,-0.442768,0.000000,-0.442768,101671.309192,False
1893,1012,"Perak Sugar Cultivation Co., Ld",Miscellaneous,Sugar,23.083658,10.213556,5000.000000,0.795229,1.260100,0.077860,1.337960,51067.780873,False
1893,501,"China Traders' Insurance Co.,Limited",Insurance,Marine Insurance,32.539998,37.279480,24000.000000,2.639895,-0.127134,0.070814,-0.056320,894707.520891,False
1893,502,"North-China Ins. Co., Ld",Insurance,Marine Insurance,111.438351,213.556175,5000.000000,21.229006,-0.478178,0.099407,-0.378771,1067780.872795,False
1893,503,Union In. Society of Canton Limited,Insurance,Marine Insurance,51.715355,56.258124,10000.000000,4.106503,-0.080749,0.072994,-0.007755,562581.244197,False
1893,504,Yangtsze Insurance Association,Insurance,Marine Insurance,36.320942,74.280409,6948.000000,3.519860,-0.511029,0.047386,-0.463643,516100.278552,False
1893,1015,"Japan Brewery Co., Ld",Miscellaneous,Food & Beverage,60.431426,81.337047,1500.000000,2.933217,-0.257025,0.036062,-0.220962,122005.571031,False
1893,1019,"Shanghai House Bazzar Co., Ld",Miscellaneous,General Miscellaneous,30.645546,43.175487,1800.000000,1.193982,-0.290210,0.027654,-0.262555,77715.877437,False
1893,1020,"Major Brothers, Limited",Miscellaneous,General Miscellaneous,27.859588,41.782730,6000.000000,1.193982,-0.333227,0.028576,-0.304651,250696.378830,False
1893,1017,"Shanghai Land Investment Co., Ld",Miscellaneous,General Miscellaneous,23.083658,25.533890,20000.000000,0.716389,-0.095960,0.028056,-0.067904,510677.808728,False
1893,1022,Shanghai-Sumatra Tobacco Co.,Miscellaneous,Tobacco,103.478469,135.561746,650.000000,11.732866,-0.236669,0.086550,-0.150119,88115.134633,False
1893,1023,"Shanghai-Lankat Tobacco Co., Ld",Miscellaneous,Tobacco,39.799411,60.352832,1590.000000,,-0.340554,0.000000,-0.340554,95961.002786,False
1894,512,Canton Insurance Office,Insurance,Marine Insurance,72.629340,81.349996,10000.000000,2.504460,-0.107199,0.030786,-0.076413,813499.960201,False
1894,513,"Straits Insurance Co., Limited",Insurance,Marine Insurance,8.762179,7.697206,30000.000000,0.250446,0.138358,0.032537,0.170896,230916.182440,False
1894,1026,"L'Hotel des Colonies, Limited",Miscellaneous,Hotels,13.723068,10.745841,500.000000,2.401537,0.277059,0.223485,0.500544,5372.920481,False
1894,1028,Shanghai Ice Co.,Miscellaneous,General Miscellaneous,82.338411,83.578763,360.000000,6.175381,-0.014841,0.073887,0.059046,30088.354692,False
1894,901,Shanghai Cargo Boat Co.,Shipping,Steam Navigation,101.207630,167.157526,1000.000000,5.146151,-0.394537,0.030786,-0.363751,167157.526069,False
1894,902,Co-operative Cargo Boat Co.,Shipping,Steam Navigation,84.053794,63.679058,1000.000000,4.116921,0.319960,0.064651,0.384611,63679.057550,False
1894,1029,Shanghai Gas Co.,Miscellaneous,Utilities,140.661452,157.207673,2000.000000,4.116921,-0.105251,0.026188,-0.079063,314415.346653,False
1894,1031,"A.S. Watson & Co., Ld",Miscellaneous,Retail & Stores,5.255935,5.810714,50000.000000,0.200357,-0.095475,0.034481,-0.060995,290535.700072,False
1894,300,Shanghai Dock Co.,Docks & Wharves,Docks & Shipbuilding,377.384383,334.315052,440.000000,8.233841,0.128829,0.024629,0.153458,147098.622940,False
1894,812,"Sheridan Con. M. & M. Co.,Ld",Mining,General Mining,0.686153,1.591976,20000.000000,0.000000,-0.568993,0.000000,-0.568993,31839.528775,False
1894,303,"Boyd & Co., Limited (ordinary)",Docks & Wharves,Docks & Shipbuilding,101.207630,103.478469,7800.000000,8.233841,-0.021945,0.079571,0.057626,807132.054446,False
1894,304,"Boyd & Co., Limited (Founders')",Docks & Wharves,Docks & Shipbuilding,205.846027,238.796466,200.000000,,-0.137985,0.000000,-0.137985,47759.293162,False
1894,305,"S.C. Farnham & Co., Ld",Docks & Wharves,Docks & Shipbuilding,78.221490,77.608851,7500.000000,7.547688,0.007894,0.097253,0.105147,582066.385417,False
1894,703,Shanghai & H'kew Wharf Co.,Docks & Wharves,Wharves & Godowns,159.530671,210.936878,2867.000000,4.116921,-0.243704,0.019517,-0.224187,604756.029611,False
1894,704,Birt's Wharf Hide-Curing and Wool-Cleaning Company,Docks & Wharves,Wharves & Godowns,25.387677,29.451564,2100.000000,1.200768,-0.137985,0.040771,-0.097214,61848.284645,False
1894,706,"Hongkong & Kowloon Wharf and Godown Co., Limited",Docks & Wharves,Wharves & Godowns,18.533004,21.499642,20000.000000,0.626115,-0.137985,0.029122,-0.108863,429992.836106,False
1894,211,"Shanghai Tug Boat Co., Ld",Shipping,Tugs & Lighters,71.016879,69.250975,1000.000000,2.744614,0.025500,0.039633,0.065133,69250.975086,False
1894,213,Indo-China Steam Nav. Co.,Shipping,Steam Navigation,19.212296,16.715753,49589.000000,1.152738,0.149353,0.068961,0.218314,828917.456022,False
1894,216,Taku Tug and Lighter Co,Shipping,Tugs & Lighters,43.227666,45.968320,8600.000000,1.801153,-0.059620,0.039182,-0.020438,395327.549152,False
1894,601,"Hongkong Fire In. Co.,Limited",Insurance,Fire Insurance,86.002470,117.662979,8000.000000,8.014272,-0.269078,0.068112,-0.200966,941303.828703,False
1894,218,"Hongkong, Canton & M'cao S.B.Co",Shipping,Steam Navigation,12.899684,16.707793,80000.000000,0.601070,-0.227924,0.035975,-0.191949,1336623.417973,False
1894,219,China Shippers' Mutual S.N.Co. (preference shares 1),Shipping,Steam Navigation,34.307671,26.991961,20000.000000,1.372993,0.271033,0.050867,0.321900,539839.210380,False
1894,221,China Shippers' Mutual S.N.Co. (ordinary shares 2),Shipping,Steam Navigation,4.576643,2.077529,10000.000000,1.144161,1.202926,0.550732,1.753658,20775.292526,False
1894,602,"China Fire In. Co.,Limited",Insurance,Fire Insurance,37.313023,47.647855,20000.000000,3.005352,-0.216900,0.063074,-0.153826,952957.096235,False
1894,106,Hongkong & Shanghai Banking Corporation,Banking,Banks,134.616440,143.811192,80000.000000,4.576643,-0.063936,0.031824,-0.032112,11504895.327549,False
1894,1007,"Shanghai Waterworks Co.,Ld.",Miscellaneous,Utilities,113.215315,126.164133,7200.000000,2.909291,-0.102635,0.023060,-0.079575,908381.755950,False
1894,114,"National Bank of China, Ld. B",Banking,Banks,10.518732,12.783571,29995.000000,0.555990,-0.177168,0.043493,-0.133675,383443.206241,False
1894,1012,"Perak Sugar Cultivation Co., Ld",Miscellaneous,Sugar,24.701523,23.083658,5000.000000,1.372307,0.070087,0.059449,0.129536,115418.291809,False
1894,501,"China Traders' Insurance Co.,Limited",Insurance,Marine Insurance,30.053520,32.539998,24000.000000,2.504460,-0.076413,0.076966,0.000553,780959.961793,False
1894,502,"North-China Ins. Co., Ld",Insurance,Marine Insurance,137.230685,111.438351,5000.000000,11.932208,0.231449,0.107075,0.338524,557191.753562,False
1894,503,Union In. Society of Canton Limited,Insurance,Marine Insurance,63.860299,51.715355,10000.000000,4.508028,0.234842,0.087170,0.322012,517153.546128,False
1894,504,Yangtsze Insurance Association,Insurance,Marine Insurance,39.069576,36.320942,6948.000000,3.005352,0.075676,0.082744,0.158421,252357.908143,False
1894,1013,Hall & Holtz Ld,Miscellaneous,Retail & Stores,7.012488,8.716071,6000.000000,0.500892,-0.195453,0.057468,-0.137985,52296.426013,False
1894,1018,"J. Llewellyn & Co., Ld",Miscellaneous,General Miscellaneous,18.786881,31.958927,1200.000000,3.506244,-0.412155,0.109711,-0.302445,38350.712409,False
1894,1019,"Shanghai House Bazzar Co., Ld",Miscellaneous,General Miscellaneous,22.986140,30.645546,1800.000000,1.029230,-0.249935,0.033585,-0.216350,55161.983603,False
1894,1020,"Major Brothers, Limited",Miscellaneous,General Miscellaneous,17.153836,27.859588,6000.000000,1.029230,-0.384275,0.036943,-0.347332,167157.526069,False
1894,1017,"Shanghai Land Investment Co., Ld",Miscellaneous,General Miscellaneous,23.672293,23.083658,20000.000000,0.617538,0.025500,0.026752,0.052252,461673.167237,False
1894,1022,Shanghai-Sumatra Tobacco Co.,Miscellaneous,Tobacco,150.953753,103.478469,1290.000000,10.017840,0.458794,0.096811,0.555605,133487.224389,False
1894,1023,"Shanghai-Lankat Tobacco Co., Ld",Miscellaneous,Tobacco,65.184575,39.799411,1590.000000,0.000000,0.637828,0.000000,0.637828,63281.063440,False
1895,512,Canton Insurance Office,Insurance,Marine Insurance,102.764370,72.629340,10000.000000,3.203159,0.414915,0.044103,0.459018,726293.399204,False
1895,513,"Straits Insurance Co., Limited",Insurance,Marine Insurance,13.346497,8.762179,30000.000000,1.067720,0.523194,0.121856,0.645049,262865.376698,False
1895,1018,"J. Llewellyn & Co., Ld",Miscellaneous,General Miscellaneous,21.354395,18.786881,1200.000000,3.737019,0.136665,0.198916,0.335582,22544.256896,False
1895,1028,Shanghai Ice Co.,Miscellaneous,General Miscellaneous,95.070938,82.338411,540.000000,8.775779,0.154637,0.106582,0.261218,44462.741869,False
1895,901,Shanghai Cargo Boat Co.,Shipping,Tugs & Lighters,147.725611,101.207630,2000.000000,5.850519,0.459629,0.057807,0.517436,202415.260052,False
1895,902,Co-operative Cargo Boat Co.,Shipping,Tugs & Lighters,135.293257,84.053794,1000.000000,5.119204,0.609603,0.060904,0.670507,84053.794428,False
1895,1029,Shanghai Gas Co.,Miscellaneous,Utilities,157.232704,140.661452,2000.000000,4.387889,0.117809,0.031195,0.149004,281322.903801,False
1895,1033,China Sugar Refining Co. Ld,Miscellaneous,Sugar,60.055580,74.132016,20000.000000,2.135440,-0.189883,0.028806,-0.161077,1482640.318375,False
1895,1034,Luzon Sugar Refining Co. Ld,Miscellaneous,Sugar,31.497733,24.042816,7000.000000,1.601580,0.310068,0.066614,0.376682,168299.711816,False
1895,1035,"Hongkong Land Invest. & A.Co., Ld",Real Estate,Land & Property,36.967968,27.295183,50000.000000,1.067720,0.354377,0.039118,0.393495,1364759.160148,False
1895,1031,"A.S. Watson & Co., Ld",Miscellaneous,Retail & Stores,6.940178,5.255935,60000.000000,0.266930,0.320446,0.050786,0.371232,315356.113627,False
1895,1032,Hongkong Electric Co. Ld,Miscellaneous,Utilities,3.605382,2.003568,30000.000000,0.000000,0.799481,0.000000,0.799481,60107.039934,False
1895,812,"Sheridan Con. M. & M. Co.,Ld",Mining,General Mining,1.828287,0.686153,20000.000000,0.000000,1.664546,0.000000,1.664546,13723.068478,False
1895,813,Punjom Mining & Trading Co. Ld,Mining,General Mining,3.071523,3.506244,58580.000000,0.000000,-0.123985,0.000000,-0.123985,205395.773295,False
1895,814,Punjom Mining & Trading Co. Ld (preference shares),Mining,Bonds & Preferences,0.797133,0.850830,28509.000000,0.000000,-0.063111,0.000000,-0.063111,24256.319473,False
1895,303,"Boyd & Co., Limited (ordinary)",Docks & Wharves,Docks & Shipbuilding,138.949832,101.207630,7800.000000,8.775779,0.372919,0.086711,0.459629,789419.514203,False
1895,304,"Boyd & Co., Limited (Founders')",Docks & Wharves,Docks & Shipbuilding,219.394471,205.846027,200.000000,,0.065818,0.000000,0.065818,41169.205434,False
1895,305,"S.C. Farnham & Co., Ld",Docks & Wharves,Docks & Shipbuilding,136.024572,78.221490,7500.000000,8.775779,0.738967,0.112191,0.851158,586661.177439,False
1895,306,Hongkong & W'pao Dock Co. Ld,Docks & Wharves,Docks & Shipbuilding,164.158257,113.325099,12500.000000,4.671274,0.448560,0.041220,0.489781,1416563.743653,False
1895,815,Jelebu Mining & Trading Co Ld,Mining,General Mining,1.601580,2.250583,45000.000000,0.133465,-0.288371,0.059302,-0.229069,101276.245368,False
1895,816,Raub A'lian Gold Min. Co. Ld,Mining,Gold Mining,2.003803,2.504460,200000.000000,0.112111,-0.199906,0.044764,-0.155142,500891.999451,False
1895,703,Shanghai & H'kew Wharf Co.,Docks & Wharves,Wharves & Godowns,230.364195,159.530671,2867.000000,5.850519,0.444012,0.036673,0.480685,457374.433923,False
1895,704,Birt's Wharf Hide-Curing and Wool-Cleaning Company,Docks & Wharves,Wharves & Godowns,40.222320,25.387677,2100.000000,1.279801,0.584325,0.050410,0.634735,53314.121037,False
1895,706,"Hongkong & Kowloon Wharf and Godown Co., Limited",Docks & Wharves,Wharves & Godowns,26.159134,18.533004,20000.000000,0.667325,0.411489,0.036007,0.447497,370660.079594,False
1895,211,"Shanghai Tug Boat Co., Ld",Shipping,Tugs & Lighters,111.525523,71.016879,1000.000000,3.656575,0.570409,0.051489,0.621897,71016.879374,False
1895,213,Indo-China Steam Nav. Co.,Shipping,Steam Navigation,31.080883,19.212296,49589.000000,3.715080,0.617760,0.193370,0.811130,952718.539866,False
1895,216,Taku Tug and Lighter Co,Shipping,Tugs & Lighters,57.591049,43.227666,8600.000000,2.687582,0.332273,0.062173,0.394446,371757.925072,False
1895,601,"Hongkong Fire In. Co.,Limited",Insurance,Fire Insurance,138.803569,86.002470,8000.000000,7.474038,0.613949,0.086905,0.700854,688019.761219,False
1895,218,"Hongkong, Canton & M'cao S.B.Co",Shipping,Steam Navigation,19.752816,12.899684,80000.000000,0.640632,0.531263,0.049663,0.580926,1031974.749554,False
1895,219,China Shippers' Mutual S.N.Co. (preference shares 1),Shipping,Steam Navigation,36.565745,34.307671,16736.000000,1.471500,0.065818,0.042891,0.108710,574173.185124,False
1895,221,China Shippers' Mutual S.N.Co. (ordinary shares 2),Shipping,Steam Navigation,9.507094,4.576643,10000.000000,1.226250,1.077307,0.267937,1.345244,45766.433375,False
1895,602,"China Fire In. Co.,Limited",Insurance,Fire Insurance,47.513529,37.313023,20000.000000,3.203159,0.273377,0.085846,0.359222,746260.463840,False
1895,223,Douglas Steamship Co. Ld,Shipping,Steam Navigation,28.294574,25.113215,20000.000000,1.868510,0.126681,0.074403,0.201084,502264.306299,False
1895,106,Hongkong & Shanghai Banking Corporation,Banking,Banks,190.185754,134.616440,80000.000000,6.131250,0.412797,0.045546,0.458343,10769315.218883,False
1895,1007,"Shanghai Waterworks Co.,Ld.",Miscellaneous,Utilities,133.464970,113.215315,7200.000000,3.144654,0.178860,0.027776,0.206636,815150.267600,False
1895,114,"National Bank of China, Ld. B",Banking,Banks,14.545853,10.518732,3818.000000,0.667325,0.382852,0.063442,0.446294,40160.518732,False
1895,501,"China Traders' Insurance Co.,Limited",Insurance,Marine Insurance,38.971771,30.053520,24000.000000,2.669299,0.296746,0.088818,0.385564,721284.479210,False
1895,502,"North-China Ins. Co., Ld",Insurance,Marine Insurance,164.545853,137.230685,5000.000000,12.059383,0.199046,0.087877,0.286922,686153.423906,False
1895,503,Union In. Society of Canton Limited,Insurance,Marine Insurance,105.967530,63.860299,10000.000000,6.406319,0.659365,0.100318,0.759682,638602.991629,False
1895,504,Yangtsze Insurance Association,Insurance,Marine Insurance,64.063186,39.069576,6948.000000,4.804739,0.639721,0.122979,0.762700,271455.413751,False
1895,1012,"Perak Sugar Cultivation Co., Ld",Miscellaneous,Sugar,26.327337,24.701523,5000.000000,1.462630,0.065818,0.059212,0.125030,123507.616303,False
1895,1013,Hall & Holtz Ld,Miscellaneous,Retail & Stores,13.346497,7.012488,6000.000000,0.533860,0.903247,0.076130,0.979377,42074.927954,False
1895,1019,"Shanghai House Bazzar Co., Ld",Miscellaneous,General Miscellaneous,37.297060,22.986140,1800.000000,1.828287,0.622589,0.079539,0.702128,41375.051462,False
1895,1020,"Major Brothers, Limited",Miscellaneous,General Miscellaneous,18.282873,17.153836,6000.000000,1.096972,0.065818,0.063949,0.129767,102923.013586,False
1895,1017,"Shanghai Land Investment Co., Ld",Real Estate,Land & Property,51.192043,23.672293,20000.000000,1.096972,1.162530,0.046340,1.208870,473445.862495,False
1895,1022,Shanghai-Sumatra Tobacco Co.,Miscellaneous,Tobacco,72.400176,150.953753,1300.000000,1.667398,-0.520382,0.011046,-0.509336,196239.879237,False
1895,1023,"Shanghai-Lankat Tobacco Co., Ld",Miscellaneous,Tobacco,171.859002,65.184575,1590.000000,0.000000,1.636498,0.000000,1.636498,103643.474681,False
1896,512,Canton Insurance Office,Insurance,Marine Insurance,97.277246,102.764370,10000.000000,3.154938,-0.053395,0.030701,-0.022695,1027643.703379,False
1896,513,"Straits Insurance Co., Limited",Insurance,Marine Insurance,13.145574,13.346497,30000.000000,1.051646,-0.015054,0.078796,0.063741,400394.910048,False
1896,1018,"J. Llewellyn & Co., Ld",Miscellaneous,General Miscellaneous,26.291147,21.354395,1200.000000,3.680761,0.231182,0.172365,0.403548,25625.274243,False
1896,1028,Shanghai Ice Co.,Miscellaneous,General Miscellaneous,100.842757,95.070938,540.000000,8.643665,0.060711,0.090918,0.151629,51338.306275,False
1896,901,Shanghai Cargo Boat Co.,Shipping,Tugs & Lighters,149.463372,147.725611,2000.000000,5.042138,0.011763,0.034132,0.045895,295451.221296,False
1896,902,Co-operative Cargo Boat Co.,Shipping,Tugs & Lighters,136.858028,135.293257,1000.000000,3.601527,0.011566,0.026620,0.038186,135293.257277,False
1896,1029,Shanghai Gas Co.,Miscellaneous,Utilities,153.064900,157.232704,2000.000000,4.321832,-0.026507,0.027487,0.000980,314465.408805,False
1896,1031,"A.S. Watson & Co., Ld",Miscellaneous,Retail & Stores,6.439530,6.940178,60000.000000,0.262911,-0.072138,0.037883,-0.034255,416410.706450,False
1896,1033,China Sugar Refining Co. Ld,Miscellaneous,Sugar,69.430238,60.055580,20000.000000,2.103292,0.156100,0.035022,0.191122,1201111.598654,False
1896,1034,Luzon Sugar Refining Co. Ld,Miscellaneous,Sugar,24.187856,31.497733,7000.000000,2.629115,-0.232076,0.083470,-0.148606,220484.130467,False
1896,1035,"Hongkong Land Invest. & A.Co., Ld",Real Estate,Land & Property,39.962544,36.967968,50000.000000,1.051646,0.081005,0.028447,0.109452,1848398.420360,False
1896,1036,"Shanghai Land Investment Co., Ld (2nd Issue)",Real Estate,Land & Property,43.578477,30.715226,9315.000000,0.864366,0.418791,0.028141,0.446932,286112.329969,False
1896,1037,"Bell's Asbestos Eastern Agency, Ld",Miscellaneous,General Miscellaneous,4.732407,3.587100,3000.000000,0.000000,0.319285,0.000000,0.319285,10761.298815,False
1896,1038,"Bell's Asbestos Eastern Agency, Ld (Type 2)",Miscellaneous,General Miscellaneous,4.206584,5.075325,7000.000000,0.000000,-0.171170,0.000000,-0.171170,35527.278046,False
1896,1032,Hongkong Electric Co. Ld,Miscellaneous,Utilities,3.421451,3.605382,30000.000000,0.210329,-0.051016,0.058338,0.007322,108161.474331,False
1896,812,"Sheridan Con. M. & M. Co.,Ld",Mining,General Mining,2.881222,1.828287,20000.000000,0.000000,0.575913,0.000000,0.575913,36565.745210,False
1896,813,Punjom Mining & Trading Co. Ld,Mining,General Mining,6.309875,3.071523,60000.000000,0.000000,1.054315,0.000000,1.054315,184291.355858,False
1896,814,Punjom Mining & Trading Co. Ld (preference shares),Mining,Bonds & Preferences,2.052870,0.797133,30000.000000,0.000000,1.575317,0.000000,1.575317,23913.997367,False
1896,303,"Boyd & Co., Limited (ordinary)",Docks & Wharves,Docks & Shipbuilding,133.256501,138.949832,7800.000000,10.804581,-0.040974,0.077759,0.036785,1083808.688021,False
1896,305,"S.C. Farnham & Co., Ld",Docks & Wharves,Docks & Shipbuilding,129.654974,136.024572,7500.000000,10.084276,-0.046827,0.074136,0.027309,1020184.291356,False
1896,306,Hongkong & W'pao Dock Co. Ld,Docks & Wharves,Docks & Shipbuilding,202.441835,164.158257,12500.000000,7.887344,0.233211,0.048047,0.281259,2051978.206816,False
1896,815,Jelebu Mining & Trading Co Ld,Mining,General Mining,1.368580,1.601580,45000.000000,0.131456,-0.145481,0.082079,-0.063402,72071.083809,False
1896,816,Raub A'lian Gold Min. Co. Ld,Mining,Gold Mining,4.732407,2.003803,200000.000000,0.115681,1.361713,0.057731,1.419443,400760.567500,False
1896,703,Shanghai & H'kew Wharf Co.,Docks & Wharves,Wharves & Godowns,86.436649,230.364195,2867.000000,2.160916,-0.624783,0.009380,-0.615402,660454.146556,False
1896,706,"Hongkong & Kowloon Wharf and Godown Co., Limited",Docks & Wharves,Wharves & Godowns,30.497731,26.159134,20000.000000,0.657279,0.165854,0.025126,0.190980,523182.682463,False
1896,2501,"Ewo Cotton Sp. & W. Co., Ld",Miscellaneous,Cotton & Textiles,57.624433,29.252596,10000.000000,,0.969891,0.000000,0.969891,292525.961679,False
1896,2502,International Cotton Man. Co. Ld,Miscellaneous,Cotton & Textiles,64.827487,34.737458,10000.000000,,0.866213,0.000000,0.866213,347374.579494,False
1896,2503,"Laou-kung-mow Cotton Spinning and Weaving Co., Ld",Miscellaneous,Cotton & Textiles,64.827487,34.737458,8000.000000,,0.866213,0.000000,0.866213,277899.663595,False
1896,2504,Soy Chee Cotton Spin. Co. Ld,Miscellaneous,Cotton & Textiles,378.160340,146.262981,2000.000000,,1.585482,0.000000,1.585482,292525.961679,False
1896,2001,Kowloon Land & Building Co. Ld,Real Estate,Land & Property,7.757689,9.338891,6000.000000,0.420658,-0.169314,0.045044,-0.124270,56033.347960,False
1896,2002,Humphreys Estate & F.Co.Ld,Real Estate,Land & Property,4.732407,5.075325,25400.000000,0.368076,-0.067566,0.072523,0.004957,128913.266052,False
1896,211,"Shanghai Tug Boat Co., Ld",Shipping,Tugs & Lighters,151.264136,111.525523,1000.000000,3.601527,0.356319,0.032293,0.388612,111525.522890,False
1896,213,Indo-China Steam Nav. Co.,Shipping,Steam Navigation,20.528704,31.080883,49589.000000,3.651948,-0.339507,0.117498,-0.222009,1541269.928331,False
1896,216,Taku Tug and Lighter Co,Shipping,Tugs & Lighters,113.448102,57.591049,8600.000000,3.781603,0.969891,0.065663,1.035554,495283.018868,False
1896,601,"Hongkong Fire In. Co.,Limited",Insurance,Fire Insurance,188.244616,138.803569,8000.000000,4.758698,0.356194,0.034284,0.390478,1110428.550534,False
1896,218,"Hongkong, Canton & M'cao S.B.Co",Shipping,Steam Navigation,17.352157,19.752816,80000.000000,0.630988,-0.121535,0.031944,-0.089591,1580225.244990,False
1896,219,China Shippers' Mutual S.N.Co. (preference shares 1),Shipping,Steam Navigation,34.574660,36.565745,16736.000000,1.481771,-0.054452,0.040523,-0.013929,611964.311833,False
1896,221,China Shippers' Mutual S.N.Co. (ordinary shares 2),Shipping,Steam Navigation,11.164734,9.507094,15505.000000,1.481771,0.174358,0.155860,0.330218,147407.488665,False
1896,602,"China Fire In. Co.,Limited",Insurance,Fire Insurance,53.633941,47.513529,20000.000000,2.103292,0.128814,0.044267,0.173081,950270.586515,False
1896,223,Douglas Steamship Co. Ld,Shipping,Steam Navigation,30.497731,28.294574,20000.000000,4.206584,0.077865,0.148671,0.226536,565891.472868,False
1896,106,Hongkong & Shanghai Banking Corporation,Banking,Banks,185.348988,190.185754,80000.000000,6.174046,-0.025432,0.032463,0.007031,15214860.318853,False
1896,1007,"Shanghai Waterworks Co.,Ld.",Miscellaneous,Utilities,182.237269,133.464970,7200.000000,3.572715,0.365431,0.026769,0.392200,960947.784116,False
1896,112,"Bank of China, Japan & Straits, Ld (deferred shares)",Banking,Banks,24.696185,9.810000,1250.000000,0.000000,1.517450,0.000000,1.517450,12262.500000,False
1896,115,"National Bank of China, Ld. Founders'",Banking,Banks,52.582295,56.055287,750.000000,0.615213,-0.061957,0.010975,-0.050981,42041.465555,False
1896,1012,"Perak Sugar Cultivation Co., Ld",Miscellaneous,Sugar,19.448246,26.327337,5000.000000,1.440611,-0.261291,0.054719,-0.206572,131636.682756,False
1896,501,"China Traders' Insurance Co.,Limited",Insurance,Marine Insurance,38.925304,38.971771,24000.000000,2.629115,-0.001192,0.067462,0.066270,935322.509873,False
1896,502,"North-China Ins. Co., Ld",Insurance,Marine Insurance,136.922855,164.545853,5000.000000,11.877836,-0.167874,0.072186,-0.095689,822729.267222,False
1896,503,Union In. Society of Canton Limited,Insurance,Marine Insurance,118.310164,105.967530,10000.000000,7.887344,0.116476,0.074432,0.190907,1059675.296183,False
1896,504,Yangtsze Insurance Association,Insurance,Marine Insurance,68.515451,64.063186,6948.000000,6.309875,0.069498,0.098495,0.167993,445111.013602,False
1896,1017,"Shanghai Land Investment Co., Ld",Real Estate,Land & Property,59.425196,51.192043,10685.000000,1.440611,0.160829,0.028141,0.188970,546986.982595,False
1896,1013,Hall & Holtz Ld,Miscellaneous,Retail & Stores,19.981272,13.346497,6000.000000,1.051646,0.497117,0.078796,0.575913,80078.982010,False
1896,1019,"Shanghai House Bazzar Co., Ld",Miscellaneous,General Miscellaneous,57.624433,37.297060,1800.000000,2.881222,0.545013,0.077251,0.622263,67134.708205,False
1896,1020,"Major Brothers, Limited",Miscellaneous,General Miscellaneous,30.252827,18.282873,6000.000000,1.080458,0.654709,0.059097,0.713805,109697.235630,False
1896,1022,Shanghai-Sumatra Tobacco Co.,Miscellaneous,Tobacco,72.030541,72.400176,6500.000000,2.665130,-0.005105,0.036811,0.031706,470601.140851,False
1896,1023,"Shanghai-Lankat Tobacco Co., Ld",Miscellaneous,Tobacco,201.685515,171.859002,1590.000000,0.000000,0.173552,0.000000,0.173552,273255.813953,False
1897,512,Canton Insurance Office,Insurance,Marine Insurance,76.742475,97.277246,10000.000000,2.926829,-0.211095,0.030088,-0.181008,972772.455521,False
1897,513,"Straits Insurance Co., Limited",Insurance,Marine Insurance,8.283675,13.145574,30000.000000,0.975610,-0.369851,0.074216,-0.295635,394367.211698,False
1897,1018,"J. Llewellyn & Co., Ld",Miscellaneous,General Miscellaneous,29.236500,26.291147,1200.000000,3.414634,0.112028,0.129878,0.241906,31549.376936,False
1897,1028,Shanghai Ice Co.,Industrial,General Miscellaneous,80.100000,100.842757,540.000000,6.014033,-0.205694,0.059638,-0.146056,54455.088958,False
1897,901,Shanghai Cargo Boat Co.,Shipping,Tugs & Lighters,126.825000,149.463372,2000.000000,5.345807,-0.151464,0.035767,-0.115698,298926.744940,False
1897,902,Co-operative Cargo Boat Co.,Shipping,Tugs & Lighters,126.825000,136.858028,1000.000000,6.014033,-0.073310,0.043944,-0.029366,136858.027804,False
1897,1029,Shanghai Gas Co.,Industrial,Utilities,150.187500,153.064900,3000.000000,4.009355,-0.018799,0.026194,0.007395,459194.698552,False
1897,1031,"A.S. Watson & Co., Ld",Miscellaneous,Retail & Stores,5.847300,6.439530,60000.000000,0.243902,-0.091968,0.037876,-0.054092,386371.821652,False
1897,1033,China Sugar Refining Co. Ld,Miscellaneous,Sugar,77.964000,69.430238,20000.000000,2.682927,0.122911,0.038642,0.161553,1388604.768422,False
1897,1034,Luzon Sugar Refining Co. Ld,Miscellaneous,Sugar,18.516450,24.187856,7000.000000,2.439024,-0.234473,0.100837,-0.133637,169314.989556,False
1897,1035,"Hongkong Land Invest. & A.Co., Ld",Real Estate,Land & Property,36.058350,39.962544,50000.000000,0.975610,-0.097696,0.024413,-0.073283,1998127.205935,False
1897,1032,Hongkong Electric Co. Ld,Miscellaneous,Utilities,4.872750,3.421451,30000.000000,0.195122,0.424177,0.057029,0.481206,102643.520853,False
1897,1037,"Bell's Asbestos Eastern Agency, Ld",Miscellaneous,General Miscellaneous,2.436375,4.732407,3000.000000,0.000000,-0.485172,0.000000,-0.485172,14197.219621,False
1897,1039,"Central Stores, Ld",Miscellaneous,Retail & Stores,6.394650,7.887344,6000.000000,0.000000,-0.189252,0.000000,-0.189252,47324.065404,False
1897,812,"Sheridan Con. M. & M. Co.,Ld",Mining,General Mining,1.668750,2.881222,20000.000000,0.000000,-0.420819,0.000000,-0.420819,57624.432759,False
1897,813,Punjom Mining & Trading Co. Ld,Mining,General Mining,2.923650,6.309875,60000.000000,0.097561,-0.536655,0.015462,-0.521193,378592.523230,False
1897,814,Punjom Mining & Trading Co. Ld (preference shares),Mining,Bonds & Preferences,0.587400,2.052870,30000.000000,0.246341,-0.713864,0.119999,-0.593866,61586.112512,False
1897,303,"Boyd & Co., Limited (ordinary)",Docks & Wharves,Wharves & Godowns,121.818750,133.256501,7800.000000,8.018710,-0.085833,0.060175,-0.025658,1039400.705899,False
1897,305,"S.C. Farnham & Co., Ld",Docks & Wharves,Wharves & Godowns,110.137500,129.654974,7500.000000,8.018710,-0.150534,0.061847,-0.088687,972412.302816,False
1897,306,Hongkong & W'pao Dock Co. Ld,Docks & Wharves,Wharves & Godowns,195.517425,202.441835,12500.000000,7.317073,-0.034204,0.036144,0.001940,2530522.941727,False
1897,307,"S'hai E.S. & Dock Co., Ld (ordinary shares)",Docks & Wharves,Wharves & Godowns,56.737500,35.294965,6000.000000,0.000000,0.607524,0.000000,0.607524,211769.790391,False
1897,308,"S'hai E.S. & Dock Co., Ld (Founders shares)",Docks & Wharves,Wharves & Godowns,168.543750,108.045811,200.000000,0.000000,0.559929,0.000000,0.559929,21609.162285,False
1897,815,Jelebu Mining & Trading Co Ld,Mining,General Mining,0.974550,1.368580,45000.000000,0.121951,-0.287912,0.089108,-0.198804,61586.112512,False
1897,816,Raub A'lian Gold Min. Co. Ld,Mining,Gold Mining,10.720050,4.732407,200000.000000,0.107317,1.265243,0.022677,1.287920,946481.308075,False
1897,703,Shanghai & H'kew Wharf Co.,Docks & Wharves,Wharves & Godowns,77.430000,86.436649,15100.000000,2.004678,-0.104199,0.023192,-0.081007,1305193.402002,False
1897,706,"Hongkong & Kowloon Wharf and Godown Co., Limited",Docks & Wharves,Wharves & Godowns,28.261950,30.497731,20000.000000,0.609756,-0.073310,0.019993,-0.053316,609954.620759,False
1897,2501,"Ewo Cotton Sp. & W. Co., Ld",Industrial,Cotton & Textiles,66.750000,57.624433,10000.000000,0.000000,0.158363,0.000000,0.158363,576244.327595,False
1897,2502,International Cotton Man. Co. Ld,Industrial,Cotton & Textiles,72.757500,64.827487,6349.000000,2.338791,0.122325,0.036077,0.158402,411589.714039,False
1897,2503,"Laou-kung-mow Cotton Spinning and Weaving Co., Ld",Industrial,Cotton & Textiles,67.417500,64.827487,8000.000000,0.000000,0.039952,0.000000,0.039952,518619.894835,False
1897,2504,Soy Chee Cotton Spin. Co. Ld,Industrial,Cotton & Textiles,360.450000,378.160340,2000.000000,0.000000,-0.046833,0.000000,-0.046833,756320.679968,False
1897,2505,"China Flour Mill Co., Ld",Industrial,Food & Beverage,41.385000,25.210689,3000.000000,,0.641566,0.000000,0.641566,75632.067997,False
1897,2001,Kowloon Land & Building Co. Ld,Real Estate,Land & Property,7.188975,7.757689,6000.000000,0.390244,-0.073310,0.050304,-0.023006,46546.135561,False
1897,2002,Humphreys Estate & F.Co.Ld,Real Estate,Land & Property,4.505625,4.732407,25400.000000,0.341463,-0.047921,0.072154,0.024233,120203.126125,False
1897,211,"Shanghai Tug Boat Co., Ld",Shipping,Tugs & Lighters,136.837500,151.264136,1000.000000,3.341129,-0.095374,0.022088,-0.073286,151264.135994,False
1897,213,Indo-China Steam Nav. Co.,Shipping,Steam Navigation,25.031250,20.528704,49589.000000,3.387905,0.219329,0.165033,0.384362,1017997.911114,False
1897,216,Taku Tug and Lighter Co,Shipping,Tugs & Lighters,77.096250,113.448102,8600.000000,2.453063,-0.320427,0.021623,-0.298804,975653.677159,False
1897,601,"Hongkong Fire In. Co.,Limited",Insurance,Fire Insurance,174.444450,188.244616,8000.000000,10.731707,-0.073310,0.057009,-0.016300,1505956.925737,False
1897,218,"Hongkong, Canton & M'cao S.B.Co",Shipping,Steam Navigation,13.884000,17.352157,80000.000000,0.585366,-0.199869,0.033734,-0.166134,1388172.585176,False
1897,219,China Shippers' Mutual S.N.Co. (preference shares 1),Shipping,Steam Navigation,34.710000,34.574660,16736.000000,1.458000,0.003914,0.042170,0.046084,578641.503998,False
1897,221,China Shippers' Mutual S.N.Co. (ordinary shares 2),Shipping,Steam Navigation,17.355000,11.164734,15505.000000,1.458000,0.554448,0.130590,0.685038,173109.198300,False
1897,602,"China Fire In. Co.,Limited",Insurance,Fire Insurance,49.702050,53.633941,20000.000000,2.926829,-0.073310,0.054570,-0.018739,1072678.815818,False
1897,223,Douglas Steamship Co. Ld,Shipping,Steam Navigation,27.774675,30.497731,20000.000000,1.951220,-0.089287,0.063979,-0.025308,609954.620759,False
1897,106,Hongkong & Shanghai Banking Corporation,Banking,Banks,168.292683,185.348988,80000.000000,6.075000,-0.092023,0.032776,-0.059247,14827919.037672,False
1897,1007,"Shanghai Waterworks Co.,Ld.",Miscellaneous,Utilities,203.587500,182.237269,7200.000000,3.762112,0.117156,0.020644,0.137800,1312108.333934,False
1897,112,"Bank of China, Japan & Straits, Ld (deferred shares)",Banking,Banks,24.300000,24.696185,1026.000000,,-0.016042,0.000000,-0.016042,25338.286291,False
1897,113,"National Bank of China, Ld. A",Banking,Banks,11.207325,13.671397,40453.000000,0.575610,-0.180236,0.042103,-0.138132,553049.009580,False
1897,115,"National Bank of China, Ld. Founders'",Banking,Banks,11.207325,52.582295,750.000000,0.575610,-0.786861,0.010947,-0.775914,39436.721170,False
1897,1012,"Perak Sugar Cultivation Co., Ld",Miscellaneous,Sugar,24.030000,19.448246,5000.000000,1.336452,0.235587,0.068718,0.304305,97241.230282,False
1897,501,"China Traders' Insurance Co.,Limited",Insurance,Marine Insurance,34.109250,38.925304,24000.000000,2.439024,-0.123726,0.062659,-0.061066,934207.303897,False
1897,502,"North-China Ins. Co., Ld",Insurance,Marine Insurance,133.500000,136.922855,5000.000000,12.148346,-0.024998,0.088724,0.063726,684614.276453,False
1897,503,Union In. Society of Canton Limited,Insurance,Marine Insurance,112.073250,118.310164,10000.000000,7.804878,-0.052717,0.065970,0.013253,1183101.635093,False
1897,504,Yangtsze Insurance Association,Insurance,Marine Insurance,64.560600,68.515451,6948.000000,5.853659,-0.057722,0.085436,0.027714,476045.350429,False
1897,1017,"Shanghai Land Investment Co., Ld",Real Estate,Land & Property,60.075000,59.425196,17566.000000,1.503508,0.010935,0.025301,0.036236,1043862.997911,False
1897,1013,Hall & Holtz Ld,Miscellaneous,Retail & Stores,18.756750,19.981272,6250.000000,0.975610,-0.061283,0.048826,-0.012457,124882.950371,False
1897,1019,"Shanghai House Bazzar Co., Ld",Miscellaneous,General Miscellaneous,50.730000,57.624433,1800.000000,,-0.119644,0.000000,-0.119644,103723.978967,False
1897,1020,"Major Brothers, Limited",Industrial,General Miscellaneous,21.360000,30.252827,6000.000000,1.002339,-0.293950,0.033132,-0.260818,181516.963192,False
1897,1022,Shanghai-Sumatra Tobacco Co.,Miscellaneous,Tobacco,55.402500,72.030541,6500.000000,0.982292,-0.230847,0.013637,-0.217210,468198.516171,False
1897,1023,"Shanghai-Lankat Tobacco Co., Ld",Miscellaneous,Tobacco,250.312500,201.685515,3980.000000,0.000000,0.241103,0.000000,0.241103,802708.348340,False
1898,512,Canton Insurance Office,Insurance,Marine Insurance,72.262918,76.742475,10000.000000,1.927011,-0.058371,0.025110,-0.033261,767424.750000,False
1898,513,"Straits Insurance Co., Limited",Insurance,Marine Insurance,3.372270,8.283675,30000.000000,0.963506,-0.592902,0.116314,-0.476588,248510.250000,False
1898,1028,Shanghai Ice Co.,Industrial,General Miscellaneous,62.693856,80.100000,540.000000,3.959612,-0.217305,0.049433,-0.167872,43254.000000,False
1898,901,Shanghai Cargo Boat Co.,Shipping,Tugs & Lighters,105.589652,126.825000,2000.000000,3.959612,-0.167438,0.031221,-0.136217,253650.000000,False
1898,902,Co-operative Cargo Boat Co.,Shipping,Tugs & Lighters,92.390946,126.825000,1000.000000,3.299677,-0.271508,0.026018,-0.245491,126825.000000,False
1898,1029,Shanghai Gas Co.,Industrial,Utilities,138.586419,150.187500,3000.000000,3.959612,-0.077244,0.026364,-0.050880,450562.500000,False
1898,1031,"A.S. Watson & Co., Ld",Miscellaneous,Retail & Stores,6.018610,5.847300,60000.000000,0.240876,0.029297,0.041194,0.070492,350838.000000,False
1898,1033,China Sugar Refining Co. Ld,Miscellaneous,Sugar,80.690292,77.964000,20000.000000,2.408764,0.034969,0.030896,0.065864,1559280.000000,False
1898,1034,Luzon Sugar Refining Co. Ld,Miscellaneous,Sugar,26.496403,18.516450,7000.000000,1.445258,0.430966,0.078053,0.509018,129615.150000,False
1898,1035,"Hongkong Land Invest. & A.Co., Ld",Real Estate,Land & Property,36.131459,36.058350,50000.000000,0.963506,0.002028,0.026721,0.028748,1802917.500000,False
1898,1032,Hongkong Electric Co. Ld,Miscellaneous,Utilities,5.055105,4.872750,30000.000000,0.240876,0.037423,0.049433,0.086857,146182.500000,False
1898,1039,"Central Stores, Ld",Miscellaneous,Retail & Stores,4.817528,6.394650,6000.000000,0.000000,-0.246631,0.000000,-0.246631,38367.900000,False
1898,812,"Sheridan Con. M. & M. Co.,Ld",Mining,General Mining,1.649838,1.668750,20000.000000,0.000000,-0.011333,0.000000,-0.011333,33375.000000,False
1898,813,Punjom Mining & Trading Co. Ld,Mining,General Mining,2.890517,2.923650,59349.000000,,-0.011333,0.000000,-0.011333,173515.703850,False
1898,814,Punjom Mining & Trading Co. Ld (preference shares),Mining,Bonds & Preferences,0.772124,0.587400,30000.000000,,0.314478,0.000000,0.314478,17622.000000,False
1898,303,"Boyd & Co., Limited (ordinary)",Docks & Wharves,Wharves & Godowns,122.088035,121.818750,7800.000000,9.899030,0.002211,0.081260,0.083471,950186.250000,False
1898,305,"S.C. Farnham & Co., Ld",Docks & Wharves,Wharves & Godowns,108.229394,110.137500,7500.000000,7.919224,-0.017325,0.071903,0.054578,826031.250000,False
1898,306,Hongkong & W'pao Dock Co. Ld,Docks & Wharves,Wharves & Godowns,233.650102,195.517425,12500.000000,9.635056,0.195035,0.049280,0.244314,2443967.812500,False
1898,307,"S'hai E.S. & Dock Co., Ld (ordinary shares)",Docks & Wharves,Wharves & Godowns,59.394179,56.737500,6000.000000,0.000000,0.046824,0.000000,0.046824,340425.000000,False
1898,308,"S'hai E.S. & Dock Co., Ld (Founders shares)",Docks & Wharves,Wharves & Godowns,148.485448,168.543750,200.000000,0.000000,-0.119009,0.000000,-0.119009,33708.750000,False
1898,815,Jelebu Mining & Trading Co Ld,Mining,General Mining,1.880816,0.974550,45000.000000,0.120438,0.929932,0.123583,1.053516,43854.750000,False
1898,816,Raub A'lian Gold Min. Co. Ld,Mining,Gold Mining,20.233617,10.720050,200000.000000,0.250511,0.887455,0.023368,0.910824,2144010.000000,False
1898,703,Shanghai & H'kew Wharf Co.,Docks & Wharves,Wharves & Godowns,84.141754,77.430000,15100.000000,1.979806,0.086682,0.025569,0.112251,1169193.000000,False
1898,706,"Hongkong & Kowloon Wharf and Godown Co., Limited",Docks & Wharves,Wharves & Godowns,36.131459,28.261950,20000.000000,0.722629,0.278449,0.025569,0.304018,565239.000000,False
1898,2501,"Ewo Cotton Sp. & W. Co., Ld",Industrial,Cotton & Textiles,46.195473,66.750000,10000.000000,2.309774,-0.307933,0.034603,-0.273330,667500.000000,False
1898,2502,International Cotton Man. Co. Ld,Industrial,Cotton & Textiles,52.794826,72.757500,7620.000000,2.309774,-0.274373,0.031746,-0.242627,554412.150000,False
1898,2503,"Laou-kung-mow Cotton Spinning and Weaving Co., Ld",Industrial,Cotton & Textiles,52.794826,67.417500,8000.000000,2.639741,-0.216897,0.039155,-0.177742,539340.000000,False
1898,2504,Soy Chee Cotton Spin. Co. Ld,Industrial,Cotton & Textiles,263.974131,360.450000,2000.000000,13.198707,-0.267654,0.036617,-0.231037,720900.000000,False
1898,2505,"China Flour Mill Co., Ld",Industrial,Food & Beverage,29.697090,41.385000,3000.000000,0.000000,-0.282419,0.000000,-0.282419,124155.000000,False
1898,2506,Shanghai Rice Mill Co. Ld,Industrial,Food & Beverage,17.818254,20.025000,2000.000000,1.154887,-0.110200,0.057672,-0.052527,40050.000000,False
1898,2507,"American Cigarette Co., Ld",Industrial,Tobacco,41.245958,66.750000,1500.000000,,-0.382083,0.000000,-0.382083,100125.000000,False
1898,2508,"H'kong Cotton S.W. & D.Co., Ld.",Industrial,Cotton & Textiles,23.124134,8.283675,9000.000000,,1.791531,0.000000,1.791531,74553.075000,False
1898,2509,Shanghai Feather Cleaning Company,Industrial,General Miscellaneous,263.974131,333.750000,300.000000,0.000000,-0.209066,0.000000,-0.209066,100125.000000,False
1898,2001,Kowloon Land & Building Co. Ld,Real Estate,Land & Property,8.427374,7.188975,5960.000000,0.481753,0.172264,0.067013,0.239276,42846.291000,False
1898,2002,Humphreys Estate & F.Co.Ld,Real Estate,Land & Property,4.091599,4.505625,25400.000000,0.289052,-0.091891,0.064154,-0.027737,114442.875000,False
1898,211,"Shanghai Tug Boat Co., Ld",Shipping,Tugs & Lighters,128.687389,136.837500,1000.000000,3.299677,-0.059561,0.024114,-0.035447,136837.500000,False
1898,213,Indo-China Steam Nav. Co.,Shipping,Steam Navigation,29.037154,25.031250,49589.000000,2.461559,0.160036,0.098339,0.258376,1241274.656250,False
1898,216,Taku Tug and Lighter Co,Shipping,Tugs & Lighters,51.969907,77.096250,8600.000000,1.385864,-0.325909,0.017976,-0.307933,663027.750000,False
1898,601,"Hongkong Fire In. Co.,Limited",Insurance,Fire Insurance,153.764931,174.444450,8000.000000,12.766449,-0.118545,0.073183,-0.045362,1395555.600000,False
1898,218,"Hongkong, Canton & M'cao S.B.Co",Shipping,Steam Navigation,13.007325,13.884000,80000.000000,0.481753,-0.063143,0.034698,-0.028444,1110720.000000,False
1898,219,China Shippers' Mutual S.N.Co. (preference shares 1),Shipping,Steam Navigation,46.855408,34.710000,16736.000000,1.445258,0.349911,0.041638,0.391549,580906.560000,False
1898,221,China Shippers' Mutual S.N.Co. (ordinary shares 2),Shipping,Steam Navigation,23.097736,17.355000,15505.000000,1.445258,0.330898,0.083276,0.414174,269089.275000,False
1898,602,"China Fire In. Co.,Limited",Insurance,Fire Insurance,42.875998,49.702050,20000.000000,3.203656,-0.137339,0.064457,-0.072882,994041.000000,False
1898,223,Douglas Steamship Co. Ld,Shipping,Steam Navigation,25.051145,27.774675,20000.000000,2.890517,-0.098058,0.104070,0.006012,555493.500000,False
1898,2530,Yah Loong Cotton Spin Co. Ld,Industrial,Cotton & Textiles,36.296443,53.400000,7500.000000,0.000000,-0.320291,0.000000,-0.320291,400500.000000,False
1898,106,Hongkong & Shanghai Banking Corporation,Banking,Banks,206.051607,168.292683,80000.000000,6.021910,0.224365,0.035782,0.260147,13463414.634146,False
1898,1007,"Shanghai Waterworks Co.,Ld.",Miscellaneous,Utilities,184.781891,203.587500,7200.000000,3.834224,-0.092371,0.018833,-0.073538,1465830.000000,False
1898,112,"Bank of China, Japan & Straits, Ld (deferred shares)",Banking,Banks,25.292021,24.300000,1101.000000,0.000000,0.040824,0.000000,0.040824,26754.300000,False
1898,113,"National Bank of China, Ld. A",Banking,Banks,8.189797,11.207325,40453.000000,0.568468,-0.269246,0.050723,-0.218523,453369.918225,False
1898,115,"National Bank of China, Ld. Founders'",Banking,Banks,4.817528,11.207325,750.000000,0.568468,-0.570145,0.050723,-0.519422,8405.493750,False
1898,1012,"Perak Sugar Cultivation Co., Ld",Miscellaneous,Sugar,24.747575,24.030000,5000.000000,1.319871,0.029862,0.054926,0.084788,120150.000000,False
1898,501,"China Traders' Insurance Co.,Limited",Insurance,Marine Insurance,29.868673,34.109250,24000.000000,1.445258,-0.124323,0.042371,-0.081952,818622.000000,False
1898,502,"North-China Ins. Co., Ld",Insurance,Marine Insurance,118.788359,133.500000,5000.000000,13.198707,-0.110200,0.098867,-0.011333,667500.000000,False
1898,503,Union In. Society of Canton Limited,Insurance,Marine Insurance,108.394377,112.073250,10000.000000,8.189797,-0.032826,0.073075,0.040250,1120732.500000,False
1898,504,Yangtsze Insurance Association,Insurance,Marine Insurance,62.627862,64.560600,6948.000000,2.890517,-0.029937,0.044772,0.014835,448567.048800,False
1898,1017,"Shanghai Land Investment Co., Ld",Real Estate,Land & Property,58.074309,60.075000,26000.000000,1.484854,-0.033303,0.024717,-0.008587,1561950.000000,False
1898,1018,"J. Llewellyn & Co., Ld",Miscellaneous,General Miscellaneous,27.697486,29.236500,1200.000000,1.927011,-0.052640,0.065911,0.013271,35083.800000,False
1898,1019,"Shanghai House Bazzar Co., Ld",Miscellaneous,General Miscellaneous,37.946281,50.730000,1800.000000,3.299677,-0.251995,0.065044,-0.186951,91314.000000,False
1898,1020,"Major Brothers, Limited",Industrial,General Miscellaneous,21.447898,21.360000,5500.000000,,0.004115,0.000000,0.004115,117480.000000,False
1898,1013,Hall & Holtz Ld,Miscellaneous,Retail & Stores,15.178513,18.756750,6250.000000,0.963506,-0.190771,0.051368,-0.139402,117229.687500,False
1898,1022,Shanghai-Sumatra Tobacco Co.,Miscellaneous,Tobacco,43.555732,55.402500,13000.000000,1.465056,-0.213831,0.026444,-0.187387,720232.500000,False
1898,1023,"Shanghai-Lankat Tobacco Co., Ld",Miscellaneous,Tobacco,77.542401,250.312500,3980.000000,0.000000,-0.690218,0.000000,-0.690218,996243.750000,False
1899,512,Canton Insurance Office,Insurance,Marine Insurance,64.242545,72.262918,10000.000000,5.333068,-0.110989,0.073801,-0.037188,722629.182340,False
1899,901,Shanghai Cargo Boat Co.,Shipping,Tugs & Lighters,126.187155,105.589652,2000.000000,4.649000,0.195071,0.044029,0.239100,211179.304428,False
1899,902,Co-operative Cargo Boat Co.,Shipping,Tugs & Lighters,112.904297,92.390946,1000.000000,3.984858,0.222028,0.043130,0.265158,92390.945687,False
1899,1029,Shanghai Gas Co.,Industrial,Utilities,142.790729,138.586419,3000.000000,3.984858,0.030337,0.028754,0.059091,415759.255593,False
1899,1070,"Tienstin Waterworks Co., Ld",Miscellaneous,Utilities,69.735007,69.293209,575.000000,,0.006376,0.000000,0.006376,39843.595328,False
1899,1033,China Sugar Refining Co. Ld,Miscellaneous,Sugar,58.178920,80.690292,20000.000000,0.969649,-0.278985,0.012017,-0.266968,1613805.847027,False
1899,1034,Luzon Sugar Refining Co. Ld,Miscellaneous,Sugar,23.271568,26.496403,7000.000000,1.454473,-0.121708,0.054893,-0.066815,185474.823467,False
1899,1035,"Hongkong Land Invest. & A.Co., Ld",Real Estate,Land & Property,54.300325,36.131459,50000.000000,1.212061,0.502854,0.033546,0.536400,1806572.955850,False
1899,1031,"A.S. Watson & Co., Ld",Miscellaneous,Retail & Stores,7.757189,6.018610,60000.000000,0.242412,0.288867,0.040277,0.329144,361116.610572,False
1899,1032,Hongkong Electric Co. Ld,Miscellaneous,Utilities,4.848243,5.055105,30000.000000,0.290895,-0.040921,0.057545,0.016623,151653.137992,False
1899,1039,"Central Stores, Ld",Miscellaneous,Retail & Stores,5.817892,4.817528,6000.000000,0.000000,0.207651,0.000000,0.207651,28905.167294,False
1899,812,"Sheridan Con. M. & M. Co.,Ld",Mining,General Mining,2.656572,1.649838,20000.000000,0.000000,0.610201,0.000000,0.610201,32996.766317,False
1899,813,Punjom Mining & Trading Co. Ld,Mining,General Mining,3.639503,2.890517,60000.000000,0.000000,0.259119,0.000000,0.259119,173431.003762,False
1899,814,Punjom Mining & Trading Co. Ld (preference shares),Mining,Bonds & Preferences,0.584446,0.772124,30000.000000,0.000000,-0.243068,0.000000,-0.243068,23163.729954,False
1899,303,"Boyd & Co., Limited (ordinary)",Docks & Wharves,Wharves & Godowns,139.470014,122.088035,7800.000000,9.298001,0.142372,0.076158,0.218531,952286.675906,False
1899,305,"S.C. Farnham & Co., Ld",Docks & Wharves,Wharves & Godowns,151.092515,108.229394,7500.000000,9.962144,0.396040,0.092047,0.488086,811720.451396,False
1899,306,Hongkong & W'pao Dock Co. Ld,Docks & Wharves,Wharves & Godowns,235.139802,233.650102,12500.000000,12.120608,0.006376,0.051875,0.058251,2920626.278625,False
1899,307,"S'hai E.S. & Dock Co., Ld (ordinary shares)",Docks & Wharves,Wharves & Godowns,66.414292,59.394179,6000.000000,,0.118195,0.000000,0.118195,356365.076223,False
1899,308,"S'hai E.S. & Dock Co., Ld (Founders shares)",Docks & Wharves,Wharves & Godowns,166.035731,148.485448,200.000000,,0.118195,0.000000,0.118195,29697.089685,False
1899,815,Jelebu Mining & Trading Co Ld,Mining,General Mining,5.817892,1.880816,45000.000000,0.121206,2.093281,0.064443,2.157725,84636.705603,False
1899,816,Raub A'lian Gold Min. Co. Ld,Mining,Gold Mining,30.059109,20.233617,200000.000000,0.242412,0.485602,0.011981,0.497583,4046723.421105,False
1899,703,Shanghai & H'kew Wharf Co.,Docks & Wharves,Wharves & Godowns,166.035731,84.141754,15100.000000,4.649000,0.973286,0.055252,1.028538,1270540.487032,False
1899,706,"Hongkong & Kowloon Wharf and Godown Co., Limited",Docks & Wharves,Wharves & Godowns,41.694893,36.131459,20000.000000,1.212061,0.153978,0.033546,0.187523,722629.182340,False
1899,2501,"Ewo Cotton Sp. & W. Co., Ld",Industrial,Cotton & Textiles,36.527861,46.195473,10000.000000,,-0.209276,0.000000,-0.209276,461954.728437,False
1899,2502,International Cotton Man. Co. Ld,Industrial,Cotton & Textiles,43.169290,52.794826,8384.000000,1.992429,-0.182320,0.037739,-0.144581,442631.822081,False
1899,2503,"Laou-kung-mow Cotton Spinning and Weaving Co., Ld",Industrial,Cotton & Textiles,48.150362,52.794826,8000.000000,2.656572,-0.087972,0.050319,-0.037653,422358.608856,False
1899,2504,Soy Chee Cotton Spin. Co. Ld,Industrial,Cotton & Textiles,249.053596,263.974131,2000.000000,13.282858,-0.056523,0.050319,-0.006204,527948.261070,False
1899,2505,"China Flour Mill Co., Ld",Industrial,Food & Beverage,21.584645,29.697090,4000.000000,0.000000,-0.273173,0.000000,-0.273173,118788.358741,False
1899,2506,Shanghai Rice Mill Co. Ld,Industrial,Food & Beverage,16.603573,17.818254,2000.000000,0.498107,-0.068171,0.027955,-0.040216,35636.507622,False
1899,2507,"American Cigarette Co., Ld",Industrial,Tobacco,43.169290,41.245958,1500.000000,1.992429,0.046631,0.048306,0.094937,61868.936844,False
1899,2508,"H'kong Cotton S.W. & D.Co., Ld.",Industrial,Cotton & Textiles,27.150163,23.124134,9000.000000,,0.174105,0.000000,0.174105,208117.204514,False
1899,2510,"Shanghai Ice, Cold Storage & Refrigeration Co., Ltd",Industrial,Food & Beverage,18.596002,17.158318,3000.000000,,0.083789,0.000000,0.083789,51474.955454,False
1899,2001,Kowloon Land & Building Co. Ld,Real Estate,Land & Property,13.575081,8.427374,5960.000000,0.484824,0.610832,0.057530,0.668361,50227.149739,False
1899,2002,Humphreys Estate & F.Co.Ld,Real Estate,Land & Property,4.463040,4.091599,30000.000000,0.290895,0.090781,0.071096,0.161877,122747.970699,False
1899,211,"Shanghai Tug Boat Co., Ld",Shipping,Tugs & Lighters,156.073587,128.687389,1000.000000,3.320715,0.212812,0.025805,0.238616,128687.388636,False
1899,213,Indo-China Steam Nav. Co.,Shipping,Steam Navigation,39.848575,29.037154,49589.000000,3.878595,0.372331,0.133574,0.505904,1439923.447502,False
1899,216,Taku Tug and Lighter Co,Shipping,Tugs & Lighters,55.788006,51.969907,8600.000000,2.789400,0.073467,0.053673,0.127141,446941.199762,False
1899,601,"Hongkong Fire In. Co.,Limited",Insurance,Fire Insurance,155.143787,153.764931,8000.000000,11.878196,0.008967,0.077249,0.086216,1230119.448294,False
1899,218,"Hongkong, Canton & M'cao S.B.Co",Shipping,Steam Navigation,14.544730,13.007325,80000.000000,0.581789,0.118195,0.044728,0.162923,1040586.022570,False
1899,219,China Shippers' Mutual S.N.Co. (preference shares 1),Shipping,Steam Navigation,47.818290,46.855408,16736.000000,1.494322,0.020550,0.031892,0.052442,784172.111133,False
1899,221,China Shippers' Mutual S.N.Co. (ordinary shares 2),Shipping,Steam Navigation,19.924288,23.097736,15505.000000,2.490536,-0.137392,0.107826,-0.029566,358130.403220,False
1899,602,"China Fire In. Co.,Limited",Insurance,Fire Insurance,42.179717,42.875998,20000.000000,2.908946,-0.016239,0.067846,0.051606,857519.963044,False
1899,223,Douglas Steamship Co. Ld,Shipping,Steam Navigation,24.971774,25.051145,20000.000000,2.908946,-0.003168,0.116120,0.112952,501022.899756,False
1899,2530,Yah Loong Cotton Spin Co. Ld,Industrial,Cotton & Textiles,38.520290,36.296443,7500.000000,0.000000,0.061269,0.000000,0.061269,272223.322114,False
1899,106,Hongkong & Shanghai Banking Corporation,Banking,Banks,269.681876,206.051607,80000.000000,7.471608,0.308807,0.036261,0.345068,16484128.555402,False
1899,110,"Bank of China, Japan & Straits , Ld (ordinary shares)",Banking,Banks,4.981072,4.817528,106701.000000,0.000000,0.033948,0.000000,0.033948,514035.042566,False
1899,1007,"Shanghai Waterworks Co.,Ld.",Miscellaneous,Utilities,175.997875,184.781891,7200.000000,3.666069,-0.047537,0.019840,-0.027697,1330429.617897,False
1899,112,"Bank of China, Japan & Straits, Ld (deferred shares)",Banking,Banks,26.150628,25.292021,1105.000000,0.000000,0.033948,0.000000,0.033948,27947.683627,False
1899,113,"National Bank of China, Ld. A",Banking,Banks,14.059906,8.189797,40453.000000,0.572093,0.716759,0.069854,0.786613,331301.874216,False
1899,115,"National Bank of China, Ld. Founders'",Banking,Banks,9.696487,4.817528,750.000000,0.572093,1.012752,0.118752,1.131504,3613.145912,False
1899,1012,"Perak Sugar Cultivation Co., Ld",Miscellaneous,Sugar,38.520290,24.747575,5000.000000,2.490536,0.556528,0.100638,0.657165,123737.873688,False
1899,501,"China Traders' Insurance Co.,Limited",Insurance,Marine Insurance,28.604636,29.868673,24000.000000,1.939297,-0.042320,0.064927,0.022608,716848.148881,False
1899,502,"North-China Ins. Co., Ld",Insurance,Marine Insurance,122.866441,118.788359,5000.000000,6.322641,0.034331,0.053226,0.087557,593941.793704,False
1899,503,Union In. Society of Canton Limited,Insurance,Marine Insurance,112.964070,108.394377,10000.000000,8.726838,0.042158,0.080510,0.122668,1083943.773510,False
1899,504,Yangtsze Insurance Association,Insurance,Marine Insurance,55.655177,62.627862,6948.000000,2.908946,-0.111335,0.046448,-0.064887,435138.388438,False
1899,1017,"Shanghai Land Investment Co., Ld",Real Estate,Land & Property,56.452149,58.074309,26000.000000,1.494322,-0.027932,0.025731,-0.002201,1509932.026661,False
1899,1018,"J. Llewellyn & Co., Ld",Miscellaneous,General Miscellaneous,26.665338,27.697486,1200.000000,1.454473,-0.037265,0.052513,0.015248,33236.982776,False
1899,1019,"Shanghai House Bazzar Co., Ld",Miscellaneous,General Miscellaneous,53.131434,37.946281,1800.000000,3.320715,0.400175,0.087511,0.487686,68303.306276,False
1899,1020,"Major Brothers, Limited",Industrial,General Miscellaneous,23.245002,21.447898,5500.000000,1.328286,0.083789,0.061931,0.145720,117963.439583,False
1899,1013,Hall & Holtz Ld,Miscellaneous,Retail & Stores,17.566580,15.178513,6250.000000,0.969649,0.157332,0.063883,0.221215,94865.703161,False
1899,1022,Shanghai-Sumatra Tobacco Co.,Miscellaneous,Tobacco,36.527861,43.555732,13000.000000,1.474397,-0.161354,0.033851,-0.127503,566224.509998,False
1899,1023,"Shanghai-Lankat Tobacco Co., Ld",Miscellaneous,Tobacco,199.242877,77.542401,3980.000000,0.000000,1.569470,0.000000,1.569470,308618.755362,False
1900,512,Canton Insurance Office,Insurance,Marine Insurance,67.457962,64.242545,10000.000000,5.776459,0.050051,0.089916,0.139968,642425.449957,False
1900,1029,Shanghai Gas Co.,Industrial,Utilities,138.476756,142.790729,3000.000000,5.275305,-0.030212,0.036944,0.006732,428372.185694,False
1900,1031,"A.S. Watson & Co., Ld",Miscellaneous,Retail & Stores,7.464557,7.757189,60000.000000,0.288823,-0.037724,0.037233,-0.000491,465431.360829,False
1900,1032,Hongkong Electric Co. Ld,Miscellaneous,Utilities,5.295087,4.848243,30000.000000,0.336960,0.092166,0.069501,0.161668,145447.300259,False
1900,1033,China Sugar Refining Co. Ld,Miscellaneous,Sugar,59.215298,58.178920,20000.000000,1.203429,0.017814,0.020685,0.038499,1163578.402072,False
1900,1034,Luzon Sugar Refining Co. Ld,Miscellaneous,Sugar,17.329377,23.271568,7000.000000,1.444115,-0.255341,0.062055,-0.193286,162900.976290,False
1900,1035,"Hongkong Land Invest. & A.Co., Ld",Real Estate,Land & Property,90.511045,54.300325,50000.000000,1.444115,0.666860,0.026595,0.693455,2715016.271502,False
1900,1039,"Central Stores, Ld",Miscellaneous,Retail & Stores,4.813716,5.817892,6000.000000,0.288823,-0.172601,0.049644,-0.122957,34907.352062,False
1900,1041,Hongkong Electric Co. Ld (2nd Isuue),Miscellaneous,Utilities,2.650841,0.969649,,0.033696,1.733816,0.034751,1.768566,,False
1900,1070,"Tienstin Waterworks Co., Ld",Miscellaneous,Utilities,69.238378,69.735007,575.000000,,-0.007122,0.000000,-0.007122,40097.629010,False
1900,601,"Hongkong Fire In. Co.,Limited",Insurance,Fire Insurance,140.804484,155.143787,8000.000000,12.997033,-0.092426,0.083774,-0.008652,1241150.295544,False
1900,602,"China Fire In. Co.,Limited",Insurance,Fire Insurance,36.584240,42.179717,20000.000000,2.888229,-0.132658,0.068474,-0.064184,843594.341502,False
1900,106,Hongkong & Shanghai Banking Corporation,Banking,Banks,267.761292,269.681876,80000.000000,7.418398,-0.007122,0.027508,0.020386,21574550.043169,False
1900,110,"Bank of China, Japan & Straits , Ld (ordinary shares)",Banking,Banks,4.945598,4.981072,106701.000000,0.000000,-0.007122,0.000000,-0.007122,531485.355649,False
1900,112,"Bank of China, Japan & Straits, Ld (deferred shares)",Banking,Banks,25.964392,26.150628,1119.000000,0.000000,-0.007122,0.000000,-0.007122,29262.552301,False
1900,113,"National Bank of China, Ld. A",Banking,Banks,12.515661,14.059906,40453.000000,0.654665,-0.109833,0.046563,-0.063271,568765.364947,False
1900,115,"National Bank of China, Ld. Founders'",Banking,Banks,9.627432,9.696487,750.000000,0.654665,-0.007122,0.067516,0.060394,7272.365013,False
1900,703,Shanghai & H'kew Wharf Co.,Docks & Wharves,Wharves & Godowns,197.823937,166.035731,15100.000000,4.615892,0.191454,0.027801,0.219255,2507139.536428,False
1900,706,"Hongkong & Kowloon Wharf and Godown Co., Limited",Docks & Wharves,Wharves & Godowns,41.094626,41.694893,20000.000000,1.203429,-0.014397,0.028863,0.014466,833897.854818,False
1900,211,"Shanghai Tug Boat Co., Ld",Shipping,Tugs & Lighters,163.204748,156.073587,1000.000000,3.297066,0.045691,0.021125,0.066816,156073.587036,False
1900,213,Indo-China Steam Nav. Co.,Shipping,Steam Navigation,45.499505,39.848575,49589.000000,3.712496,0.141810,0.093165,0.234975,1976051.006177,False
1900,216,Taku Tug and Lighter Co,Shipping,Tugs & Lighters,61.127596,55.788006,8600.000000,3.395978,0.095712,0.060873,0.156585,479776.847978,False
1900,218,"Hongkong, Canton & M'cao S.B.Co",Shipping,Steam Navigation,16.366634,14.544730,80000.000000,0.577646,0.125262,0.039715,0.164977,1163578.402072,False
1900,219,China Shippers' Mutual S.N.Co. (preference shares 1),Shipping,Steam Navigation,54.401583,47.818290,16736.000000,1.483680,0.137673,0.031027,0.168701,800286.909743,False
1900,221,China Shippers' Mutual S.N.Co. (ordinary shares 2),Shipping,Steam Navigation,9.272997,19.924288,15505.000000,1.236400,-0.534588,0.062055,-0.472533,308926.080893,False
1900,223,Douglas Steamship Co. Ld,Shipping,Steam Navigation,23.105836,24.971774,20000.000000,2.888229,-0.074722,0.115660,0.040938,499435.478515,False
1900,812,"Sheridan Con. M. & M. Co.,Ld  (in liquidation)",Mining,General Mining,2.637652,2.656572,20000.000000,0.000000,-0.007122,0.000000,-0.007122,53131.433885,False
1900,813,Punjom Mining & Trading Co. Ld,Mining,General Mining,1.852951,3.639503,59650.000000,0.000000,-0.490878,0.000000,-0.490878,217096.367138,False
1900,814,Punjom Mining & Trading Co. Ld (preference shares),Mining,Bonds & Preferences,0.382460,0.584446,30000.000000,0.000000,-0.345603,0.000000,-0.345603,17533.373182,False
1900,303,"Boyd & Co., Limited (ordinary)",Docks & Wharves,Wharves & Godowns,131.882624,139.470014,7800.000000,8.572371,-0.054402,0.061464,0.007062,1087866.108787,False
1900,305,"S.C. Farnham & Co., Ld",Docks & Wharves,Wharves & Godowns,247.279921,151.092515,8000.000000,19.782394,0.636613,0.130929,0.767542,1208740.120874,False
1900,306,Hongkong & W'pao Dock Co. Ld,Docks & Wharves,Wharves & Godowns,388.104187,235.139802,12500.000000,12.034289,0.650525,0.051179,0.701705,2939247.526068,False
1900,307,"S'hai E.S. & Dock Co., Ld (ordinary shares)",Docks & Wharves,Wharves & Godowns,82.426640,66.414292,6000.000000,,0.241098,0.000000,0.241098,398485.754134,False
1900,308,"S'hai E.S. & Dock Co., Ld (Founders shares)",Docks & Wharves,Wharves & Godowns,164.853281,166.035731,200.000000,,-0.007122,0.000000,-0.007122,33207.146178,False
1900,309,"S'hai E.S & Dock Co., Ld (Preference shares)",Docks & Wharves,Wharves & Godowns,82.426640,71.395364,1300.000000,2.307946,0.154510,0.032326,0.186836,92813.973567,False
1900,815,Jelebu Mining & Trading Co Ld,Mining,General Mining,3.250907,5.817892,45000.000000,0.120343,-0.441223,0.020685,-0.420538,261805.140466,False
1900,816,Raub A'lian Gold Min. Co. Ld,Mining,Gold Mining,21.727662,30.059109,200000.000000,0.250313,-0.277169,0.008327,-0.268841,6011821.744039,False
1900,901,Shanghai Cargo Boat Co.,Shipping,Tugs & Lighters,164.853281,126.187155,2000.000000,3.956479,0.306419,0.031354,0.337773,252374.310952,False
1900,902,Co-operative Cargo Boat Co.,Shipping,Tugs & Lighters,163.204748,112.904297,1000.000000,3.956479,0.445514,0.035043,0.480557,112904.297005,False
1900,2501,"Ewo Cotton Sp. & W. Co., Ld",Industrial,Cotton & Textiles,21.430926,36.527861,10124.000000,,-0.413299,0.000000,-0.413299,369808.062695,False
1900,2502,International Cotton Man. Co. Ld,Industrial,Cotton & Textiles,19.782394,43.169290,8384.000000,1.978239,-0.541748,0.045825,-0.495923,361931.327622,False
1900,2503,"Laou-kung-mow Cotton Spinning and Weaving Co., Ld",Industrial,Cotton & Textiles,36.267722,48.150362,8000.000000,2.637652,-0.246782,0.054779,-0.192002,385202.895663,False
1900,2504,Soy Chee Cotton Spin. Co. Ld,Industrial,Cotton & Textiles,247.279921,249.053596,2000.000000,13.188262,-0.007122,0.052954,0.045832,498107.192668,False
1900,2505,"China Flour Mill Co., Ld",Industrial,Food & Beverage,19.782394,21.584645,4000.000000,0.000000,-0.083497,0.000000,-0.083497,86338.580062,False
1900,2506,Shanghai Rice Mill Co. Ld,Industrial,Food & Beverage,17.804154,16.603573,2000.000000,1.318826,0.072309,0.079430,0.151739,33207.146178,False
1900,2507,"American Cigarette Co., Ld",Industrial,Tobacco,47.477745,43.169290,3000.000000,0.659413,0.099804,0.015275,0.115079,129507.870094,False
1900,2508,"H'kong Cotton S.W. & D.Co., Ld.",Industrial,Cotton & Textiles,2.406858,27.150163,9000.000000,,-0.911350,0.000000,-0.911350,244351.464435,False
1900,2510,"Shanghai Ice, Cold Storage & Refrigeration Co., Ltd",Industrial,Food & Beverage,19.782394,18.596002,3000.000000,0.989120,0.063798,0.053190,0.116988,55788.005579,False
1900,2001,Kowloon Land & Building Co. Ld,Real Estate,Land & Property,12.278272,13.575081,5960.000000,0.601714,-0.095529,0.044325,-0.051204,80907.484891,False
1900,2002,Humphreys Estate & F.Co.Ld,Real Estate,Land & Property,5.776459,4.463040,37000.000000,0.240686,0.294288,0.053929,0.348216,165132.496513,False
1900,2003,"Wei-hai-wei Land & B.Co., Ld",Real Estate,Land & Property,16.485328,16.603573,3000.000000,0.000000,-0.007122,0.000000,-0.007122,49810.719267,False
1900,2513,"Shanghai Pulp and paper Co., Ld",Industrial,General Miscellaneous,16.485328,16.603573,4500.000000,,-0.007122,0.000000,-0.007122,74716.078900,False
1900,2514,Shanghai Steam Laundry,Industrial,General Miscellaneous,13.188262,6.641429,2500.000000,,0.985757,0.000000,0.985757,16603.573089,False
1900,2530,Yah Loong Cotton Spin Co. Ld,Industrial,Cotton & Textiles,19.782394,38.520290,7500.000000,0.000000,-0.486442,0.000000,-0.486442,288902.171747,False
1900,1007,"Shanghai Waterworks Co.,Ld.",Miscellaneous,Utilities,178.041543,175.997875,7200.000000,3.541048,0.011612,0.020120,0.031732,1267184.698147,False
1900,1012,"Perak Sugar Cultivation Co., Ld",Miscellaneous,Sugar,46.158919,38.520290,5000.000000,3.297066,0.198301,0.085593,0.283894,192601.447832,False
1900,501,"China Traders' Insurance Co.,Limited",Insurance,Marine Insurance,24.549951,28.604636,24000.000000,1.925486,-0.141749,0.067314,-0.074435,686511.257223,False
1900,502,"North-China Ins. Co., Ld",Insurance,Marine Insurance,113.748764,122.866441,5000.000000,5.816024,-0.074208,0.047336,-0.026872,614332.204290,False
1900,503,Union In. Society of Canton Limited,Insurance,Marine Insurance,116.716123,112.964070,10000.000000,9.627432,0.033215,0.085226,0.118440,1129640.698678,False
1900,504,Yangtsze Insurance Association,Insurance,Marine Insurance,52.950874,55.655177,6948.000000,5.776459,-0.048590,0.103790,0.055200,386692.169755,False
1900,1017,"Shanghai Land Investment Co., Ld",Real Estate,Land & Property,65.941312,56.452149,26000.000000,1.813386,0.168092,0.032123,0.200215,1467755.861061,False
1900,1018,"J. Llewellyn & Co., Ld",Miscellaneous,General Miscellaneous,24.991757,26.665338,1200.000000,1.444115,-0.062762,0.054157,-0.008605,31998.406057,False
1900,1019,"Shanghai House Bazzar Co., Ld",Miscellaneous,General Miscellaneous,49.455984,53.131434,1800.000000,3.297066,-0.069177,0.062055,-0.007122,95636.580992,False
1900,1020,"Major Brothers, Limited",Industrial,General Miscellaneous,25.057699,23.245002,5500.000000,1.648533,0.077982,0.070920,0.148902,127847.512785,False
1900,1013,Hall & Holtz Ld,Miscellaneous,Retail & Stores,12.680514,17.566580,6250.000000,0.481372,-0.278146,0.027403,-0.250743,109791.127051,False
1900,1022,Shanghai-Sumatra Tobacco Co.,Miscellaneous,Tobacco,25.057699,36.527861,13000.000000,1.978239,-0.314011,0.054157,-0.259854,474862.190343,False
1900,1023,"Shanghai-Lankat Tobacco Co., Ld",Miscellaneous,Tobacco,194.526871,199.242877,7960.000000,0.000000,-0.023670,0.000000,-0.023670,1585973.301454,False
1901,512,Canton Insurance Office,Insurance,Marine Insurance,80.219780,67.457962,10000.000000,6.728111,0.189182,0.099738,0.288920,674579.624135,False
1901,513,"Straits Insurance Co., Limited (in liquidation)",Insurance,Marine Insurance,0.517547,0.481372,30000.000000,0.517547,0.075151,1.075151,1.150301,14441.147379,False
1901,1018,"J. Llewellyn & Co., Ld",Miscellaneous,General Miscellaneous,28.465083,24.991757,1200.000000,1.552641,0.138979,0.062126,0.201105,29990.108803,False
1901,901,Shanghai Cargo Boat Co.,Shipping,Tugs & Lighters,97.483162,164.853281,2000.000000,2.835874,-0.408667,0.017202,-0.391465,329706.561161,False
1901,902,Co-operative Cargo Boat Co.,Shipping,Tugs & Lighters,97.483162,163.204748,1000.000000,2.835874,-0.402694,0.017376,-0.385318,163204.747774,False
1901,1029,Shanghai Gas Co.,Industrial,Utilities,83.303793,138.476756,4000.000000,2.126905,-0.398428,0.015359,-0.383068,553907.022750,False
1901,1031,"A.S. Watson & Co., Ld",Miscellaneous,Retail & Stores,8.323290,7.464557,60000.000000,0.362283,0.115041,0.048534,0.163575,447873.392681,False
1901,1033,China Sugar Refining Co. Ld,Miscellaneous,Sugar,79.184686,59.215298,20000.000000,2.587735,0.337234,0.043700,0.380934,1184305.967689,False
1901,1034,Luzon Sugar Refining Co. Ld,Miscellaneous,Sugar,12.938674,17.329377,7000.000000,1.552641,-0.253368,0.089596,-0.163772,121305.637982,False
1901,1035,"Hongkong Land Invest. & A.Co., Ld",Real Estate,Land & Property,100.404112,90.511045,50000.000000,3.105282,0.109302,0.034308,0.143611,4525552.258490,False
1901,1032,Hongkong Electric Co. Ld,Miscellaneous,Utilities,6.728111,5.295087,30000.000000,0.362283,0.270633,0.068419,0.339051,158852.621167,False
1901,1039,"Central Stores, Ld",Miscellaneous,Retail & Stores,10.868486,4.813716,6000.000000,0.621056,1.257816,0.129018,1.386834,28882.294758,False
1901,1041,Hongkong Electric Co. Ld (2nd Isuue),Miscellaneous,Utilities,3.367600,2.650841,30000.000000,0.129387,0.270389,0.048810,0.319199,79525.222552,False
1901,1042,"Hongkong Hotel Co., Ld",Miscellaneous,Hotels,71.939029,57.764590,12000.000000,3.105282,0.245383,0.053758,0.299140,693175.074184,False
1901,1043,"Shanghai Mercury, Ld",Miscellaneous,Printing & Media,38.993265,34.619189,1400.000000,1.772421,0.126348,0.051198,0.177546,48466.864491,False
1901,1044,"Tsingtao Hotel Co., Ld",Miscellaneous,Hotels,54.342432,50.544016,2500.000000,2.587735,0.075151,0.051198,0.126348,126360.039565,False
1901,1045,"Shanghai Mutual Telephone Co., Ld",Miscellaneous,Utilities,42.538107,36.267722,1500.000000,,0.172892,0.000000,0.172892,54401.582591,False
1901,813,Punjom Mining & Trading Co. Ld,Mining,General Mining,2.587735,1.852951,59650.000000,,0.396548,0.000000,0.396548,110528.519618,False
1901,814,Punjom Mining & Trading Co. Ld (preference shares),Mining,Bonds & Preferences,7.607231,0.382460,30000.000000,,18.890287,0.000000,18.890287,11473.788328,True
1901,815,Jelebu Mining & Trading Co Ld,Mining,General Mining,2.070188,3.250907,45000.000000,0.129387,-0.363197,0.039800,-0.323397,146290.801187,False
1901,816,Raub A'lian Gold Min. Co. Ld,Mining,Gold Mining,5.693017,21.727662,200000.000000,0.265863,-0.737983,0.012236,-0.725747,4345532.476096,False
1901,306,Hongkong & W'pao Dock Co. Ld,Docks & Wharves,Wharves & Godowns,148.741581,388.104187,12500.000000,4.657923,-0.616748,0.012002,-0.604747,4851302.340917,False
1901,1070,"Tienstin Waterworks Co., Ld",Miscellaneous,Utilities,74.441687,69.238378,650.000000,,0.075151,0.000000,0.075151,45004.945598,False
1901,703,Shanghai & H'kew Wharf Co.,Docks & Wharves,Wharves & Godowns,216.235378,197.823937,15100.000000,4.253811,0.093070,0.021503,0.114573,2987141.444115,False
1901,706,"Hongkong & Kowloon Wharf and Godown Co., Limited",Docks & Wharves,Wharves & Godowns,49.684509,41.094626,30000.000000,1.293867,0.209027,0.031485,0.240512,1232838.773492,False
1901,2501,"Ewo Cotton Sp. & W. Co., Ld",Industrial,Cotton & Textiles,30.131159,21.430926,15000.000000,,0.405966,0.000000,0.405966,321463.897132,False
1901,2502,International Cotton Man. Co. Ld,Industrial,Cotton & Textiles,23.041475,19.782394,8384.000000,2.126905,0.164747,0.107515,0.272262,165855.588526,False
1901,2503,"Laou-kung-mow Cotton Spinning and Weaving Co., Ld",Industrial,Cotton & Textiles,35.448423,36.267722,8000.000000,2.835874,-0.022590,0.078193,0.055602,290141.773821,False
1901,2504,Soy Chee Cotton Spin. Co. Ld,Industrial,Cotton & Textiles,106.345268,247.279921,2000.000000,14.179369,-0.569940,0.057341,-0.512598,494559.841741,False
1901,2505,"China Flour Mill Co., Ld",Industrial,Food & Beverage,31.194612,19.782394,4000.000000,,0.576888,0.000000,0.576888,79129.574679,False
1901,2507,"American Cigarette Co., Ld",Industrial,Tobacco,28.358738,47.477745,3000.000000,0.630000,-0.402694,0.013269,-0.389425,142433.234421,False
1901,2508,"H'kong Cotton S.W. & D.Co., Ld.",Industrial,Cotton & Textiles,7.763205,2.406858,9000.000000,,2.225452,0.000000,2.225452,21661.721068,False
1901,2510,"Shanghai Ice, Cold Storage & Refrigeration Co., Ltd",Industrial,Food & Beverage,20.560085,19.782394,7620.000000,1.063453,0.039312,0.053758,0.093070,150741.839763,False
1901,2001,Kowloon Land & Building Co. Ld,Real Estate,Land & Property,18.114144,12.278272,5960.000000,0.672811,0.475301,0.054797,0.530098,73178.503132,False
1901,2002,Humphreys Estate & F.Co.Ld,Real Estate,Land & Property,7.245658,5.776459,100000.000000,0.517547,0.254342,0.089596,0.343938,577645.895153,False
1901,211,"Shanghai Tug Boat Co., Ld",Shipping,Tugs & Lighters,124.069479,163.204748,1000.000000,2.126905,-0.239792,0.013032,-0.226760,163204.747774,False
1901,2003,"Wei-hai-wei Land & B.Co., Ld",Real Estate,Land & Property,14.179369,16.485328,3000.000000,,-0.139879,0.000000,-0.139879,49455.984174,False
1901,213,Indo-China Steam Nav. Co.,Shipping,Steam Navigation,75.505140,45.499505,49589.000000,5.317263,0.659472,0.116864,0.776336,2256274.975272,False
1901,2513,"Shanghai Pulp and paper Co., Ld",Industrial,General Miscellaneous,72.669266,16.485328,4500.000000,,3.408118,0.000000,3.408118,74183.976261,False
1901,216,Taku Tug and Lighter Co,Shipping,Tugs & Lighters,124.140376,61.127596,8600.000000,,1.030840,0.000000,1.030840,525697.329377,False
1901,601,"Hongkong Fire In. Co.,Limited",Insurance,Fire Insurance,188.904644,140.804484,8000.000000,12.421127,0.341610,0.088215,0.429825,1126435.872074,False
1901,218,"Hongkong, Canton & M'cao S.B.Co",Shipping,Steam Navigation,18.504077,16.366634,80000.000000,0.776320,0.130598,0.047433,0.178031,1309330.695681,False
1901,602,"China Fire In. Co.,Limited",Insurance,Fire Insurance,45.281815,36.584240,20000.000000,3.105282,0.237741,0.084880,0.322621,731684.800528,False
1901,223,Douglas Steamship Co. Ld,Shipping,Steam Navigation,24.587026,23.105836,20000.000000,3.105282,0.064105,0.134394,0.198498,462116.716123,False
1901,2530,Yah Loong Cotton Spin Co. Ld,Industrial,Cotton & Textiles,0.708968,19.782394,7500.000000,,-0.964162,0.000000,-0.964162,148367.952522,True
1901,106,Hongkong & Shanghai Banking Corporation,Banking,Banks,320.879121,267.761292,80000.000000,7.975895,0.198378,0.029787,0.228165,21420903.395978,False
1901,110,"Bank of China, Japan & Straits , Ld (ordinary shares)",Banking,Banks,5.317263,4.945598,106701.000000,,0.075151,0.000000,0.075151,527700.296736,False
1901,1007,"Shanghai Waterworks Co.,Ld.",Miscellaneous,Utilities,241.049273,178.041543,7200.000000,3.987948,0.353893,0.022399,0.376292,1281899.109792,False
1901,112,"Bank of China, Japan & Straits, Ld (deferred shares)",Banking,Banks,27.915633,25.964392,1119.000000,,0.075151,0.000000,0.075151,29054.154303,False
1901,113,"National Bank of China, Ld. A",Banking,Banks,13.973768,12.515661,40453.000000,0.776320,0.116503,0.062028,0.178531,506296.036927,False
1901,115,"National Bank of China, Ld. Founders'",Banking,Banks,7.727756,9.627432,750.000000,0.776320,-0.197319,0.080636,-0.116683,7220.573689,False
1901,1012,"Perak Sugar Cultivation Co., Ld",Miscellaneous,Sugar,53.881602,46.158919,7000.000000,3.190358,0.167306,0.069117,0.236423,323112.429937,False
1901,501,"China Traders' Insurance Co.,Limited",Insurance,Marine Insurance,27.947536,24.549951,24000.000000,2.070188,0.138395,0.084326,0.222720,589198.813056,False
1901,502,"North-China Ins. Co., Ld",Insurance,Marine Insurance,131.159163,113.748764,5000.000000,6.646579,0.153060,0.058432,0.211492,568743.818002,False
1901,503,Union In. Society of Canton Limited,Insurance,Marine Insurance,178.553704,116.716123,10000.000000,11.903580,0.529812,0.101987,0.631799,1167161.226508,False
1901,504,Yangtsze Insurance Association,Insurance,Marine Insurance,64.445232,52.950874,8000.000000,6.210564,0.217076,0.117289,0.334365,423606.989779,False
1901,1017,"Shanghai Land Investment Co., Ld",Real Estate,Land & Property,70.896845,65.941312,26000.000000,2.126905,0.075151,0.032255,0.107405,1714474.118035,False
1901,2516,"S. Moutrie & Co., Ld",Industrial,General Miscellaneous,28.465083,25.512694,2500.000000,1.552641,0.115722,0.060858,0.176580,63781.734257,False
1901,1019,"Shanghai House Bazzar Co., Ld",Miscellaneous,General Miscellaneous,70.960652,49.455984,1800.000000,5.317263,0.434824,0.107515,0.542339,89020.771513,False
1901,1020,"Major Brothers, Limited",Industrial,General Miscellaneous,28.358738,25.057699,5500.000000,2.126905,0.131738,0.084880,0.216618,137817.342565,False
1901,1013,Hall & Holtz Ld,Miscellaneous,Retail & Stores,19.404467,12.680514,14000.000000,1.035094,0.530259,0.081629,0.611887,177527.200791,False
1901,1022,"Shanghai-Sumatra Tobacco Co., Ld",Miscellaneous,Tobacco,27.649770,25.057699,13000.000000,0.621056,0.103444,0.024785,0.128229,325750.082427,False
1901,1023,"Shanghai-Lankat Tobacco Co., Ld",Miscellaneous,Tobacco,235.732010,194.526871,9950.000000,,0.211822,0.000000,0.211822,1935542.367293,False
1902,512,Canton Insurance Office,Insurance,Marine Insurance,73.937232,80.219780,10000.000000,5.738647,-0.078317,0.071537,-0.006780,802197.802198,False
1902,901,Shanghai Cargo Boat Co.,Shipping,Tugs & Lighters,87.682167,97.483162,6000.000000,3.628228,-0.100540,0.037219,-0.063321,584898.971996,False
1902,902,Co-operative Cargo Boat Co.,Shipping,Tugs & Lighters,90.705690,97.483162,3000.000000,3.628228,-0.069525,0.037219,-0.032306,292449.485998,False
1902,1029,Shanghai Gas Co.,Industrial,Utilities,72.564552,83.303793,4000.000000,1.814114,-0.128917,0.021777,-0.107140,333215.171925,False
1902,1031,"A.S. Watson & Co., Ld",Miscellaneous,Retail & Stores,6.288928,8.323290,60000.000000,0.220717,-0.244418,0.026518,-0.217900,499397.376817,False
1902,1033,China Sugar Refining Co. Ld,Miscellaneous,Sugar,37.521921,79.184686,20000.000000,3.090041,-0.526147,0.039023,-0.487124,1583693.725629,False
1902,1034,Luzon Sugar Refining Co. Ld,Miscellaneous,Sugar,5.514906,12.938674,7000.000000,,-0.573766,0.000000,-0.573766,90570.719603,False
1902,1035,"Hongkong Land Invest. & A.Co., Ld",Real Estate,Land & Property,81.665356,100.404112,50000.000000,2.648606,-0.186633,0.026379,-0.160254,5020205.600851,False
1902,1032,Hongkong Electric Co. Ld,Miscellaneous,Utilities,5.738647,6.728111,30000.000000,0.353147,-0.147064,0.052488,-0.094576,201843.317972,False
1902,1039,"Central Stores, Ld",Miscellaneous,Retail & Stores,11.489387,10.868486,6000.000000,0.441434,0.057129,0.040616,0.097745,65210.918114,False
1902,1041,Hongkong Electric Co. Ld (2nd Isuue),Miscellaneous,Utilities,2.866300,3.367600,30000.000000,0.176574,-0.148860,0.052433,-0.096427,101028.004254,False
1902,1042,"Hongkong Hotel Co., Ld",Miscellaneous,Hotels,61.800810,71.939029,12000.000000,2.648606,-0.140928,0.036817,-0.104111,863268.344559,False
1902,1043,"Shanghai Mercury, Ld",Miscellaneous,Printing & Media,36.282276,38.993265,1400.000000,1.511762,-0.069525,0.038770,-0.030755,54590.570720,False
1902,1044,"Tsingtao Hotel Co., Ld",Miscellaneous,Hotels,46.350608,54.342432,2500.000000,3.310758,-0.147064,0.060924,-0.086140,135856.079404,False
1902,1045,"Shanghai Mutual Telephone Co., Ld",Miscellaneous,Utilities,37.491685,42.538107,1500.000000,2.418818,-0.118633,0.056862,-0.061771,63807.160581,False
1902,1046,"Robinson Piano Co., Ld",Miscellaneous,General Miscellaneous,22.071718,25.877348,3200.000000,2.427889,-0.147064,0.093823,-0.053241,82807.515066,False
1902,1047,"Chinese Provident Loan & Mortgage Co., Ld",Miscellaneous,General Miscellaneous,4.305497,5.047855,100000.000000,0.353147,-0.147064,0.069960,-0.077104,504785.537044,False
1902,1048,Astor House Hotel Co.,Miscellaneous,Hotels,14.349640,147.500886,4500.000000,1.655379,-0.902715,0.011223,-0.891492,663753.987948,False
1902,813,Punjom Mining & Trading Co. Ld,Mining,General Mining,0.991716,2.587735,59650.000000,0.000000,-0.616763,0.000000,-0.616763,154358.383552,False
1902,814,Punjom Mining & Trading Co. Ld (preference shares),Mining,Bonds & Preferences,0.550281,7.607231,30000.000000,0.000000,-0.927663,0.000000,-0.927663,228216.944346,False
1902,815,Jelebu Mining & Trading Co Ld,Mining,General Mining,0.659128,2.070188,60000.000000,,-0.681610,0.000000,-0.681610,124211.272598,False
1902,816,Raub A'lian Gold Min. Co. Ld,Mining,Gold Mining,2.866300,5.693017,200000.000000,0.243750,-0.496524,0.042816,-0.453708,1138603.332152,False
1902,817,"Chinese Engineering & Mining Co., Ld",Mining,General Mining,4.958578,6.735200,1000000.000000,0.393058,-0.263782,0.058359,-0.205423,6735200.283587,False
1902,306,Hongkong & W'pao Dock Co. Ld,Docks & Wharves,Wharves & Godowns,93.801778,148.741581,50000.000000,3.090041,-0.369364,0.020775,-0.348590,7437079.049982,False
1902,1070,"Tienstin Waterworks Co., Ld",Miscellaneous,Utilities,158.734958,74.441687,650.000000,7.256455,1.132340,0.097478,1.229818,48387.096774,False
1902,310,"S.C. Farnham, Boyd & Co., Ld",Docks & Wharves,Wharves & Godowns,108.846828,179.014534,55700.000000,6.047046,-0.391967,0.033780,-0.358187,9971109.535626,False
1902,703,Shanghai & H'kew Wharf Co.,Docks & Wharves,Wharves & Godowns,188.667836,216.235378,15100.000000,3.628228,-0.127489,0.016779,-0.110710,3265154.200638,False
1902,706,"Hongkong & Kowloon Wharf and Godown Co., Limited",Docks & Wharves,Wharves & Godowns,39.729092,49.684509,30000.000000,0.882869,-0.200373,0.017769,-0.182603,1490535.271180,False
1902,2501,"Ewo Cotton Sp. & W. Co., Ld",Industrial,Cotton & Textiles,24.188184,30.131159,15000.000000,,-0.197237,0.000000,-0.197237,451967.387451,False
1902,2502,International Cotton Man. Co. Ld,Industrial,Cotton & Textiles,24.188184,23.041475,8384.000000,1.814114,0.049767,0.078733,0.128500,193179.723502,False
1902,2503,"Laou-kung-mow Cotton Spinning and Weaving Co., Ld",Industrial,Cotton & Textiles,26.607002,35.448423,7158.000000,2.418818,-0.249416,0.068235,-0.181182,253739.808579,False
1902,2504,Soy Chee Cotton Spin. Co. Ld,Industrial,Cotton & Textiles,96.752736,106.345268,2000.000000,12.094092,-0.090202,0.113725,0.023523,212690.535271,False
1902,2505,"China Flour Mill Co., Ld",Industrial,Food & Beverage,54.423414,31.194612,3937.000000,1.814114,0.744641,0.058155,0.802796,122813.186813,False
1902,2508,"H'kong Cotton S.W. & D.Co., Ld.",Industrial,Cotton & Textiles,7.504384,7.763205,9000.000000,0.264861,-0.033339,0.034117,0.000778,69868.840837,False
1902,2510,"Shanghai Ice, Cold Storage & Refrigeration Co., Ltd",Industrial,Food & Beverage,12.094092,20.560085,7620.000000,0.907057,-0.411768,0.044117,-0.367651,156667.848281,False
1902,2001,Kowloon Land & Building Co. Ld,Real Estate,Land & Property,13.243031,18.114144,5960.000000,0.573865,-0.268912,0.031680,-0.237232,107960.297767,False
1902,2002,Humphreys Estate & F.Co.Ld,Real Estate,Land & Property,5.297212,7.245658,100000.000000,0.441434,-0.268912,0.060924,-0.207988,724565.756824,False
1902,211,"Shanghai Tug Boat Co., Ld",Shipping,Tugs & Lighters,172.340812,124.069479,2000.000000,3.023523,0.389067,0.024370,0.413437,248138.957816,False
1902,2003,"Wei-hai-wei Land & B.Co., Ld",Real Estate,Land & Property,9.675274,14.179369,3000.000000,0.000000,-0.317651,0.000000,-0.317651,42538.107054,False
1902,213,Indo-China Steam Nav. Co.,Shipping,Steam Navigation,38.096390,75.505140,49589.000000,3.096088,-0.495446,0.041005,-0.454441,3744224.388515,False
1902,2513,"Shanghai Pulp and paper Co., Ld",Industrial,General Miscellaneous,72.564552,72.669266,4500.000000,3.023523,-0.001441,0.041607,0.040166,327011.697979,False
1902,2516,"S. Moutrie & Co., Ld",Industrial,General Miscellaneous,24.720324,28.465083,2500.000000,1.324303,-0.131556,0.046524,-0.085032,71162.708259,False
1902,216,Taku Tug and Lighter Co,Shipping,Tugs & Lighters,32.956401,124.140376,8600.000000,0.744222,-0.734523,0.005995,-0.728528,1067607.231478,False
1902,601,"Hongkong Fire In. Co.,Limited",Insurance,Fire Insurance,152.294854,188.904644,8000.000000,15.450203,-0.193800,0.081788,-0.112012,1511237.149947,False
1902,218,"Hongkong, Canton & M'cao S.B.Co",Shipping,Steam Navigation,15.873496,18.504077,80000.000000,0.662152,-0.142162,0.035784,-0.106378,1480326.125487,False
1902,602,"China Fire In. Co.,Limited",Insurance,Fire Insurance,37.080486,45.281815,20000.000000,2.648606,-0.181117,0.058492,-0.122626,905636.299185,False
1902,2517,"Green Island Cement Co., Ld",Industrial,Cement & Building,9.270122,11.378944,100000.000000,0.441434,-0.185327,0.038794,-0.146533,1137894.363701,False
1902,223,Douglas Steamship Co. Ld,Shipping,Steam Navigation,18.316502,24.587026,20000.000000,1.322791,-0.255034,0.053800,-0.201233,491740.517547,False
1902,224,Shell Transport & Trading Co. Ld,Shipping,Steam Navigation,8.540000,15.951790,2000000.000000,0.182812,-0.464637,0.011460,-0.453177,31903580.290677,False
1902,106,Hongkong & Shanghai Banking Corporation,Banking,Banks,284.483280,320.879121,80000.000000,7.312500,-0.113425,0.022789,-0.090636,25670329.670330,False
1902,1007,"Shanghai Waterworks Co.,Ld.",Miscellaneous,Utilities,229.787749,241.049273,7200.000000,3.882204,-0.046719,0.016105,-0.030613,1735554.767813,False
1902,113,"National Bank of China, Ld. A",Banking,Banks,11.918728,13.973768,40453.000000,0.706295,-0.147064,0.050544,-0.096520,565280.843672,False
1902,115,"National Bank of China, Ld. Founders'",Banking,Banks,4.414344,7.727756,750.000000,0.706295,-0.428768,0.091397,-0.337371,5795.817086,False
1902,1012,"Perak Sugar Cultivation Co., Ld",Miscellaneous,Sugar,44.748141,53.881602,7000.000000,2.116466,-0.169510,0.039280,-0.130230,377171.215881,False
1902,501,"China Traders' Insurance Co.,Limited",Insurance,Marine Insurance,25.603193,27.947536,24000.000000,1.765737,-0.083884,0.063180,-0.020703,670740.872031,False
1902,502,"North-China Ins. Co., Ld",Insurance,Marine Insurance,108.846828,131.159163,5000.000000,4.875000,-0.170116,0.037169,-0.132948,655795.817086,False
1902,503,Union In. Society of Canton Limited,Insurance,Marine Insurance,203.059805,178.553704,10000.000000,13.243031,0.137248,0.074168,0.211416,1785537.043602,False
1902,504,Yangtsze Insurance Association,Insurance,Marine Insurance,58.493076,64.445232,8000.000000,5.297212,-0.092360,0.082197,-0.010163,515561.857497,False
1902,1017,"Shanghai Land Investment Co., Ld",Real Estate,Land & Property,75.588075,70.896845,39000.000000,1.814114,0.066170,0.025588,0.091758,2764976.958525,False
1902,1018,"J. Llewellyn & Co., Ld",Miscellaneous,General Miscellaneous,13.243031,28.465083,1200.000000,1.765737,-0.534762,0.062032,-0.472731,34158.099965,False
1902,1019,"Shanghai House Bazzar Co., Ld",Miscellaneous,General Miscellaneous,98.264498,70.960652,1800.000000,4.535285,0.384774,0.063913,0.448687,127729.174052,False
1902,1020,"Major Brothers, Limited",Industrial,General Miscellaneous,24.188184,28.358738,5500.000000,1.814114,-0.147064,0.063970,-0.083094,155973.059199,False
1902,1013,Hall & Holtz Ld,Miscellaneous,Retail & Stores,15.450203,19.404467,14000.000000,0.882869,-0.203781,0.045498,-0.158283,271662.531017,False
1902,1022,"Shanghai-Sumatra Tobacco Co., Ld",Miscellaneous,Tobacco,27.816412,27.649770,13000.000000,1.209409,0.006027,0.043740,0.049767,359447.004608,False
1903,512,Canton Insurance Office,Insurance,Marine Insurance,69.817105,73.937232,10000.000000,5.738392,-0.055725,0.077612,0.021887,739372.316623,False
1903,1018,"J. Llewellyn & Co., Ld",Real Estate,Hotels,18.362855,13.243031,1200.000000,1.530238,0.386605,0.115550,0.502156,15891.636935,False
1903,1029,Shanghai Gas Co.,Industrial,Utilities,56.073787,72.564552,4000.000000,1.834189,-0.227256,0.025277,-0.201980,290258.208865,False
1903,1031,"A.S. Watson & Co., Ld",Real Estate,Hotels,5.547112,6.288928,60000.000000,0.420815,-0.117956,0.066914,-0.051042,377335.671524,False
1903,1033,China Sugar Refining Co. Ld,Miscellaneous,Sugar,39.786186,37.521921,20000.000000,2.677916,0.060345,0.071369,0.131715,750438.410836,False
1903,1034,Luzon Sugar Refining Co. Ld,Miscellaneous,Sugar,4.208154,5.514906,7000.000000,1.147678,-0.236949,0.208105,-0.028844,38604.341779,False
1903,1035,"Hongkong Land Invest. & A.Co., Ld",Real Estate,Land & Property,60.253118,81.665356,50000.000000,2.295357,-0.262195,0.028107,-0.234088,4083267.823668,False
1903,1039,"Central Stores, Ld",Real Estate,Hotels,10.329106,11.489387,6000.000000,0.765119,-0.100987,0.066594,-0.034394,68936.324605,False
1903,1042,"Hongkong Hotel Co., Ld",Real Estate,Hotels,56.236244,61.800810,12000.000000,2.295357,-0.090040,0.037141,-0.052899,741609.723650,False
1903,1043,"Shanghai Mercury, Ld",Miscellaneous,Printing & Media,28.822975,36.282276,1400.000000,2.620270,-0.205591,0.072219,-0.133372,50795.186551,False
1903,1044,"Tsingtao Hotel Co., Ld",Real Estate,Hotels,36.343151,46.350608,2500.000000,2.869196,-0.215908,0.061902,-0.154006,115876.519320,False
1903,1045,"Shanghai Mutual Telephone Co., Ld",Miscellaneous,Utilities,35.111624,37.491685,4000.000000,2.096216,-0.063482,0.055911,-0.007571,149966.741247,False
1903,1047,"Chinese Provident Loan & Mortgage Co., Ld",Miscellaneous,General Miscellaneous,3.634315,4.305497,72200.000000,0.306048,-0.155889,0.071083,-0.084807,310856.866421,False
1903,1048,Astor House Hotel Co.,Real Estate,Hotels,10.711665,14.349640,21612.000000,0.956399,-0.253524,0.066650,-0.186874,310124.424019,False
1903,1050,"Maatschappij Co., in Langkat",Industrial,General Miscellaneous,161.146630,96.752736,30000.000000,18.341893,0.665551,0.189575,0.855126,2902582.088650,False
1903,1051,"Weeks & Co., Ld",Real Estate,Hotels,7.651190,10.594425,10000.000000,0.765119,-0.277810,0.072219,-0.205591,105944.246236,False
1903,1052,"Hotel Des Colonies Co., Ld",Real Estate,Hotels,7.074730,9.977626,9000.000000,0.786081,-0.290941,0.078784,-0.212156,89798.633368,False
1903,1054,"China Import & Export Lumber Co., Ld",Miscellaneous,General Miscellaneous,58.956084,25.699946,3000.000000,5.240541,1.294016,0.203913,1.497928,77099.836730,False
1903,813,Punjom Mining & Trading Co. Ld,Mining,General Mining,0.382559,0.991716,59650.000000,0.000000,-0.614245,0.000000,-0.614245,59155.832376,False
1903,814,Punjom Mining & Trading Co. Ld (preference shares),Mining,Bonds & Preferences,0.095640,0.550281,30000.000000,0.000000,-0.826198,0.000000,-0.826198,16508.435629,False
1903,1071,"E.L.Mondon, Ld",Real Estate,Hotels,26.202704,30.235230,7000.000000,2.620270,-0.133372,0.086663,-0.046709,211646.610631,False
1903,816,Raub A'lian Gold Min. Co. Ld (B),Mining,Gold Mining,3.251756,2.866300,200000.000000,0.243500,0.134479,0.084953,0.219431,573259.962508,False
1903,817,"Chinese Engineering & Mining Co., Ld",Mining,General Mining,3.249135,4.958578,1000000.000000,0.336652,-0.344745,0.067893,-0.276852,4958577.734777,False
1903,306,Hongkong & W'pao Dock Co. Ld,Docks & Wharves,Wharves & Godowns,78.042134,93.801778,50000.000000,2.295357,-0.168010,0.024470,-0.143540,4690088.891576,False
1903,310,"S.C. Farnham, Boyd & Co., Ld",Docks & Wharves,Wharves & Godowns,61.314328,108.846828,55200.000000,2.620270,-0.436692,0.024073,-0.412619,6008344.923505,False
1903,703,Shanghai & H'kew Wharf Co.,Docks & Wharves,Wharves & Godowns,112.671628,188.667836,20000.000000,2.620270,-0.402804,0.013888,-0.388916,3773356.715245,False
1903,706,"Hongkong & Kowloon Wharf and Godown Co., Limited",Docks & Wharves,Wharves & Godowns,36.725710,39.729092,30000.000000,0.956399,-0.075597,0.024073,-0.051524,1191872.770152,False
1903,707,"Y'tsze Wharf & Godown Co., Ld",Docks & Wharves,Wharves & Godowns,104.810816,139.082058,2500.000000,6.288649,-0.246410,0.045215,-0.201195,347705.146036,False
1903,2501,"Ewo Cotton Sp. & W. Co., Ld",Industrial,Cotton & Textiles,18.341893,24.188184,15000.000000,2.096216,-0.241700,0.086663,-0.155037,362822.761081,False
1903,2502,International Cotton Man. Co. Ld,Industrial,Cotton & Textiles,11.791217,24.188184,8384.000000,1.572162,-0.512522,0.064997,-0.447524,202793.735260,False
1903,2503,"Laou-kung-mow Cotton Spinning and Weaving Co., Ld",Industrial,Cotton & Textiles,20.962163,26.607002,7158.000000,2.096216,-0.212156,0.078784,-0.133372,190452.923747,False
1903,2504,Soy Chee Cotton Spin. Co. Ld,Industrial,Cotton & Textiles,101.575000,96.752736,2000.000000,10.481082,0.049841,0.108329,0.158170,193505.472577,False
1903,2505,"China Flour Mill Co., Ld",Industrial,Food & Beverage,43.234462,54.423414,3937.000000,5.240541,-0.205591,0.096292,-0.109299,214264.981557,False
1903,2508,"H'kong Cotton S.W. & D.Co., Ld.",Industrial,Cotton & Textiles,5.738392,7.504384,120000.000000,0.153024,-0.235328,0.020391,-0.214937,900526.093004,False
1903,2510,"Shanghai Ice, Cold Storage & Refrigeration Co., Ltd",Industrial,Food & Beverage,7.336757,12.094092,7620.000000,0.786081,-0.393360,0.064997,-0.328363,92156.981315,False
1903,2001,Kowloon Land & Building Co. Ld,Real Estate,Land & Property,14.345981,13.243031,5960.000000,0.879887,0.083285,0.066441,0.149727,78928.463446,False
1903,2002,Humphreys Estate & F.Co.Ld,Real Estate,Land & Property,4.208154,5.297212,100000.000000,0.344304,-0.205591,0.064997,-0.140594,529721.231179,False
1903,2003,"Wei-hai-wei Land & B.Co., Ld",Real Estate,Land & Property,10.481082,9.675274,3674.000000,,0.083285,0.000000,0.083285,35546.955312,False
1903,213,Indo-China Steam Nav. Co.,Shipping,Steam Navigation,28.429934,38.096390,49589.000000,2.435000,-0.253737,0.063917,-0.189820,1889161.879422,False
1903,2513,"Shanghai Pulp and paper Co., Ld",Industrial,General Miscellaneous,60.266219,72.564552,4500.000000,2.620270,-0.169481,0.036110,-0.133372,326540.484973,False
1903,2517,"Green Island Cement Co., Ld",Industrial,Cement & Building,8.798868,9.270122,100000.000000,0.459071,-0.050836,0.049522,-0.001314,927012.154562,False
1903,216,Taku Tug and Lighter Co,Shipping,Tugs & Lighters,20.909758,32.956401,25800.000000,1.568500,-0.365533,0.047593,-0.317940,850275.140594,False
1903,601,"Hongkong Fire In. Co.,Limited",Insurance,Fire Insurance,120.506236,152.294854,8000.000000,8.511948,-0.208731,0.055891,-0.152839,1218358.831711,False
1903,218,"Hongkong, Canton & M'cao S.B.Co",Shipping,Steam Navigation,14.066644,15.873496,80000.000000,0.573839,-0.113828,0.036151,-0.077677,1269879.663784,False
1903,602,"China Fire In. Co.,Limited",Insurance,Fire Insurance,33.473955,37.080486,20000.000000,2.295357,-0.097262,0.061902,-0.035360,741609.723650,False
1903,2516,"S. Moutrie & Co., Ld",Real Estate,Hotels,21.040771,24.720324,2500.000000,1.147678,-0.148847,0.046427,-0.102421,61800.810304,False
1903,223,Douglas Steamship Co. Ld,Shipping,Steam Navigation,11.476784,18.316502,20000.000000,1.147678,-0.373418,0.062658,-0.310760,366330.047772,False
1903,224,Shell Transport & Trading Co. Ld,Shipping,Steam Navigation,5.661375,8.540000,2000000.000000,0.121750,-0.337076,0.014256,-0.322819,17080000.000000,False
1903,106,Hongkong & Shanghai Banking Corporation,Banking,Banks,254.402054,284.483280,80000.000000,7.305000,-0.105740,0.025678,-0.080062,22758662.393421,False
1903,1007,"Shanghai Waterworks Co.,Ld.",Industrial,Utilities,222.722985,229.787749,7200.000000,3.652500,-0.030745,0.015895,-0.014850,1654471.790530,False
1903,113,"National Bank of China, Ld. A",Banking,Banks,10.329106,11.918728,41925.000000,0.751729,-0.133372,0.063071,-0.070300,499692.658886,False
1903,115,"National Bank of China, Ld. Founders'",Banking,Banks,3.825595,4.414344,750.000000,,-0.133372,0.000000,-0.133372,3310.757695,False
1903,1012,"Perak Sugar Cultivation Co., Ld",Miscellaneous,Sugar,36.683786,44.748141,7000.000000,1.310135,-0.180217,0.029278,-0.150939,313236.983733,False
1903,501,"China Traders' Insurance Co.,Limited",Insurance,Marine Insurance,23.336128,25.603193,24000.000000,1.530238,-0.088546,0.059767,-0.028779,614476.628167,False
1903,502,"North-China Ins. Co., Ld",Insurance,Marine Insurance,115.291898,108.846828,5000.000000,4.870000,0.059212,0.044742,0.103954,544234.141622,False
1903,503,Union In. Society of Canton Limited,Insurance,Marine Insurance,188.410544,203.059805,10000.000000,12.241903,-0.072143,0.060287,-0.011855,2030598.052851,False
1903,504,Yangtsze Insurance Association,Insurance,Marine Insurance,51.645530,58.493076,8000.000000,4.590714,-0.117066,0.078483,-0.038583,467944.609058,False
1903,1017,"Shanghai Land Investment Co., Ld",Real Estate,Land & Property,55.025679,75.588075,39000.000000,1.572162,-0.272032,0.020799,-0.251233,2947934.933785,False
1903,1013,Hall & Holtz Ld,Real Estate,Hotels,12.624463,15.450203,21000.000000,0.765119,-0.182893,0.049522,-0.133372,324454.254097,False
1903,1019,"Shanghai House Bazzar Co., Ld",Miscellaneous,General Miscellaneous,75.987842,98.264498,1800.000000,4.716487,-0.226701,0.047998,-0.178703,176876.096027,False
1903,1020,"Major Brothers, Limited",Industrial,General Miscellaneous,20.962163,24.188184,5500.000000,1.572162,-0.133372,0.064997,-0.068375,133035.012396,False
1903,1022,"Shanghai-Sumatra Tobacco Co., Ld",Industrial,Tobacco,27.250812,27.816412,13000.000000,1.572162,-0.020333,0.056519,0.036186,361613.351878,False
1904,512,Canton Insurance Office,Insurance,Marine Insurance,107.988166,69.817105,10000.000000,7.343195,0.546729,0.105178,0.651907,698171.051252,False
1904,1018,"J. Llewellyn & Co., Ld",Real Estate,Hotels,17.278107,18.362855,1200.000000,1.814201,-0.059073,0.098797,0.039724,22035.426056,False
1904,1029,Shanghai Gas Co.,Industrial,Utilities,62.130178,56.073787,11000.000000,2.071006,0.108008,0.036934,0.144941,616811.654963,False
1904,1031,"A.S. Watson & Co., Ld",Real Estate,Hotels,5.399408,5.547112,60000.000000,0.215976,-0.026627,0.038935,0.012308,332826.747720,False
1904,1033,China Sugar Refining Co. Ld,Miscellaneous,Sugar,97.189349,39.786186,20000.000000,2.159763,1.442791,0.054284,1.497076,795723.718688,False
1904,1035,"Hongkong Land Invest. & A.Co., Ld",Real Estate,Land & Property,63.928994,60.253118,50000.000000,2.591716,0.061007,0.043014,0.104021,3012655.906090,False
1904,1039,"Central Stores, Ld (ordinary)",Real Estate,Hotels,8.639053,10.329106,6000.000000,1.166272,-0.163620,0.112911,-0.050709,61974.635782,False
1904,1042,"Hongkong Hotel Co., Ld",Real Estate,Hotels,60.905325,56.236244,12000.000000,2.159763,0.083026,0.038405,0.121431,674834.922964,False
1904,1043,"Shanghai Mercury, Ld",Miscellaneous,Printing & Media,31.952663,28.822975,1400.000000,2.662722,0.108583,0.092382,0.200965,40352.164343,False
1904,1044,"Tsingtao Hotel Co., Ld",Real Estate,Hotels,41.035503,36.343151,2500.000000,3.239645,0.129112,0.089140,0.218253,90857.876533,False
1904,1045,"Shanghai Mutual Telephone Co., Ld",Miscellaneous,Utilities,40.236686,35.111624,4737.000000,2.366864,0.145965,0.067410,0.213375,166323.760612,False
1904,1047,"Chinese Provident Loan & Mortgage Co., Ld",Miscellaneous,General Miscellaneous,4.211538,3.634315,100000.000000,0.345562,0.158826,0.095083,0.253909,363431.506131,False
1904,1048,Astor House Hotel Co.,Real Estate,Hotels,11.662722,10.711665,22400.000000,1.079882,0.088787,0.100814,0.189601,239941.305943,False
1904,1050,"Maatschappij Co., in Langkat",Industrial,General Miscellaneous,159.763314,161.146630,25000.000000,5.917160,-0.008584,0.036719,0.028135,4028665.758306,False
1904,1051,"Weeks & Co., Ld",Real Estate,Hotels,7.775148,7.651190,10000.000000,0.259172,0.016201,0.033873,0.050075,76511.896028,False
1904,1052,"Hotel Des Colonies Co., Ld",Real Estate,Hotels,11.834320,7.074730,9000.000000,0.517751,0.672759,0.073183,0.745942,63672.571009,False
1904,1054,"China Import & Export Lumber Co., Ld",Miscellaneous,General Miscellaneous,59.171598,58.956084,850.000000,5.917160,0.003655,0.100366,0.104021,50112.671628,False
1904,1071,"E.L.Mondon, Ld",Real Estate,Hotels,5.917160,26.202704,7000.000000,2.958580,-0.774178,0.112911,-0.661266,183418.928833,False
1904,816,Raub A'lian Gold Min. Co. Ld (B),Mining,Gold Mining,1.943787,3.251756,50000.000000,0.244000,-0.402235,0.075036,-0.327198,162587.779059,False
1904,817,"Chinese Engineering & Mining Co., Ld",Mining,General Mining,3.994083,3.249135,1000000.000000,0.380118,0.229276,0.116991,0.346266,3249135.310764,False
1904,306,Hongkong & W'pao Dock Co. Ld,Docks & Wharves,Wharves & Godowns,93.301775,78.042134,50000.000000,3.023669,0.195531,0.038744,0.234275,3902106.697411,False
1904,819,"Wei-hai-wei Gold Mining Co., Ld",Mining,Gold Mining,7.559172,7.651190,30000.000000,,-0.012027,0.000000,-0.012027,229535.688083,False
1904,310,"S.C. Farnham, Boyd & Co., Ld",Docks & Wharves,Wharves & Godowns,69.230769,61.314328,55200.000000,4.142012,0.129112,0.067554,0.196666,3384550.885651,False
1904,703,Shanghai & H'kew Wharf Co.,Docks & Wharves,Wharves & Godowns,88.757396,112.671628,20000.000000,2.366864,-0.212247,0.021007,-0.191240,2253432.554240,False
1904,706,"Hongkong & Kowloon Wharf and Godown Co., Limited",Docks & Wharves,Wharves & Godowns,49.458580,36.725710,30000.000000,1.079882,0.346702,0.029404,0.376106,1101771.302798,False
1904,707,"Y'tsze Wharf & Godown Co., Ld",Docks & Wharves,Wharves & Godowns,110.946746,104.810816,2500.000000,10.650888,0.058543,0.101620,0.160163,262027.041191,False
1904,2501,"Ewo Cotton Sp. & W. Co., Ld",Industrial,Cotton & Textiles,14.792899,18.341893,15000.000000,2.366864,-0.193491,0.129041,-0.064450,275128.393250,False
1904,2502,International Cotton Man. Co. Ld,Industrial,Cotton & Textiles,14.792899,11.791217,8384.000000,1.775148,0.254569,0.150548,0.405118,98857.562100,False
1904,2503,"Laou-kung-mow Cotton Spinning and Weaving Co., Ld",Industrial,Cotton & Textiles,19.230769,20.962163,7158.000000,2.366864,-0.082596,0.112911,0.030315,150047.164867,False
1904,2504,Soy Chee Cotton Spin. Co. Ld,Industrial,Cotton & Textiles,94.674556,101.575000,2000.000000,11.834320,-0.067934,0.116508,0.048574,203150.000000,False
1904,2505,"China Flour Mill Co., Ld",Industrial,Food & Beverage,44.378698,43.234462,3937.000000,3.550296,0.026466,0.082117,0.108583,170214.076093,False
1904,2508,"H'kong Cotton S.W. & D.Co., Ld.",Industrial,Cotton & Textiles,6.263314,5.738392,120000.000000,0.172781,0.091475,0.030110,0.121585,688607.064249,False
1904,2510,"Shanghai Ice, Cold Storage & Refrigeration Co., Ltd",Industrial,Food & Beverage,11.834320,7.336757,8000.000000,0.739645,0.613018,0.100814,0.713831,58694.057227,False
1904,2001,Kowloon Land & Building Co. Ld,Real Estate,Land & Property,16.846154,14.345981,6000.000000,1.123077,0.174277,0.078285,0.252562,86075.883031,False
1904,2002,Humphreys Estate & F.Co.Ld,Real Estate,Land & Property,5.507396,4.208154,100000.000000,0.388757,0.308744,0.092382,0.401126,420815.428152,False
1904,2003,"Wei-hai-wei Land & B.Co., Ld",Real Estate,Land & Property,8.875740,10.481082,3000.000000,,-0.153166,0.000000,-0.153166,31443.244943,False
1904,2004,"China Land and Finance Co., Ld",Real Estate,Land & Property,29.585799,28.822975,6000.000000,1.183432,0.026466,0.041059,0.067524,172937.847186,False
1904,213,Indo-China Steam Nav. Co.,Shipping,Steam Navigation,55.029586,28.429934,49589.000000,2.440000,0.935621,0.085825,1.021446,1409811.995598,False
1904,2513,"Shanghai Pulp and paper Co., Ld",Industrial,General Miscellaneous,100.591716,60.266219,4500.000000,3.550296,0.669123,0.058910,0.728033,271197.987632,False
1904,2517,"Green Island Cement Co., Ld",Industrial,Cement & Building,13.390533,8.798868,100000.000000,0.647929,0.521847,0.073638,0.595485,879886.804318,False
1904,216,Taku Tug and Lighter Co,Shipping,Tugs & Lighters,18.639053,20.909758,25800.000000,0.621302,-0.108595,0.029713,-0.078882,539471.753485,False
1904,601,"Hongkong Fire In. Co.,Limited",Insurance,Fire Insurance,144.704142,120.506236,8000.000000,9.610947,0.200802,0.079755,0.280557,964049.889949,False
1904,218,"Hongkong, Canton & M'cao S.B.Co",Shipping,Steam Navigation,12.785799,14.066644,80000.000000,0.647929,-0.091055,0.046061,-0.044994,1125331.500000,False
1904,602,"China Fire In. Co.,Limited",Insurance,Fire Insurance,38.875740,33.473955,20000.000000,3.023669,0.161373,0.090329,0.251702,669479.090242,False
1904,2516,"S. Moutrie & Co., Ld",Real Estate,Hotels,23.757396,21.040771,2500.000000,1.295858,0.129112,0.061588,0.190700,52601.928519,False
1904,224,Shell Transport & Trading Co. Ld (ordinary),Shipping,Steam Navigation,5.856000,5.661375,2000000.000000,0.244000,0.034378,0.043099,0.077477,11322750.000000,False
1904,225,"Shanghai Tug & Lighter Co., Ld (ordinary shares)",Shipping,Tugs & Lighters,29.585799,26.202704,20000.000000,1.183432,0.129112,0.045164,0.174277,524054.082381,False
1904,226,"Shanghai Tug & Lighter Co., Ld (preference shares)",Shipping,Tugs & Lighters,28.402367,24.892569,10000.000000,1.035503,0.140998,0.041599,0.182597,248925.689131,False
1904,106,Hongkong & Shanghai Banking Corporation,Banking,Banks,307.982249,254.402054,80000.000000,7.320000,0.210612,0.028773,0.239386,20352164.343360,False
1904,1007,"Shanghai Waterworks Co.,Ld.",Industrial,Utilities,229.289941,222.722985,7200.000000,9.150000,0.029485,0.041082,0.070567,1603605.492087,False
1904,113,"National Bank of China, Ld. A",Banking,Banks,16.846154,10.329106,40453.000000,0.863905,0.630940,0.083638,0.714578,417843.323551,False
1904,115,"National Bank of China, Ld. Founders'",Banking,Banks,4.319527,3.825595,750.000000,0.000000,0.129112,0.000000,0.129112,2869.196101,False
1904,1012,"Perak Sugar Cultivation Co., Ld",Miscellaneous,Sugar,35.502959,36.683786,7000.000000,1.479290,-0.032189,0.040325,0.008136,256786.500367,False
1904,501,"China Traders' Insurance Co.,Limited",Insurance,Marine Insurance,25.269231,23.336128,24000.000000,1.943787,0.082837,0.083295,0.166133,560067.078923,False
1904,502,"North-China Ins. Co., Ld",Insurance,Marine Insurance,56.213018,115.291898,5000.000000,4.880000,-0.512429,0.042327,-0.470101,576459.490619,False
1904,503,Union In. Society of Canton Limited,Insurance,Marine Insurance,306.686391,188.410544,10000.000000,15.118343,0.627756,0.080241,0.707997,1884105.439681,False
1904,504,Yangtsze Insurance Association,Insurance,Marine Insurance,64.792899,51.645530,8000.000000,5.183432,0.254569,0.100366,0.354935,413164.238549,False
1904,1017,"Shanghai Land Investment Co., Ld",Real Estate,Land & Property,69.230769,55.025679,52000.000000,1.775148,0.258154,0.032260,0.290414,2861335.289802,False
1904,1013,Hall & Holtz Ld,Real Estate,Hotels,10.798817,12.624463,20601.000000,0.647929,-0.144612,0.051323,-0.093289,260076.559061,False
1904,1019,"Shanghai House Bazzar Co., Ld",Miscellaneous,General Miscellaneous,55.029586,75.987842,1800.000000,2.958580,-0.275811,0.038935,-0.236876,136778.115502,False
1904,1020,"Major Brothers, Limited",Industrial,General Miscellaneous,22.189349,20.962163,5500.000000,1.775148,0.058543,0.084683,0.143226,115291.898124,False
1904,1022,"Shanghai-Sumatra Tobacco Co., Ld",Industrial,Tobacco,38.757396,27.250812,13000.000000,1.775148,0.422247,0.065141,0.487388,354260.559690,False
1905,512,Canton Insurance Office,Insurance,Marine Insurance,153.858625,107.988166,10000.000000,9.468223,0.424773,0.087678,0.512451,1079881.656805,False
1905,1018,"J. Llewellyn & Co., Ld",Real Estate,Hotels,18.936446,17.278107,1200.000000,1.893645,0.095979,0.109598,0.205577,20733.727811,False
1905,1029,Shanghai Gas Co.,Industrial,Utilities,83.009079,62.130178,11000.000000,2.269780,0.336051,0.036533,0.372584,683431.952663,False
1905,1031,"A.S. Watson & Co., Ld",Real Estate,Hotels,5.680934,5.399408,60000.000000,0.236706,0.052140,0.043839,0.095979,323964.497041,False
1905,1033,China Sugar Refining Co. Ld,Miscellaneous,Sugar,94.682231,97.189349,20000.000000,4.734112,-0.025796,0.048710,0.022914,1943786.982249,False
1905,1035,"Hongkong Land Invest. & A.Co., Ld",Real Estate,Land & Property,59.176394,63.928994,50000.000000,1.656939,-0.074342,0.025918,-0.048423,3196449.704142,False
1905,1039,"Central Stores, Ld (ordinary)",Real Estate,Hotels,8.521401,8.639053,6000.000000,0.852140,-0.013619,0.098638,0.085019,51834.319527,False
1905,1042,"Hongkong Hotel Co., Ld",Real Estate,Hotels,71.011673,60.905325,12000.000000,2.367056,0.165935,0.038865,0.204800,730863.905325,False
1905,1043,"Shanghai Mercury, Ld",Miscellaneous,Printing & Media,0.000000,31.952663,1400.000000,1.621271,-1.000000,0.050740,-0.949260,44733.727811,True
1905,1044,"Tsingtao Hotel Co., Ld",Real Estate,Hotels,44.974060,41.035503,2500.000000,2.367056,0.095979,0.057683,0.153662,102588.757396,False
1905,1045,"Shanghai Mutual Telephone Co., Ld",Miscellaneous,Utilities,35.019455,40.236686,5500.000000,2.594034,-0.129664,0.064469,-0.065194,221301.775148,False
1905,1047,"Chinese Provident Loan & Mortgage Co., Ld",Miscellaneous,General Miscellaneous,4.260700,4.211538,100000.000000,0.378729,0.011673,0.089927,0.101600,421153.846154,False
1905,1048,Astor House Hotel Co.,Real Estate,Hotels,13.018807,11.662722,22400.000000,1.621271,0.116275,0.139013,0.255288,261244.970414,False
1905,1050,"Maatschappij Co., in Langkat",Industrial,General Miscellaneous,136.186770,159.763314,25000.000000,,-0.147572,0.000000,-0.147572,3994082.840237,False
1905,1051,"Weeks & Co., Ld",Real Estate,Hotels,9.468223,7.775148,20000.000000,0.568093,0.217755,0.073065,0.290820,155502.958580,False
1905,1052,"Hotel Des Colonies Co., Ld",Real Estate,Hotels,10.376135,11.834320,9000.000000,1.621271,-0.123217,0.136997,0.013781,106508.875740,False
1905,1054,"China Import & Export Lumber Co., Ld",Miscellaneous,General Miscellaneous,63.229572,59.171598,2510.000000,6.485084,0.068580,0.109598,0.178178,148520.710059,False
1905,1056,"Central Stores, Ld (founders')",Real Estate,Hotels,47.341115,43.195266,123.000000,,0.095979,0.000000,0.095979,5313.017751,False
1905,1057,"Central Stores, Ld (new issue)",Real Estate,Hotels,3.550584,3.455621,24000.000000,,0.027481,0.000000,0.027481,82934.911243,False
1905,1058,"Shanghai Electric and Asbestos Co., Ld",Miscellaneous,Utilities,11.835279,10.798817,4000.000000,0.710117,0.095979,0.065759,0.161738,43195.266272,False
1905,1059,"Dallas Horse Repository Co., Ld",Miscellaneous,General Miscellaneous,25.940337,29.585799,5000.000000,2.594034,-0.123217,0.087678,-0.035538,147928.994083,False
1905,1071,"E.L.Mondon, Ld",Real Estate,Hotels,16.212711,5.917160,7000.000000,3.242542,1.739948,0.547990,2.287938,41420.118343,False
1905,816,Raub A'lian Gold Min. Co. Ld (B),Mining,Gold Mining,1.893645,1.943787,150000.000000,0.240000,-0.025796,0.123470,0.097674,291568.047337,False
1905,817,"Chinese Engineering & Mining Co., Ld",Mining,General Mining,5.447471,3.994083,1000000.000000,0.484000,0.363885,0.121179,0.485065,3994082.840237,False
1905,306,Hongkong & W'pao Dock Co. Ld,Docks & Wharves,Wharves & Godowns,77.166018,93.301775,50000.000000,2.840467,-0.172942,0.030444,-0.142498,4665088.757396,False
1905,819,"Wei-hai-wei Gold Mining Co., Ld",Mining,Gold Mining,4.970817,7.559172,30000.000000,,-0.342412,0.000000,-0.342412,226775.147929,False
1905,310,"S.C. Farnham, Boyd & Co., Ld",Docks & Wharves,Wharves & Godowns,85.603113,69.230769,55200.000000,5.188067,0.236489,0.074939,0.311428,3821538.461538,False
1905,703,Shanghai & H'kew Wharf Co.,Docks & Wharves,Wharves & Godowns,142.671855,88.757396,20000.000000,3.891051,0.607436,0.043839,0.651275,1775147.928994,False
1905,706,"Hongkong & Kowloon Wharf and Godown Co., Limited",Docks & Wharves,Wharves & Godowns,51.128405,49.458580,30000.000000,1.183528,0.033762,0.023930,0.057692,1483757.396450,False
1905,707,"Y'tsze Wharf & Godown Co., Ld",Docks & Wharves,Wharves & Godowns,123.216602,110.946746,2500.000000,11.673152,0.110592,0.105214,0.215806,277366.863905,False
1905,708,Shanghai & H'kew Wharf Co. (2nd issue),Docks & Wharves,Wharves & Godowns,142.671855,88.757396,12000.000000,3.891051,0.607436,0.043839,0.651275,1065088.757396,False
1905,2501,"Ewo Cotton Sp. & W. Co., Ld",Industrial,Cotton & Textiles,28.534371,14.792899,15000.000000,5.188067,0.928923,0.350713,1.279637,221893.491124,False
1905,2502,International Cotton Man. Co. Ld,Industrial,Cotton & Textiles,28.534371,14.792899,8384.000000,1.945525,0.928923,0.131518,1.060441,124023.668639,False
1905,2503,"Laou-kung-mow Cotton Spinning and Weaving Co., Ld",Industrial,Cotton & Textiles,35.019455,19.230769,7158.000000,2.594034,0.821012,0.134890,0.955901,137653.846154,False
1905,2504,Soy Chee Cotton Spin. Co. Ld,Industrial,Cotton & Textiles,185.721875,94.674556,2000.000000,12.970169,0.961687,0.136997,1.098685,189349.112426,False
1905,2505,"China Flour Mill Co., Ld",Industrial,Food & Beverage,51.880674,44.378698,6000.000000,3.242542,0.169045,0.073065,0.242110,266272.189349,False
1905,2508,"H'kong Cotton S.W. & D.Co., Ld.",Industrial,Cotton & Textiles,6.391051,6.263314,120000.000000,0.236706,0.020394,0.037792,0.058187,751597.633136,False
1905,2510,"Shanghai Ice, Cold Storage & Refrigeration Co., Ltd",Industrial,Food & Beverage,14.267185,11.834320,8000.000000,0.972763,0.205577,0.082198,0.287776,94674.556213,False
1905,2513,"Shanghai Pulp and paper Co., Ld",Industrial,General Miscellaneous,98.249027,100.591716,4500.000000,3.891051,-0.023289,0.038682,0.015393,452662.721893,False
1905,2002,Humphreys Estate & F.Co.Ld,Real Estate,Land & Property,5.680934,5.507396,100000.000000,0.426070,0.031510,0.077363,0.108873,550739.644970,False
1905,2003,"Wei-hai-wei Land & B.Co., Ld",Real Estate,Land & Property,9.079118,8.875740,3000.000000,,0.022914,0.000000,0.022914,26627.218935,False
1905,2004,"China Land and Finance Co., Ld",Real Estate,Land & Property,35.667964,29.585799,6000.000000,3.891051,0.205577,0.131518,0.337095,177514.792899,False
1905,213,Indo-China Steam Nav. Co.,Shipping,Steam Navigation,42.153048,55.029586,49589.000000,2.918288,-0.233993,0.053031,-0.180962,2728862.130178,False
1905,2517,"Green Island Cement Co., Ld",Industrial,Cement & Building,13.728923,13.390533,100000.000000,0.946822,0.025271,0.070708,0.095979,1339053.254438,False
1905,216,Taku Tug and Lighter Co,Shipping,Tugs & Lighters,48.573000,18.639053,25800.000000,2.213035,1.605980,0.118731,1.724711,480887.573964,False
1905,601,"Hongkong Fire In. Co.,Limited",Insurance,Fire Insurance,156.225681,144.704142,8000.000000,16.095979,0.079621,0.111234,0.190855,1157633.136095,False
1905,218,"Hongkong, Canton & M'cao S.B.Co",Shipping,Steam Navigation,11.361868,12.785799,80000.000000,0.473411,-0.111368,0.037026,-0.074342,1022863.905325,False
1905,602,"China Fire In. Co.,Limited",Insurance,Fire Insurance,41.186770,38.875740,20000.000000,3.313878,0.059447,0.085243,0.144689,777514.792899,False
1905,2516,"S. Moutrie & Co., Ld",Real Estate,Hotels,30.771725,23.757396,5000.000000,1.893645,0.295248,0.079708,0.374956,118786.982249,False
1905,224,Shell Transport & Trading Co. Ld (ordinary),Shipping,Steam Navigation,6.292000,5.856000,2000000.000000,0.242000,0.074454,0.041325,0.115779,11712000.000000,False
1905,225,"Shanghai Tug & Lighter Co., Ld (ordinary shares)",Shipping,Tugs & Lighters,35.667964,29.585799,20000.000000,1.297017,0.205577,0.043839,0.249416,591715.976331,False
1905,226,"Shanghai Tug & Lighter Co., Ld (preference shares)",Shipping,Tugs & Lighters,30.479896,28.402367,10000.000000,1.134890,0.073146,0.039958,0.113104,284023.668639,False
1905,106,Hongkong & Shanghai Banking Corporation,Banking,Banks,409.500649,307.982249,80000.000000,8.470000,0.329624,0.027502,0.357126,24638579.881657,False
1905,1007,"Shanghai Waterworks Co.,Ld.",Industrial,Utilities,298.313878,229.289941,7200.000000,9.075000,0.301033,0.039579,0.340612,1650887.573964,False
1905,113,"National Bank of China, Ld. A",Banking,Banks,17.989624,16.846154,40453.000000,0.946822,0.067877,0.056204,0.124081,681477.461538,False
1905,1012,"Perak Sugar Cultivation Co., Ld",Miscellaneous,Sugar,41.504540,35.502959,7000.000000,1.621271,0.169045,0.045666,0.214710,248520.710059,False
1905,501,"China Traders' Insurance Co.,Limited",Insurance,Marine Insurance,39.766537,25.269231,24000.000000,2.130350,0.573714,0.084306,0.658020,606461.538462,False
1905,502,"North-China Ins. Co., Ld",Insurance,Marine Insurance,58.365759,56.213018,10000.000000,1.815000,0.038296,0.032288,0.070584,562130.177515,False
1905,503,Union In. Society of Canton Limited,Insurance,Marine Insurance,336.121920,306.686391,10000.000000,18.936446,0.095979,0.061745,0.157725,3066863.905325,False
1905,504,Yangtsze Insurance Association,Insurance,Marine Insurance,80.479896,64.792899,8000.000000,7.101167,0.242110,0.109598,0.351708,518343.195266,False
1905,1017,"Shanghai Land Investment Co., Ld",Real Estate,Land & Property,79.118029,69.230769,52000.000000,1.945525,0.142816,0.028102,0.170918,3600000.000000,False
1905,1013,Hall & Holtz Ld,Real Estate,Hotels,12.071984,10.798817,20601.000000,0.710117,0.117899,0.065759,0.183658,222466.420118,False
1905,1019,"Shanghai House Bazzar Co., Ld",Miscellaneous,General Miscellaneous,43.774319,55.029586,4507.000000,3.891051,-0.204531,0.070708,-0.133823,248018.343195,False
1905,1020,"Major Brothers, Limited",Industrial,General Miscellaneous,38.910506,22.189349,5500.000000,2.594034,0.753567,0.116904,0.870471,122041.420118,False
1905,1022,"Shanghai-Sumatra Tobacco Co., Ld",Industrial,Tobacco,43.774319,38.757396,13000.000000,1.297017,0.129444,0.033465,0.162909,503846.153846,False
1906,512,Canton Insurance Office,Insurance,Marine Insurance,152.264601,153.858625,10000.000000,10.236276,-0.010360,0.066530,0.056170,1538586.251621,False
1906,1018,"J. Llewellyn & Co., Ld",Real Estate,Hotels,21.752086,18.936446,1200.000000,3.070883,0.148689,0.162168,0.310857,22723.735409,False
1906,1029,Shanghai Gas Co.,Industrial,Utilities,76.421510,83.009079,16000.000000,2.453902,-0.079360,0.029562,-0.049798,1328145.265888,False
1906,1031,"A.S. Watson & Co., Ld",Real Estate,Hotels,6.909486,5.680934,60000.000000,0.255907,0.216259,0.045047,0.261305,340856.031128,False
1906,1033,China Sugar Refining Co. Ld,Miscellaneous,Sugar,76.772068,94.682231,20000.000000,7.677207,-0.189161,0.081084,-0.108077,1893644.617380,False
1906,1035,"Hongkong Land Invest. & A.Co., Ld",Real Estate,Land & Property,53.228634,59.176394,50000.000000,1.791348,-0.100509,0.030271,-0.070238,2958819.714656,False
1906,1039,"Central Stores, Ld (ordinary)",Real Estate,Hotels,9.468555,8.521401,6000.000000,1.228353,0.111150,0.144149,0.255299,51128.404669,False
1906,1042,"Hongkong Hotel Co., Ld",Real Estate,Hotels,57.579051,71.011673,12000.000000,2.559069,-0.189161,0.036037,-0.153123,852140.077821,False
1906,1044,"Tsingtao Hotel Co., Ld",Real Estate,Hotels,48.622309,44.974060,2500.000000,2.559069,0.081119,0.056901,0.138020,112435.149157,False
1906,1045,"Shanghai Mutual Telephone Co., Ld",Miscellaneous,Utilities,42.066886,35.019455,5500.000000,2.804459,0.201243,0.080083,0.281326,192607.003891,False
1906,1048,Astor House Hotel Co.,Real Estate,Hotels,15.354414,13.018807,22400.000000,2.103344,0.179403,0.161562,0.340965,291621.271077,False
1906,1050,"Maatschappij Co., in Langkat",Industrial,General Miscellaneous,166.514758,136.186770,25000.000000,21.033443,0.222694,0.154446,0.377140,3404669.260700,False
1906,1051,"Weeks & Co., Ld",Real Estate,Hotels,10.492183,9.468223,20000.000000,0.409451,0.108147,0.043245,0.151392,189364.461738,False
1906,1052,"Hotel Des Colonies Co., Ld",Real Estate,Hotels,10.516722,10.376135,9000.000000,1.051672,0.013549,0.101355,0.114904,93385.214008,False
1906,1054,"China Import & Export Lumber Co., Ld",Miscellaneous,General Miscellaneous,68.358690,63.229572,2780.000000,7.011148,0.081119,0.110884,0.192003,175778.210117,False
1906,1056,"Central Stores, Ld (founders')",Real Estate,Hotels,51.181378,47.341115,123.000000,,0.081119,0.000000,0.081119,5822.957198,False
1906,1057,"Central Stores, Ld (new issue)",Real Estate,Hotels,8.444927,3.550584,24000.000000,0.537404,1.378462,0.151357,1.529818,85214.007782,False
1906,1058,"Shanghai Electric and Asbestos Co., Ld",Miscellaneous,Utilities,13.435112,11.835279,5000.000000,1.023628,0.135175,0.086490,0.221664,59176.394293,False
1906,1059,"Dallas Horse Repository Co., Ld",Miscellaneous,General Miscellaneous,26.642361,25.940337,5000.000000,2.804459,0.027063,0.108112,0.135175,129701.686122,False
1906,1060,"Lane, Crawford & Co., Ld",Real Estate,Hotels,79.331137,71.721790,2800.000000,3.582696,0.106095,0.049953,0.156048,200821.011673,False
1906,1061,"The Hotel Metropole Co., Ld",Real Estate,Hotels,53.740447,49.708171,2000.000000,3.070883,0.081119,0.061778,0.142897,99416.342412,False
1906,1071,"E.L.Mondon, Ld",Real Estate,Hotels,17.527869,16.212711,7000.000000,3.505574,0.081119,0.216224,0.297343,113488.975357,False
1906,816,Raub A'lian Gold Min. Co. Ld (B),Mining,Gold Mining,4.094510,1.893645,150000.000000,0.240000,1.162238,0.126740,1.288978,284046.692607,False
1906,817,"Chinese Engineering & Mining Co., Ld",Mining,General Mining,7.466872,5.447471,1000000.000000,0.484000,0.370704,0.088849,0.459553,5447470.817121,False
1906,306,Hongkong & W'pao Dock Co. Ld,Docks & Wharves,Wharves & Godowns,74.212999,77.166018,50000.000000,3.070883,-0.038268,0.039796,0.001527,3858300.907912,False
1906,819,"Wei-hai-wei Gold Mining Co., Ld",Mining,Gold Mining,1.023628,4.970817,30000.000000,,-0.794073,0.000000,-0.794073,149124.513619,False
1906,703,Shanghai & H'kew Wharf Co.,Docks & Wharves,Wharves & Godowns,164.761972,142.671855,20000.000000,5.608918,0.154832,0.039313,0.194145,2853437.094682,False
1906,706,"Hongkong & Kowloon Wharf and Godown Co., Limited",Docks & Wharves,Wharves & Godowns,46.063241,51.128405,40000.000000,1.279534,-0.099068,0.025026,-0.074042,2045136.186770,False
1906,707,"Y'tsze Wharf & Godown Co., Ld",Docks & Wharves,Wharves & Godowns,161.256398,123.216602,2500.000000,12.620066,0.308723,0.102422,0.411145,308041.504540,False
1906,2501,"Ewo Cotton Sp. & W. Co., Ld",Industrial,Cotton & Textiles,44.170231,28.534371,15000.000000,7.011148,0.547966,0.245709,0.793675,428015.564202,False
1906,2502,International Cotton Man. Co. Ld,Industrial,Cotton & Textiles,44.871345,28.534371,8384.000000,4.206689,0.572537,0.147425,0.719962,239232.166018,False
1906,2503,"Laou-kung-mow Cotton Spinning and Weaving Co., Ld",Industrial,Cotton & Textiles,73.617051,35.019455,7158.000000,5.608918,1.102176,0.160166,1.262342,250669.260700,False
1906,2504,Soy Chee Cotton Spin. Co. Ld,Industrial,Cotton & Textiles,236.626236,185.721875,2000.000000,17.527869,0.274089,0.094377,0.368466,371443.750000,False
1906,2505,"China Flour Mill Co., Ld",Industrial,Food & Beverage,41.365772,51.880674,6000.000000,3.505574,-0.202675,0.067570,-0.135105,311284.046693,False
1906,2508,"H'kong Cotton S.W. & D.Co., Ld.",Industrial,Cotton & Textiles,7.677207,6.391051,120000.000000,0.511814,0.201243,0.080083,0.281326,766926.070039,False
1906,2510,"Shanghai Ice, Cold Storage & Refrigeration Co., Ltd",Industrial,Food & Beverage,11.217836,14.267185,8000.000000,1.402230,-0.213732,0.098284,-0.115448,114137.483787,False
1906,2513,"Shanghai Pulp and paper Co., Ld",Industrial,General Miscellaneous,84.133773,98.249027,4500.000000,3.505574,-0.143668,0.035680,-0.107988,442120.622568,False
1906,2002,Humphreys Estate & F.Co.Ld,Real Estate,Land & Property,5.757905,5.680934,100000.000000,0.409451,0.013549,0.072075,0.085624,568093.385214,False
1906,2003,"Wei-hai-wei Land & B.Co., Ld",Real Estate,Land & Property,6.310033,9.079118,3674.000000,,-0.304995,0.000000,-0.304995,33356.679637,False
1906,2516,"S. Moutrie & Co., Ld",Real Estate,Hotels,33.267896,30.771725,5000.000000,1.791348,0.081119,0.058214,0.139333,153858.625162,False
1906,213,Indo-China Steam Nav. Co.,Shipping,Steam Navigation,47.675805,42.153048,49589.000000,2.376779,0.131017,0.056385,0.187401,2090327.496757,False
1906,216,Taku Tug and Lighter Co,Shipping,Tugs & Lighters,39.657844,48.573000,25800.000000,1.472331,-0.183541,0.030312,-0.153230,1253183.400000,False
1906,601,"Hongkong Fire In. Co.,Limited",Insurance,Fire Insurance,171.457618,156.225681,8000.000000,17.913482,0.097500,0.114664,0.212164,1249805.447471,False
1906,218,"Hongkong, Canton & M'cao S.B.Co",Shipping,Steam Navigation,13.051251,11.361868,80000.000000,0.511814,0.148689,0.045047,0.193736,908949.416342,False
1906,602,"China Fire In. Co.,Limited",Insurance,Fire Insurance,48.110496,41.186770,20000.000000,3.070883,0.168106,0.074560,0.242665,823735.408560,False
1906,2517,"Green Island Cement Co., Ld",Industrial,Cement & Building,10.236276,13.728923,100000.000000,0.383860,-0.254401,0.027960,-0.226441,1372892.347601,False
1906,2519,"Anglo-German Brewery Co., Ld",Industrial,Food & Beverage,51.693192,55.862516,4000.000000,3.582696,-0.074635,0.064134,-0.010501,223450.064851,False
1906,224,Shell Transport & Trading Co. Ld (ordinary),Shipping,Steam Navigation,6.897000,6.292000,2000000.000000,2.420000,0.096154,0.384615,0.480769,12584000.000000,False
1906,225,"Shanghai Tug & Lighter Co., Ld (ordinary shares)",Shipping,Tugs & Lighters,38.210755,35.667964,20000.000000,1.752787,0.071291,0.049142,0.120432,713359.273671,False
1906,226,"Shanghai Tug & Lighter Co., Ld (preference shares)",Shipping,Tugs & Lighters,35.055739,30.479896,10000.000000,1.226951,0.150127,0.040254,0.190381,304798.962387,False
1906,106,Hongkong & Shanghai Banking Corporation,Banking,Banks,422.246372,409.500649,80000.000000,8.470000,0.031125,0.020684,0.051809,32760051.880674,False
1906,1007,"Shanghai Waterworks Co.,Ld.",Industrial,Utilities,220.851153,298.313878,7200.000000,9.075000,-0.259669,0.030421,-0.229248,2147859.922179,False
1906,113,"National Bank of China, Ld. A",Banking,Banks,24.055248,17.989624,99925.000000,1.023628,0.337173,0.056901,0.394074,1797613.164721,False
1906,1012,"Perak Sugar Cultivation Co., Ld",Miscellaneous,Sugar,56.089182,41.504540,7000.000000,2.804459,0.351399,0.067570,0.418969,290531.776913,False
1906,501,"China Traders' Insurance Co.,Limited",Insurance,Marine Insurance,50.157751,39.766537,24000.000000,2.303162,0.261305,0.057917,0.319223,954396.887160,False
1906,502,"North-China Ins. Co., Ld",Insurance,Marine Insurance,56.089182,58.365759,10000.000000,1.815000,-0.039005,0.031097,-0.007908,583657.587549,False
1906,503,Union In. Society of Canton Limited,Insurance,Marine Insurance,388.978476,336.121920,10000.000000,15.354414,0.157254,0.045681,0.202935,3361219.195850,False
1906,504,Yangtsze Insurance Association,Insurance,Marine Insurance,81.890205,80.479896,8000.000000,7.677207,0.017524,0.095393,0.112917,643839.169909,False
1906,1017,"Shanghai Land Investment Co., Ld",Real Estate,Land & Property,68.008133,79.118029,52000.000000,2.103344,-0.140422,0.026585,-0.113837,4114137.483787,False
1906,1013,Hall & Holtz Ld,Real Estate,Hotels,12.027624,12.071984,20000.000000,1.279534,-0.003675,0.105992,0.102317,241439.688716,False
1906,1019,"Shanghai House Bazzar Co., Ld",Miscellaneous,General Miscellaneous,31.550165,43.774319,4507.000000,2.804459,-0.279254,0.064066,-0.215188,197290.856031,False
1906,1020,"Major Brothers, Limited",Industrial,General Miscellaneous,36.457968,38.910506,5500.000000,2.804459,-0.063030,0.072075,0.009044,214007.782101,False
1906,1022,"Shanghai-Sumatra Tobacco Co., Ld",Industrial,Tobacco,61.347543,43.774319,13000.000000,2.804459,0.401451,0.064066,0.465517,569066.147860,False
1907,512,Canton Insurance Office,Insurance,Marine Insurance,138.289005,152.264601,10000.000000,11.063120,-0.091785,0.072657,-0.019128,1522646.007151,False
1907,1031,"A.S. Watson & Co., Ld",Real Estate,Hotels,6.361294,6.909486,90000.000000,0.221262,-0.079339,0.032023,-0.047316,621853.747458,False
1907,1033,China Sugar Refining Co. Ld,Miscellaneous,Sugar,55.315602,76.772068,20000.000000,4.425248,-0.279483,0.057641,-0.221841,1535441.351749,False
1907,1035,"Hongkong Land Invest. & A.Co., Ld",Real Estate,Land & Property,52.549822,53.228634,50000.000000,1.936046,-0.012753,0.036372,0.023620,2661431.676365,False
1907,1039,"Central Stores, Ld (ordinary)",Real Estate,Hotels,7.744184,9.468555,6000.000000,0.995681,-0.182116,0.105157,-0.076959,56811.330015,False
1907,1045,"Shanghai Mutual Telephone Co., Ld",Miscellaneous,Utilities,40.160643,42.066886,16000.000000,3.030992,-0.045315,0.072052,0.026737,673070.181589,False
1907,1048,Astor House Hotel Co.,Real Estate,Hotels,16.594681,15.354414,25520.000000,1.244601,0.080776,0.081058,0.161834,391844.632966,False
1907,1052,"Hotel Des Colonies Co., Ld",Real Estate,Hotels,8.335228,10.516722,9000.000000,1.136622,-0.207431,0.108078,-0.099353,94650.494286,False
1907,1054,"China Import & Export Lumber Co., Ld",Miscellaneous,General Miscellaneous,68.197318,68.358690,3500.000000,7.577480,-0.002361,0.110849,0.108488,239255.416112,False
1907,1057,"Central Stores, Ld (new issue)",Real Estate,Hotels,7.744184,8.444927,24000.000000,0.580814,-0.082978,0.068777,-0.014201,202678.258431,False
1907,1059,"Dallas Horse Repository Co., Ld",Miscellaneous,General Miscellaneous,18.943699,26.642361,5000.000000,3.030992,-0.288963,0.113766,-0.175197,133211.806773,False
1907,1060,"Lane, Crawford & Co., Ld",Real Estate,Hotels,80.207623,79.331137,2800.000000,3.872092,0.011048,0.048809,0.059858,222127.182220,False
1907,1062,Dunning & Co. Ltd,Miscellaneous,General Miscellaneous,28.764113,27.637944,2000.000000,2.765780,0.040747,0.100072,0.140819,55275.888663,False
1907,817,"Chinese Engineering & Mining Co., Ld",Mining,General Mining,12.123968,7.466872,1000000.000000,0.363413,0.623701,0.048670,0.672371,7466872.327000,False
1907,703,Shanghai & H'kew Wharf Co.,Docks & Wharves,Wharves & Godowns,155.338334,164.761972,32000.000000,6.061984,-0.057195,0.036792,-0.020403,5272383.089112,False
1907,706,"Hongkong & Kowloon Wharf and Godown Co., Limited",Docks & Wharves,Wharves & Godowns,35.955141,46.063241,40000.000000,1.382890,-0.219440,0.030022,-0.189418,1842529.622099,False
1907,2502,International Cotton Man. Co. Ld,Industrial,Cotton & Textiles,39.402895,44.871345,8384.000000,4.546488,-0.121870,0.101323,-0.020547,376201.360163,False
1907,2503,"Laou-kung-mow Cotton Spinning and Weaving Co., Ld",Industrial,Cotton & Textiles,49.253618,73.617051,7158.000000,6.061984,-0.330948,0.082345,-0.248603,526950.851854,False
1907,2504,Soy Chee Cotton Spin. Co. Ld,Industrial,Cotton & Textiles,204.591953,236.626236,2000.000000,37.887399,-0.135379,0.160115,0.024736,473252.471430,False
1907,2505,"China Flour Mill Co., Ld",Industrial,Food & Beverage,43.949382,41.365772,6000.000000,3.788740,0.062458,0.091591,0.154049,248194.629461,False
1907,2508,"H'kong Cotton S.W. & D.Co., Ld.",Industrial,Cotton & Textiles,5.531560,7.677207,120000.000000,0.691445,-0.279483,0.090065,-0.189418,921264.811050,False
1907,2510,"Shanghai Ice, Cold Storage & Refrigeration Co., Ltd",Industrial,Food & Beverage,9.471850,11.217836,8000.000000,1.515496,-0.155644,0.135097,-0.020547,89742.690878,False
1907,2513,"Shanghai Pulp and paper Co., Ld",Industrial,General Miscellaneous,45.464878,84.133773,4500.000000,3.788740,-0.459612,0.045032,-0.414580,378601.977144,False
1907,2003,"Wei-hai-wei Land & B.Co., Ld",Real Estate,Land & Property,4.978404,6.310033,3674.000000,,-0.211034,0.000000,-0.211034,23183.061067,False
1907,2006,"Anglo-French Land Invest Co., Ld",Real Estate,Land & Property,76.911419,71.513707,,4.546488,0.075478,0.063575,0.139053,,False
1907,2519,"Anglo-German Brewery Co., Ld",Industrial,Food & Beverage,47.018262,51.693192,4000.000000,5.304236,-0.090436,0.102610,0.012174,206772.768702,False
1907,216,Taku Tug and Lighter Co,Shipping,Tugs & Lighters,36.371903,39.657844,25800.000000,0.757748,-0.082857,0.019107,-0.063750,1023172.368750,False
1907,601,"Hongkong Fire In. Co.,Limited",Insurance,Fire Insurance,178.392817,171.457618,8000.000000,22.126241,0.040448,0.129048,0.169496,1371660.940896,False
1907,2523,Kalumpong Rubber Co.,Industrial,General Miscellaneous,37.887399,25.941247,14000.000000,,0.460508,0.000000,0.460508,363177.452149,False
1907,224,Shell Transport & Trading Co. Ld (ordinary),Shipping,Steam Navigation,10.902375,6.897000,2000000.000000,0.242275,0.580742,0.035128,0.615869,13794000.000000,False
1907,226,"Shanghai Tug & Lighter Co., Ld (preference shares)",Shipping,Tugs & Lighters,37.887399,35.055739,10000.000000,1.326059,0.080776,0.037827,0.118603,350557.386244,False
1907,1012,"Perak Sugar Cultivation Co., Ld",Miscellaneous,Sugar,60.619838,56.089182,7000.000000,3.030992,0.080776,0.054039,0.134815,392624.272593,False
1907,502,"North-China Ins. Co., Ld",Insurance,Marine Insurance,66.302948,56.089182,10000.000000,1.817063,0.182099,0.032396,0.214495,560891.817991,False
1907,1019,"Shanghai House Bazzar Co., Ld",Miscellaneous,General Miscellaneous,34.098659,31.550165,5400.000000,3.030992,0.080776,0.096069,0.176845,170370.889715,False
1907,1020,"Major Brothers, Limited",Industrial,General Miscellaneous,30.309919,36.457968,5000.000000,3.030992,-0.168634,0.083137,-0.085497,182289.840847,False
1908,512,Canton Insurance Office,Insurance,Marine Insurance,114.332452,138.289005,10000.000000,10.162885,-0.173235,0.073490,-0.099745,1382890.050769,False
1908,1031,"A.S. Watson & Co., Ld",Real Estate,Hotels,5.843659,6.361294,90000.000000,0.152443,-0.081373,0.023964,-0.057408,572516.481018,False
1908,1033,China Sugar Refining Co. Ld,Miscellaneous,Sugar,67.329110,55.315602,20000.000000,4.065154,0.217181,0.073490,0.290671,1106312.040615,False
1908,138,Russo-Chinese Bank (B),Banking,Banks,121.815397,132.605895,16000.000000,7.830990,-0.081373,0.059055,-0.022318,2121694.324468,False
1908,1035,"Hongkong Land Invest. & A.Co., Ld",Real Estate,Land & Property,47.257413,52.549822,50000.000000,1.778505,-0.100712,0.033844,-0.066868,2627491.096461,False
1908,1048,Astor House Hotel Co.,Real Estate,Hotels,8.130308,16.594681,25520.000000,1.143325,-0.510065,0.068897,-0.441168,423496.249148,False
1908,1052,"Hotel Des Colonies Co., Ld",Real Estate,Hotels,4.176528,8.335228,9000.000000,0.522066,-0.498931,0.062634,-0.436297,75017.049329,False
1908,1054,"China Import & Export Lumber Co., Ld",Miscellaneous,General Miscellaneous,57.775303,68.197318,3500.000000,6.960880,-0.152821,0.102070,-0.050752,238690.611503,False
1908,1059,"Dallas Horse Repository Co., Ld",Miscellaneous,General Miscellaneous,17.402200,18.943699,5000.000000,2.784352,-0.081373,0.146980,0.065608,94718.496628,False
1908,1062,Dunning & Co. Ltd,Miscellaneous,General Miscellaneous,24.136851,28.764113,2000.000000,2.540721,-0.160869,0.088330,-0.072540,57528.226112,False
1908,706,"Hongkong & Kowloon Wharf and Godown Co., Limited",Docks & Wharves,Wharves & Godowns,22.866490,35.955141,40000.000000,0.762216,-0.364027,0.021199,-0.342828,1438205.652800,False
1908,2503,"Laou-kung-mow Cotton Spinning and Weaving Co., Ld",Industrial,Cotton & Textiles,50.814423,49.253618,7158.000000,5.568704,0.031689,0.113062,0.144751,352557.399409,False
1908,2510,"Shanghai Ice, Cold Storage & Refrigeration Co., Ltd",Industrial,Food & Beverage,9.745232,9.471850,8000.000000,0.522066,0.028863,0.055118,0.083980,75774.797302,False
1908,2513,"Shanghai Pulp and paper Co., Ld",Industrial,General Miscellaneous,31.323959,45.464878,4500.000000,3.480440,-0.311030,0.076552,-0.234477,204591.952717,False
1908,2003,"Wei-hai-wei Land & B.Co., Ld",Real Estate,Land & Property,4.573298,4.978404,3674.000000,,-0.081373,0.000000,-0.081373,18290.656967,False
1908,2004,"China Land & Finance Co., Ld",Real Estate,Land & Property,34.804399,45.464878,6425.000000,3.480440,-0.234477,0.076552,-0.157925,292111.843601,False
1908,216,Taku Tug and Lighter Co,Shipping,Tugs & Lighters,33.412223,36.371903,25800.000000,1.740220,-0.081373,0.047845,-0.033528,938395.089793,False
1908,2522,"A.Butler Cement, Tile Works, Limited",Industrial,Cement & Building,12.703606,27.657801,1200.000000,2.088264,-0.540686,0.075504,-0.465183,33189.361218,False
1908,224,Shell Transport & Trading Co. Ld (ordinary),Shipping,Steam Navigation,10.953675,10.902375,2000000.000000,0.243415,0.004705,0.022327,0.027032,21804750.000000,False
1908,227,Shell Transport & Trading Co. Ld (preference),Shipping,Bonds & Preferences,46.248850,46.032250,100000.000000,,0.004705,0.000000,0.004705,4603225.000000,False
1908,228,Indo-China Steam Nav. Co. (deferred),Shipping,Steam Navigation,25.755255,15.533833,,0.000000,0.658010,0.000000,0.658010,,False
1908,236,Indo-China Steam Nav. Co.(preference),Shipping,Steam Navigation,25.755255,23.111313,,1.460490,0.114400,0.063194,0.177594,,False
1908,117,Russo-Chinese Bank,Banking,Banks,121.815397,132.605895,80000.000000,8.450598,-0.081373,0.063727,-0.017646,10608471.622338,False
1908,502,"North-China Ins. Co., Ld",Insurance,Marine Insurance,69.608799,66.302948,10000.000000,1.825612,0.049860,0.027534,0.077394,663029.476396,False
1908,1020,"Major Brothers, Limited",Industrial,General Miscellaneous,34.804399,30.309919,5000.000000,2.784352,0.148284,0.091863,0.240147,151549.594605,False
1909,512,Canton Insurance Office,Insurance,Marine Insurance,81.399401,114.332452,10000.000000,5.087463,-0.288046,0.044497,-0.243549,1143324.516219,False
1909,1031,"A.S. Watson & Co., Ld",Miscellaneous,Retail & Stores,4.069970,5.843659,90000.000000,0.152624,-0.303524,0.026118,-0.277406,525929.277461,False
1909,1033,China Sugar Refining Co. Ld,Miscellaneous,Sugar,80.890654,67.329110,20000.000000,2.543731,0.201422,0.037781,0.239202,1346582.207991,False
1909,1035,"Hongkong Land Invest. & A.Co., Ld",Real Estate,Land & Property,52.400864,47.257413,50000.000000,1.780612,0.108839,0.037679,0.146518,2362870.666852,False
1909,1042,"Hongkong Hotel Co., Ld",Real Estate,Hotels,38.155969,49.798134,12000.000000,1.526239,-0.233787,0.030649,-0.203139,597577.613810,False
1909,1043,"Shanghai Mercury, Ld",Miscellaneous,Printing & Media,38.330197,34.804399,2100.000000,1.393825,0.101303,0.040047,0.141351,73089.238480,False
1909,1048,Astor House Hotel Co.,Real Estate,Hotels,10.174925,8.130308,25520.000000,1.144679,0.251481,0.140792,0.392273,207485.451761,False
1909,1051,"Weeks & Co., Ld",Miscellaneous,Retail & Stores,12.973029,12.703606,20000.000000,0.406997,0.021208,0.032038,0.053246,254072.114715,False
1909,1052,"Hotel Des Colonies Co., Ld",Real Estate,Hotels,2.787651,4.176528,9000.000000,0.522685,-0.332543,0.125148,-0.207395,37588.751218,False
1909,1054,"China Import & Export Lumber Co., Ld",Industrial,General Miscellaneous,52.268451,57.775303,3500.000000,5.850000,-0.095315,0.101254,0.005939,202213.559794,False
1909,1058,"Shanghai Electric and Asbestos Co., Ld",Industrial,Utilities,10.429298,11.687317,5000.000000,1.017493,-0.107640,0.087060,-0.020580,58436.586385,False
1909,1059,"Dallas Horse Repository Co., Ld",Miscellaneous,General Miscellaneous,17.422817,17.402200,5000.000000,1.045369,0.001185,0.060071,0.061256,87010.998190,False
1909,1062,Dunning & Co. Ltd,Miscellaneous,Retail & Stores,17.806119,24.136851,2000.000000,2.543731,-0.262285,0.105388,-0.156897,48273.701796,False
1909,1072,"China Printing Co., Ld",Industrial,Printing & Media,34.845634,34.804399,1500.000000,2.439194,0.001185,0.070083,0.071268,52206.598914,False
1909,106,Hongkong & Shanghai Banking Corporation,Banking,Banks,518.921179,439.544758,120000.000000,9.740000,0.180588,0.022159,0.202747,52745371.014896,False
1909,117,Russo-Chinese Bank,Banking,Banks,87.114085,121.815397,80000.000000,3.860209,-0.284868,0.031689,-0.253179,9745231.797299,False
1909,706,"Hongkong & Kowloon Wharf and Godown Co., Limited",Docks & Wharves,Wharves & Godowns,31.796641,22.866490,40000.000000,0.763119,0.390534,0.033373,0.423907,914659.612975,False
1909,707,"Y'tsze Wharf & Godown Co., Ld",Docks & Wharves,Wharves & Godowns,139.382535,151.399137,2500.000000,10.453690,-0.079370,0.069047,-0.010323,378497.842127,False
1909,216,Taku Tug and Lighter Co,Shipping,Tugs & Lighters,31.361070,33.412223,25800.000000,1.045369,-0.061389,0.031287,-0.030102,862035.361270,False
1909,224,Shell Transport & Trading Co. Ld (ordinary),Shipping,Steam Navigation,16.558000,10.953675,2000000.000000,0.487000,0.511639,0.044460,0.556099,21907350.000000,False
1909,227,Shell Transport & Trading Co. Ld (preference),Shipping,Bonds & Preferences,53.570000,46.248850,100000.000000,0.487000,0.158299,0.010530,0.168829,4624885.000000,False
1909,228,Indo-China Steam Nav. Co. (deferred),Shipping,Steam Navigation,33.451808,25.755255,,0.000000,0.298834,0.000000,0.298834,,False
1909,229,"Kochien Transportation & Tow Boat Co., Limited",Shipping,Tugs & Lighters,34.148721,34.804399,10000.000000,2.090738,-0.018839,0.060071,0.041232,348043.992761,False
1909,236,Indo-China Steam Nav. Co.(preference),Shipping,Steam Navigation,33.451808,25.755255,,1.461000,0.298834,0.056726,0.355561,,False
1909,816,Raub A'lian Gold Min. Co. Ld (B),Mining,Gold Mining,3.942783,4.065154,150000.000000,0.244198,-0.030102,0.060071,0.029969,609773.075317,False
1909,306,Hongkong & W'pao Dock Co. Ld,Docks & Wharves,Wharves & Godowns,25.437313,46.241125,50000.000000,2.034985,-0.449898,0.044008,-0.405890,2312056.243909,False
1909,818,Raub A'lian Gold Min. Co. Ld (A),Mining,Gold Mining,3.942783,4.065154,50000.000000,0.244198,-0.030102,0.060071,0.029969,203257.691772,False
1909,2503,"Laou-kung-mow Cotton Spinning and Weaving Co., Ld",Cotton,Cotton & Textiles,69.691268,50.814423,8000.000000,2.787651,0.371486,0.054859,0.426345,406515.383544,False
1909,2510,"Shanghai Ice, Cold Storage & Refrigeration Co., Ltd",Industrial,Food & Beverage,10.453690,9.745232,8000.000000,0.522685,0.072698,0.053635,0.126333,77961.854378,False
1909,2513,"Shanghai Pulp and paper Co., Ld",Industrial,General Miscellaneous,24.391944,31.323959,4557.000000,3.484563,-0.221301,0.111243,-0.110058,142743.282751,False
1909,2003,"Wei-hai-wei Land & B.Co., Ld",Real Estate,Land & Property,6.272214,4.573298,3674.000000,,0.371486,0.000000,0.371486,16802.297090,False
1909,2004,"China Land & Finance Co., Ld",Real Estate,Land & Property,34.845634,34.804399,6425.000000,3.484563,0.001185,0.100118,0.101303,223618.265349,False
1909,2522,"A.Butler Cement, Tile Works, Limited",Industrial,Cement & Building,16.377448,12.703606,1200.000000,2.090738,0.289197,0.164578,0.453775,15244.326883,False
1909,2525,"Senawang Rubber Estates Co., Ld",Plantations,Rubber Plantations,236.950310,62.647919,2500.000000,,2.782254,0.000000,2.782254,156619.796742,False
1909,502,"North-China Ins. Co., Ld",Insurance,Marine Insurance,78.402676,69.608799,10000.000000,3.652500,0.126333,0.052472,0.178805,696087.985521,False
1909,1017,"Shanghai Land Investment Co., Ld",Real Estate,Land & Property,82.932609,83.530558,78000.000000,2.090738,-0.007158,0.025030,0.017871,6515383.544480,False
1909,1020,"Major Brothers, Limited",Industrial,General Miscellaneous,36.587916,34.804399,5000.000000,2.787651,0.051244,0.080095,0.131339,174021.996380,False
1910,512,Canton Insurance Office,Insurance,Marine Insurance,93.843374,81.399401,10000.000000,7.608922,0.152875,0.093476,0.246352,813994.006551,False
1910,6005,Tebong Rubber & Tapoica Estate Co,Plantations,Rubber Plantations,12.160378,12.544428,76000.000000,0.347439,-0.030615,0.027697,-0.002918,953376.541919,False
1910,1029,"Shanghai Gas Co., Ld",Industrial,Utilities,67.403238,75.092341,24000.000000,2.084636,-0.102395,0.027761,-0.074634,1802216.182312,False
1910,1031,"A.S. Watson & Co., Ld",Miscellaneous,Retail & Stores,3.043569,4.069970,90000.000000,0.152178,-0.252189,0.037391,-0.214798,366297.302948,False
1910,1033,China Sugar Refining Co. Ld,Industrial,Sugar,62.900424,80.890654,20000.000000,2.536307,-0.222402,0.031355,-0.191047,1617813.088020,False
1910,1035,"Hongkong Land Invest. & A.Co., Ld",Real Estate,Land & Property,50.472518,52.400864,30000.000000,1.775415,-0.036800,0.033881,-0.002918,1572025.925152,False
1910,1039,"Central Stores, Ld (ordinary)",Miscellaneous,Retail & Stores,5.579876,8.139940,50123.000000,0.608714,-0.314506,0.074781,-0.239725,407998.215904,False
1910,1042,"Hongkong Hotel Co., Ld",Real Estate,Hotels,54.530609,38.155969,12000.000000,1.289362,0.429150,0.033792,0.462942,457871.628685,False
1910,1043,"Shanghai Mercury, Ld",Miscellaneous,Printing & Media,38.218331,38.330197,2100.000000,1.389757,-0.002918,0.036258,0.033339,80493.414175,False
1910,1045,"Shanghai Mutual Telephone Co., Ld",Miscellaneous,Utilities,45.167118,45.996237,20000.000000,5.756400,-0.018026,0.125149,0.107124,919924.733431,False
1910,1048,Astor House Hotel Co.,Real Estate,Hotels,7.101661,10.174925,25520.000000,1.141338,-0.302043,0.112172,-0.189871,259664.088090,False
1910,1050,"Maatschappij Co., in Langkat",Industrial,General Miscellaneous,71.572511,662.067043,25000.000000,10.423181,-0.891895,0.015743,-0.876152,16551676.074988,False
1910,1051,"Weeks & Co., Ld",Miscellaneous,Retail & Stores,11.920645,12.973029,200000.000000,0.304357,-0.081121,0.023461,-0.057660,2594605.895881,False
1910,1052,"Hotel Des Colonies Co., Ld",Real Estate,Hotels,2.779515,2.787651,9000.000000,0.521159,-0.002918,0.186953,0.184034,25088.856366,False
1910,1054,"China Import & Export Lumber Co., Ld",Industrial,General Miscellaneous,55.590299,52.268451,3565.000000,6.948787,0.063554,0.132944,0.196498,186337.026971,False
1910,1056,"Central Stores, Ld (founders')",Miscellaneous,Retail & Stores,202.904593,203.498502,123.000000,,-0.002918,0.000000,-0.002918,25030.315701,False
1910,1058,"Shanghai Electric and Asbestos Co., Ld",Industrial,Utilities,10.652491,10.429298,5000.000000,1.014523,0.021401,0.097276,0.118677,52146.491045,False
1910,1060,"Lane, Crawford & Co., Ld",Miscellaneous,Retail & Stores,60.871378,83.943132,2500.000000,5.072615,-0.274850,0.060429,-0.214421,209857.829814,False
1910,1062,Dunning & Co. Ltd,Miscellaneous,Retail & Stores,16.739629,17.806119,2000.000000,2.536307,-0.059895,0.142440,0.082546,35612.237787,False
1910,1072,"China Printing Co., Ld",Industrial,Printing & Media,34.743937,34.845634,1500.000000,2.432076,-0.002918,0.069796,0.066877,52268.450763,False
1910,601,"Hongkong Fire In. Co.,Limited",Insurance,Fire Insurance,182.614134,190.779845,8000.000000,13.696060,-0.042802,0.071790,0.028988,1526238.762283,False
1910,602,"China Fire In. Co.,Limited",Insurance,Fire Insurance,59.349593,57.997073,20000.000000,4.058092,0.023320,0.069971,0.093291,1159941.459335,False
1910,106,Hongkong & Shanghai Banking Corporation,Banking,Banks,464.144257,518.921179,120000.000000,9.696000,-0.105559,0.018685,-0.086874,62270541.501150,False
1910,113,"National Bank of China, Ld. A",Banking,Banks,40.580919,33.068507,99925.000000,1.014523,0.227177,0.030679,0.257857,3304370.513625,False
1910,703,Shanghai & H'kew Wharf Co.,Docks & Wharves,Wharves & Godowns,67.576958,90.598648,36000.000000,2.084636,-0.254106,0.023010,-0.231097,3261551.327619,False
1910,706,"Hongkong & Kowloon Wharf and Godown Co., Limited",Docks & Wharves,Wharves & Godowns,26.377597,31.796641,60000.000000,1.268154,-0.170428,0.039883,-0.130545,1907798.452854,False
1910,707,"Y'tsze Wharf & Godown Co., Ld",Docks & Wharves,Wharves & Godowns,135.501355,139.382535,2500.000000,10.423181,-0.027846,0.074781,0.046936,348456.338421,False
1910,709,"Shanghai Dock & Engineering Co., Ld",Docks & Wharves,Wharves & Godowns,47.599194,52.268451,55700.000000,2.432076,-0.089332,0.046530,-0.042802,2911352.707506,False
1910,216,Taku Tug and Lighter Co,Shipping,Tugs & Lighters,27.795150,31.361070,30000.000000,4.910929,-0.113705,0.156593,0.042888,940832.113736,False
1910,224,Shell Transport & Trading Co. Ld (ordinary),Shipping,Steam Navigation,19.634400,16.558000,2500000.000000,0.606000,0.185795,0.036599,0.222394,41395000.000000,False
1910,225,"Shanghai Tug & Lighter Co., Ld (ordinary shares)",Shipping,Tugs & Lighters,20.846362,29.967245,20000.000000,0.694879,-0.304362,0.023188,-0.281174,599344.902084,False
1910,226,"Shanghai Tug & Lighter Co., Ld (preference shares)",Shipping,Tugs & Lighters,31.964422,36.936372,10000.000000,1.216038,-0.134609,0.032923,-0.101686,369363.718726,False
1910,227,Shell Transport & Trading Co. Ld (preference),Shipping,Bonds & Preferences,53.328000,53.570000,100000.000000,0.606000,-0.004517,0.011312,0.006795,5357000.000000,False
1910,228,Indo-China Steam Nav. Co. (deferred),Shipping,Steam Navigation,27.795150,33.451808,60000.000000,,-0.169099,0.000000,-0.169099,2007108.509304,False
1910,229,"Kochien Transportation & Tow Boat Co., Limited",Shipping,Tugs & Lighters,27.795150,34.148721,10000.000000,2.432076,-0.186056,0.071220,-0.114836,341487.211652,False
1910,236,Indo-China Steam Nav. Co.(preference),Shipping,Steam Navigation,27.795150,33.451808,60000.000000,0.727200,-0.169099,0.021739,-0.147360,2007108.509304,False
1910,816,Raub A'lian Gold Min. Co. Ld (B),Mining,Gold Mining,1.521784,3.942783,150000.000000,0.282800,-0.614033,0.071726,-0.542307,591417.520385,False
1910,817,"Chinese Engineering & Mining Co., Ld",Mining,General Mining,10.423181,12.544428,1000000.000000,0.363600,-0.169099,0.028985,-0.140114,12544428.183149,False
1910,306,Hongkong & W'pao Dock Co. Ld,Docks & Wharves,Wharves & Godowns,26.884859,25.437313,50000.000000,0.760892,0.056906,0.029912,0.086819,1271865.635236,False
1910,818,Raub A'lian Gold Min. Co. Ld (A),Mining,Gold Mining,1.521784,3.942783,50000.000000,0.282800,-0.614033,0.071726,-0.542307,197139.173462,False
1910,6001,"Chempedak Rubber & Gambier Estate, Ld",Plantations,Rubber Plantations,10.423181,11.150603,35000.000000,,-0.065236,0.000000,-0.065236,390271.099031,False
1910,6003,Kroewek Java Plantations Ld,Plantations,Rubber Plantations,3.821833,15.332079,70000.000000,,-0.750730,0.000000,-0.750730,1073245.522336,False
1910,6002,"Alma Estates, Ld",Plantations,Rubber Plantations,7.643666,9.059865,70000.000000,0.145440,-0.156316,0.016053,-0.140262,634190.535926,False
1910,6006,"Dominion Rubber Co., Ld",Plantations,Rubber Plantations,17.371969,11.847516,22500.000000,,0.466296,0.000000,0.466296,266569.098892,False
1910,6007,"Ayer Tawah Rubber Plantation Co., Ld",Plantations,Rubber Plantations,4.864151,5.575301,19000.000000,,-0.127554,0.000000,-0.127554,105930.726880,False
1910,5001,Shanghai Cotton Manufacturing Co.,Cotton,Cotton & Textiles,34.743937,52.268451,20000.000000,2.779515,-0.335279,0.053178,-0.282101,1045369.015262,False
1910,2501,"Ewo Cotton Sp. & W. Co., Ld",Cotton,Cotton & Textiles,59.064693,100.006969,20000.000000,2.779515,-0.409394,0.027793,-0.381601,2000139.382535,False
1910,2502,International Cotton Man. Co. Ld,Cotton,Cotton & Textiles,31.269543,48.783887,10000.000000,5.211591,-0.359019,0.106830,-0.252189,487838.873789,False
1910,2503,"Laou-kung-mow Cotton Spinning and Weaving Co., Ld",Cotton,Cotton & Textiles,33.354180,69.691268,8000.000000,4.169272,-0.521401,0.059825,-0.461576,557530.141473,False
1910,2504,Soy Chee Cotton Spin. Co. Ld,Cotton,Cotton & Textiles,170.245292,296.187888,2000.000000,24.320756,-0.425212,0.082113,-0.343099,592375.775315,False
1910,2505,"China Flour Mill Co., Ld",Industrial,Food & Beverage,23.278438,34.845634,4000.000000,2.084636,-0.331955,0.059825,-0.272130,139382.535368,False
1910,2508,"H'kong Cotton S.W. & D.Co., Ld.",Cotton,Cotton & Textiles,3.043569,3.052478,125000.000000,0.253631,-0.002918,0.083090,0.080172,381559.690571,False
1910,2510,"Shanghai Ice, Cold Storage & Refrigeration Co., Ltd",Industrial,Food & Beverage,8.685984,10.453690,8000.000000,1.042318,-0.169099,0.099708,-0.069391,83629.521221,False
1910,2513,"Shanghai Pulp and paper Co., Ld",Industrial,General Miscellaneous,17.371969,24.391944,4557.000000,3.474394,-0.287799,0.142440,-0.145359,111154.087393,False
1910,2002,Humphrey's Estate & F.Co.Ld,Real Estate,Land & Property,3.043569,4.578716,150000.000000,0.228268,-0.335279,0.049854,-0.285425,686807.443027,False
1910,2003,"Wei-hai-wei Land & B.Co., Ld",Real Estate,Land & Property,5.559030,6.272214,3674.000000,0.000000,-0.113705,0.000000,-0.113705,23044.114572,False
1910,2004,"China Land & Finance Co., Ld",Real Estate,Land & Property,34.743937,34.845634,6425.000000,3.474394,-0.002918,0.099708,0.096790,223883.197435,False
1910,2517,"Green Island Cement Co., Ld",Industrial,Cement & Building,1.648600,3.815597,400000.000000,0.076089,-0.567931,0.019942,-0.547990,1526238.762283,False
1910,2006,"Anglo-French Land Invest Co., Ld",Real Estate,Land & Property,67.403238,73.872744,25000.000000,4.169272,-0.087576,0.056439,-0.031138,1846818.593630,False
1910,2519,"Anglo-German Brewery Co., Ld",Industrial,Food & Beverage,39.566396,41.971566,4000.000000,2.536307,-0.057305,0.060429,0.003124,167886.263851,False
1910,2516,"S. Moutrie & Co., Ld",Miscellaneous,Retail & Stores,10.145230,20.349850,10000.000000,1.014523,-0.501459,0.049854,-0.451605,203498.501638,False
1910,2522,"A.Butler Cement, Tile Works, Limited",Industrial,Cement & Building,15.982211,16.377448,1200.000000,2.779515,-0.024133,0.169716,0.145583,19652.937487,False
1910,2524,"Eastern Fibre Co., Ld",Cotton,Cotton & Textiles,6.948787,6.969127,30000.000000,,-0.002918,0.000000,-0.002918,209073.803052,False
1910,2525,"Senawang Rubber Estates Co., Ld",Plantations,Rubber Plantations,27.795150,236.950310,2500.000000,0.694879,-0.882696,0.002933,-0.879764,592375.775315,False
1910,2526,"Shanghai Electric Construction Co., Ld",Industrial,Utilities,33.330000,29.220000,32000.000000,,0.140657,0.000000,0.140657,935040.000000,False
1910,2527,"Scharff's Oil & Bone Mills, Ld",Industrial,General Miscellaneous,27.795150,27.876507,2400.000000,,-0.002918,0.000000,-0.002918,66903.616977,False
1910,1007,"Shanghai Waterworks Co.,Ld.",Industrial,Utilities,271.002710,296.187888,16350.000000,3.636000,-0.085031,0.012276,-0.072755,4842671.963203,False
1910,1013,Hall & Holtz Ld,Miscellaneous,Retail & Stores,9.130707,17.422817,21000.000000,1.014523,-0.475934,0.058230,-0.417704,365879.155342,False
1910,502,"North-China Ins. Co., Ld",Insurance,Marine Insurance,90.334237,78.402676,10000.000000,1.818000,0.152183,0.023188,0.175371,784026.761447,False
1910,503,Union In. Society of Canton Limited,Insurance,Marine Insurance,419.758877,452.784166,12400.000000,8.595750,-0.072938,0.018984,-0.053954,5614523.660185,False
1910,504,Yangtsze Insurance Association,Insurance,Marine Insurance,95.111528,117.011638,12000.000000,6.087138,-0.187162,0.052022,-0.135140,1404139.661300,False
1910,1017,"Shanghai Land Investment Co., Ld",Real Estate,Land & Property,69.487874,82.932609,78000.000000,2.084636,-0.162116,0.025137,-0.136980,6468743.466444,False
1910,1018,"J. Llewellyn & Co., Ld",Miscellaneous,Retail & Stores,30.435689,33.068507,1200.000000,3.652283,-0.079617,0.110446,0.030829,39682.207819,False
1910,1019,"Shanghai House Bazzar Co., Ld",Miscellaneous,General Miscellaneous,31.269543,38.330197,5400.000000,2.605795,-0.184206,0.067983,-0.116223,206983.065022,False
1910,1020,"Major Brothers, Limited",Industrial,General Miscellaneous,26.057953,36.587916,6000.000000,,-0.287799,0.000000,-0.287799,219527.493205,False
1910,1022,"Shanghai-Sumatra Tobacco Co., Ld",Plantations,Other Plantations,72.962268,94.083211,30000.000000,5.559030,-0.224492,0.059086,-0.165406,2822496.341208,False
1911,512,Canton Insurance Office,Insurance,Marine Insurance,95.257151,93.843374,10000.000000,6.597375,0.015065,0.070302,0.085367,938433.743312,False
1911,1029,"Shanghai Gas Co., Ld",Industrial,Utilities,70.290208,67.403238,24000.000000,2.087828,0.042831,0.030975,0.073807,1617677.715239,False
1911,1031,"A.S. Watson & Co., Ld",Miscellaneous,Retail & Stores,2.921219,3.043569,90000.000000,0.131947,-0.040199,0.043353,0.003153,273921.200750,False
1911,1033,China Sugar Refining Co. Ld,Industrial,Sugar,53.344004,62.900424,20000.000000,4.398250,-0.151929,0.069924,-0.082005,1258008.477521,False
1911,1035,"Hongkong Land Invest. & A.Co., Ld",Real Estate,Land & Property,52.835966,50.472518,50000.000000,1.539387,0.046826,0.030500,0.077326,2523625.877284,False
1911,1039,"Central Stores, Ld (ordinary)",Miscellaneous,Retail & Stores,4.064305,5.579876,50123.000000,0.527790,-0.271614,0.094588,-0.177026,279680.140366,False
1911,1043,"Shanghai Mercury, Ld",Miscellaneous,Printing & Media,38.276846,38.218331,2100.000000,2.087828,0.001531,0.054629,0.056160,80258.494893,False
1911,1045,"Shanghai Mutual Telephone Co., Ld",Miscellaneous,Utilities,45.932215,45.167118,20000.000000,2.783771,0.016939,0.061633,0.078572,903342.366757,False
1911,1048,Astor House Hotel Co.,Real Estate,Hotels,5.588420,7.101661,25520.000000,1.143086,-0.213083,0.160960,-0.052122,181234.382600,False
1911,1050,"Maatschappij Co., in Langkat",Industrial,General Miscellaneous,46.280187,71.572511,250000.000000,,-0.353380,0.000000,-0.353380,17893127.649225,False
1911,1051,"Weeks & Co., Ld",Miscellaneous,Retail & Stores,11.938896,11.920645,200000.000000,0.609646,0.001531,0.051142,0.052673,2384128.969495,False
1911,1054,"China Import & Export Lumber Co., Ld",Industrial,General Miscellaneous,52.891642,55.590299,3565.000000,5.567541,-0.048545,0.100153,0.051608,198179.417692,False
1911,1056,"Central Stores, Ld (founders')",Miscellaneous,Retail & Stores,203.215255,202.904593,123.000000,,0.001531,0.000000,0.001531,24957.264957,False
1911,1058,"Shanghai Electric and Asbestos Co., Ld",Industrial,Utilities,10.668801,10.652491,5000.000000,1.016076,0.001531,0.095384,0.096915,53262.455701,False
1911,1060,"Lane, Crawford & Co., Ld",Miscellaneous,Retail & Stores,55.884195,60.871378,2500.000000,5.080381,-0.081930,0.083461,0.001531,152178.444861,False
1911,1062,Dunning & Co. Ltd,Miscellaneous,Retail & Stores,10.160763,16.739629,2000.000000,2.540191,-0.393011,0.151747,-0.241264,33479.257870,False
1911,601,"Hongkong Fire In. Co.,Limited",Insurance,Fire Insurance,180.353539,182.614134,8000.000000,11.875275,-0.012379,0.065029,0.052650,1460913.070669,False
1911,602,"China Fire In. Co.,Limited",Insurance,Fire Insurance,63.504767,59.349593,20000.000000,3.078775,0.070012,0.051875,0.121887,1186991.869919,False
1911,106,Hongkong & Shanghai Banking Corporation,Banking,Banks,45.723432,464.144257,120000.000000,9.724000,-0.901489,0.020950,-0.880538,55697310.819262,False
1911,703,Shanghai & H'kew Wharf Co.,Docks & Wharves,Wharves & Godowns,61.938896,67.576958,36000.000000,2.087828,-0.083432,0.030896,-0.052536,2432770.481551,False
1911,706,"Hongkong & Kowloon Wharf and Godown Co., Limited",Docks & Wharves,Wharves & Godowns,24.639850,26.377597,60000.000000,1.319475,-0.065880,0.050023,-0.015857,1582655.826558,False
1911,707,"Y'tsze Wharf & Godown Co., Ld",Docks & Wharves,Wharves & Godowns,90.472545,135.501355,2500.000000,5.567541,-0.332313,0.041088,-0.291224,338753.387534,False
1911,709,"Shanghai Dock & Engineering Co., Ld",Docks & Wharves,Wharves & Godowns,39.668731,47.599194,55700.000000,1.739857,-0.166609,0.036552,-0.130057,2651275.102495,False
1911,224,Shell Transport & Trading Co. Ld (ordinary),Shipping,Steam Navigation,20.177300,19.634400,2500000.000000,0.607750,0.027650,0.030953,0.058604,49086000.000000,False
1911,225,"Shanghai Tug & Lighter Co., Ld (ordinary shares)",Shipping,Tugs & Lighters,9.743197,20.846362,20000.000000,1.043914,-0.532619,0.050077,-0.482542,416927.246196,False
1911,226,"Shanghai Tug & Lighter Co., Ld (preference shares)",Shipping,Tugs & Lighters,31.317419,31.964422,20000.000000,1.217900,-0.020241,0.038102,0.017860,639288.444166,False
1911,227,Shell Transport & Trading Co. Ld (preference),Shipping,Bonds & Preferences,53.482000,53.328000,100000.000000,0.607750,0.002888,0.011396,0.014284,5332800.000000,False
1911,228,Indo-China Steam Nav. Co. (deferred),Shipping,Steam Navigation,30.621477,27.795150,60000.000000,,0.101684,0.000000,0.101684,1667708.984782,False
1911,229,"Kochien Transportation & Tow Boat Co., Limited",Shipping,Tugs & Lighters,17.398566,27.795150,10000.000000,1.739857,-0.374043,0.062596,-0.311447,277951.497464,False
1911,236,Indo-China Steam Nav. Co.(preference),Shipping,Steam Navigation,30.621477,27.795150,60000.000000,1.458600,0.101684,0.052477,0.154161,1667708.984782,False
1911,817,"Chinese Engineering & Mining Co., Ld",Mining,General Mining,9.047255,10.423181,1000000.000000,0.243100,-0.132006,0.023323,-0.108683,10423181.154888,False
1911,306,Hongkong & W'pao Dock Co. Ld,Docks & Wharves,Wharves & Godowns,24.639850,26.884859,50000.000000,0.439825,-0.083505,0.016360,-0.067145,1344242.929609,False
1911,818,Raub A'lian Gold Min. Co. Ld,Mining,Gold Mining,1.524114,1.521784,50000.000000,0.283617,0.001531,0.186371,0.187902,76089.222431,False
1911,7025,Cathay Trust Co (ordinary),Banking,Trust & Investment,4.175656,2.084636,,0.048620,1.003062,0.023323,1.026385,,False
1911,7026,cathay Trust Co (preference),Banking,Trust & Investment,4.175656,3.995553,,0.003159,0.045076,0.000791,0.045867,,False
1911,6003,Kroewek Java Plantations Ld,Plantations,Rubber Plantations,4.001670,3.821833,70000.000000,,0.047055,0.000000,0.047055,267528.316309,False
1911,6002,"Alma Estates, Ld",Plantations,Rubber Plantations,4.871599,7.643666,70000.000000,0.145860,-0.362662,0.019082,-0.343580,535056.632618,False
1911,6005,Tebong Rubber & Tapoica Estate Co,Plantations,Rubber Plantations,8.003341,12.160378,76000.000000,0.417566,-0.341851,0.034338,-0.307513,924188.729067,False
1911,6006,"Dominion Rubber Co., Ld",Plantations,Rubber Plantations,14.962767,17.371969,22500.000000,,-0.138683,0.000000,-0.138683,390869.293308,False
1911,6007,"Ayer Tawah Rubber Plantation Co., Ld",Plantations,Rubber Plantations,9.047255,4.864151,19000.000000,,0.859986,0.000000,0.859986,92418.872907,False
1911,6008,"Amherst Rubber Estate, Ld",Plantations,Rubber Plantations,1.879045,3.648113,65000.000000,,-0.484927,0.000000,-0.484927,237127.371274,False
1911,6009,"Anglo-Dutch (Java) Plantations, Ld",Plantations,Rubber Plantations,0.556754,1.389757,400000.000000,,-0.599388,0.000000,-0.599388,555902.994927,False
1911,6001,"Chempedak Rubber & Gambier Estate, Ld",Plantations,Rubber Plantations,6.959427,10.423181,35000.000000,0.482000,-0.332313,0.046243,-0.286070,364811.340421,False
1911,6010,"Anglo-Java Estates, Ld",Plantations,Rubber Plantations,4.175656,5.211591,500000.000000,0.182325,-0.198775,0.034985,-0.163791,2605795.288722,False
1911,6011,"Batu Annam (Johore) Rubber Estate, Ld",Plantations,Rubber Plantations,1.043914,3.474394,50000.000000,,-0.699541,0.000000,-0.699541,173719.685915,False
1911,6012,"Bukit Toh Alang Rubber Estate, Ld",Plantations,Rubber Plantations,1.217900,2.154124,100000.000000,,-0.434620,0.000000,-0.434620,215412.410534,False
1911,6013,"Bute Plantations, Ld",Plantations,Rubber Plantations,1.739857,3.474394,50000.000000,,-0.499234,0.000000,-0.499234,173719.685915,False
1911,6014,"Chemor United Rubber Estate, Ld",Plantations,Rubber Plantations,0.417566,1.737197,220000.000000,,-0.759633,0.000000,-0.759633,382183.309013,False
1911,6016,"Consolidated Rubber Estates, Ld",Plantations,Rubber Plantations,1.739857,2.953235,125000.000000,,-0.410864,0.000000,-0.410864,369154.332569,False
1911,6017,"Gula Kalumpong Rubber Estates, Ld",Plantations,Rubber Plantations,8.281718,9.033424,500000.000000,0.182325,-0.083214,0.020183,-0.063030,4516711.833785,False
1911,6018,"International Rubber Co., Ld",Plantations,Rubber Plantations,0.069594,3.474394,60000.000000,,-0.979969,0.000000,-0.979969,208463.623098,True
1911,6019,"Java Consolidated Rubber Co., Ld",Plantations,Rubber Plantations,4.523627,4.864151,85000.000000,,-0.070007,0.000000,-0.070007,413452.852477,False
1911,6020,"Kamunting Rubber Co., Ld",Plantations,Rubber Plantations,5.219570,5.559030,,,-0.061065,0.000000,-0.061065,,False
1911,6021,"Kapala Islands Estates, Ld",Plantations,Rubber Plantations,2.087828,2.779515,75000.000000,,-0.248852,0.000000,-0.248852,208463.623098,False
1911,6022,"Karan Rubber Estate Co., Ld",Plantations,Rubber Plantations,4.175656,4.169272,25000.000000,,0.001531,0.000000,0.001531,104231.811549,False
1911,6023,"Kotah Bahroe Rubber Estates, Ld",Plantations,Rubber Plantations,3.479713,4.864151,130000.000000,,-0.284621,0.000000,-0.284621,632339.656730,False
1911,6015,"Cheng Rubber Estates, Ld",Plantations,Rubber Plantations,2.157422,2.432076,135000.000000,,-0.112930,0.000000,-0.112930,328330.206379,False
1911,5001,"Shanghai Cotton Manufacturing Co., Ld",Cotton,Cotton & Textiles,38.972789,34.743937,20000.000000,2.783771,0.121715,0.080122,0.201837,694878.743659,False
1911,5002,"Ewo Cotton Sp. & W. Co., Ld (preference)",Cotton,Cotton & Textiles,66.810495,69.487874,5000.000000,4.871599,-0.038530,0.070107,0.031577,347439.371830,False
1911,6026,"Padang Rubber Estates, Ld",Plantations,Rubber Plantations,4.697613,4.864151,50000.000000,,-0.034238,0.000000,-0.034238,243207.560281,False
1911,6027,"Pengkalan Durian Estate, Ld",Plantations,Rubber Plantations,11.135082,13.897575,30000.000000,,-0.198775,0.000000,-0.198775,416927.246196,False
1911,6030,"Samagaga Rubber Co., Ld",Plantations,Rubber Plantations,0.208783,0.347439,,,-0.399081,0.000000,-0.399081,,False
1911,6031,"See Kee Rubber Estates, Ld",Plantations,Rubber Plantations,2.435799,3.648113,30000.000000,,-0.332313,0.000000,-0.332313,109443.402126,False
1911,6032,"Semambu Rubber Estate, Ld",Plantations,Rubber Plantations,1.391885,3.995553,,,-0.651641,0.000000,-0.651641,,False
1911,6034,"Shanghai Klebang Rubber Estate, Ld",Plantations,Rubber Plantations,0.869928,1.737197,70000.000000,,-0.499234,0.000000,-0.499234,121603.780140,False
1911,6035,"Shanghai-Malay Rubber Estates, Ld",Plantations,Rubber Plantations,1.391885,34.743937,30000.000000,,-0.959939,0.000000,-0.959939,1042318.115489,True
1911,6037,"Sinijohpak Rubber Estates, Ld",Plantations,Rubber Plantations,0.173986,2.779515,65000.000000,,-0.937404,0.000000,-0.937404,180668.473351,False
1911,6038,"Sua Manggis Rubber Co., Ld",Plantations,Rubber Plantations,2.783771,3.648113,40000.000000,,-0.236929,0.000000,-0.236929,145924.536168,False
1911,6039,"Sungala Rubber Estate, Ld",Plantations,Rubber Plantations,1.391885,2.432076,50000.000000,,-0.427697,0.000000,-0.427697,121603.780140,False
1911,6040,"Sungei Duri Rubber Estate, Ld",Plantations,Rubber Plantations,2.435799,4.169272,40000.000000,,-0.415774,0.000000,-0.415774,166770.898478,False
1911,6042,"Tanah Merah Estate, Ld",Plantations,Rubber Plantations,2.261814,3.474394,45000.000000,,-0.349005,0.000000,-0.349005,156347.717323,False
1911,6044,"Tiram Rubber Estates, Ld",Plantations,Rubber Plantations,0.695943,0.694879,150000.000000,,0.001531,0.000000,0.001531,104231.811549,False
1911,6045,"Ulobri Rubber Co., Ld",Plantations,Rubber Plantations,2.087828,2.953235,32000.000000,,-0.293037,0.000000,-0.293037,94503.509138,False
1911,6046,"Ziangbe Rubber Co., Ld",Plantations,Rubber Plantations,2.957756,2.953235,300000.000000,,0.001531,0.000000,0.001531,885970.398166,False
1911,2501,"Ewo Cotton Sp. & W. Co., Ld",Cotton,Cotton & Textiles,57.763240,59.064693,20000.000000,4.871599,-0.022034,0.082479,0.060445,1181293.864221,False
1911,2502,International Cotton Man. Co. Ld,Cotton,Cotton & Textiles,35.493075,31.269543,10000.000000,5.219570,0.135069,0.166922,0.301990,312695.434647,False
1911,2503,"Laou-kung-mow Cotton Spinning and Weaving Co., Ld",Cotton,Cotton & Textiles,45.236273,33.354180,8000.000000,4.175656,0.356240,0.125191,0.481431,266833.437565,False
1911,2504,Soy Chee Cotton Spin. Co. Ld,Cotton,Cotton & Textiles,19.486394,170.245292,2000.000000,24.357993,-0.885539,0.143076,-0.742463,340490.584393,False
1911,2505,"China Flour Mill Co., Ld",Industrial,Food & Beverage,11.831025,23.278438,4000.000000,2.087828,-0.491760,0.089689,-0.402071,93113.751650,False
1911,2510,"Shanghai Ice, Cold Storage & Refrigeration Co., Ltd",Industrial,Food & Beverage,11.135082,8.685984,8000.000000,1.043914,0.281960,0.120184,0.402144,69487.874366,False
1911,2513,"Shanghai Pulp and paper Co., Ld",Industrial,General Miscellaneous,5.567541,17.371969,4557.000000,3.479713,-0.679510,0.200306,-0.479204,79164.060871,False
1911,2002,Humphrey's Estate & F.Co.Ld,Real Estate,Land & Property,3.683276,3.043569,150000.000000,0.197921,0.210183,0.065029,0.275213,456535.334584,False
1911,2003,"Wei-hai-wei Land & B.Co., Ld",Real Estate,Land & Property,3.131742,5.559030,3674.000000,0.417566,-0.436639,0.075115,-0.361524,20423.876034,False
1911,2004,"China Land & Finance Co., Ld",Real Estate,Land & Property,34.797133,34.743937,6425.000000,3.479713,0.001531,0.100153,0.101684,223229.796401,False
1911,2517,"Green Island Cement Co., Ld",Industrial,Cement & Building,1.955947,1.648600,400000.000000,0.021991,0.186429,0.013339,0.199768,659439.927733,False
1911,2006,"Anglo-French Land Invest Co., Ld",Real Estate,Land & Property,66.462523,67.403238,25000.000000,4.175656,-0.013957,0.061950,0.047994,1685080.953374,False
1911,2519,"Anglo-German Brewery Co., Ld",Industrial,Food & Beverage,37.594822,39.566396,4000.000000,2.540191,-0.049829,0.064201,0.014371,158265.582656,False
1911,2516,"S. Moutrie & Co., Ld",Miscellaneous,Retail & Stores,10.160763,10.145230,10000.000000,1.016076,0.001531,0.100153,0.101684,101452.296574,False
1911,2522,"A.Butler Cement, Tile Works, Limited",Industrial,Cement & Building,16.006681,15.982211,1200.000000,2.783771,0.001531,0.174179,0.175710,19178.653325,False
1911,2525,"Senawang Rubber Estates Co., Ld",Plantations,Rubber Plantations,13.222910,27.795150,53800.000000,0.800334,-0.524273,0.028794,-0.495479,1495379.056355,False
1911,2526,"Shanghai Electric Construction Co., Ld",Miscellaneous,Utilities,36.884961,33.330000,32000.000000,,0.106659,0.000000,0.106659,1066560.000000,False
1911,2528,"Philippine Exploration & Mining Co., Ld",Mining,General Mining,1.739857,3.474394,120000.000000,,-0.499234,0.000000,-0.499234,416927.246196,False
1911,1007,"Shanghai Waterworks Co.,Ld.",Industrial,Utilities,250.539356,271.002710,16350.000000,3.646500,-0.075510,0.013456,-0.062054,4430894.308943,False
1911,1013,Hall & Holtz Ld,Miscellaneous,Retail & Stores,8.890667,9.130707,21000.000000,0.703720,-0.026289,0.077072,0.050783,191744.840525,False
1911,502,"North-China Ins. Co., Ld",Insurance,Marine Insurance,104.391398,90.334237,10000.000000,2.431000,0.155613,0.026911,0.182524,903342.366757,False
1911,503,Union In. Society of Canton Limited,Insurance,Marine Insurance,421.671654,419.758877,12400.000000,8.796500,0.004557,0.020956,0.025513,5205010.075742,False
1911,504,Yangtsze Insurance Association,Insurance,Marine Insurance,107.958104,95.111528,12000.000000,6.597375,0.135069,0.069365,0.204433,1141338.336460,False
1911,1017,"Shanghai Land Investment Co., Ld",Real Estate,Land & Property,64.722667,69.487874,78000.000000,1.739857,-0.068576,0.025038,-0.043538,5420054.200542,False
1911,1018,"J. Llewellyn & Co., Ld",Miscellaneous,Retail & Stores,27.942098,30.435689,1200.000000,2.638950,-0.081930,0.086706,0.004776,36522.826767,False
1911,1019,"Shanghai House Bazzar Co., Ld",Miscellaneous,General Miscellaneous,13.918853,31.269543,5400.000000,1.043914,-0.554875,0.033384,-0.521491,168855.534709,False
1911,1020,"Major Brothers, Limited",Industrial,General Miscellaneous,18.094509,26.057953,6000.000000,,-0.305605,0.000000,-0.305605,156347.717323,False
1911,1022,"Shanghai-Sumatra Tobacco Co., Ld",Plantations,Other Plantations,64.374696,72.962268,13000.000000,5.567541,-0.117699,0.076307,-0.041392,948509.485095,False
1912,1029,"Shanghai Gas Co., Ld",Industrial,Utilities,57.690971,70.290208,24000.000000,4.517968,-0.179246,0.064276,-0.114970,1686964.994084,False
1912,1033,China Sugar Refining Co. Ld,Industrial,Sugar,55.814277,53.344004,20000.000000,2.537013,0.046308,0.047559,0.093868,1066880.089081,False
1912,1035,"Hongkong Land Invest. & A.Co., Ld",Real Estate,Land & Property,53.277264,52.835966,50000.000000,1.775909,0.008352,0.033612,0.041964,2641798.315819,False
1912,1039,"Central Stores, Ld (ordinary)",Miscellaneous,Retail & Stores,4.389032,4.064305,50123.000000,0.608883,0.079897,0.149812,0.229710,203715.164590,False
1912,1043,"Shanghai Mercury, Ld",Miscellaneous,Printing & Media,36.491277,38.276846,2100.000000,2.085216,-0.046649,0.054477,0.007828,80381.376575,False
1912,1045,"Shanghai Mutual Telephone Co., Ld",Miscellaneous,Utilities,55.605755,45.932215,20000.000000,2.780288,0.210605,0.060530,0.271135,918644.303709,False
1912,1048,Astor House Hotel Co.,Real Estate,Hotels,2.537013,5.588420,120000.000000,1.141656,-0.546023,0.204290,-0.341734,670610.341708,False
1912,1050,"Maatschappij Co., in Langkat",Industrial,General Miscellaneous,53.520539,46.280187,250000.000000,,0.156446,0.000000,0.156446,11570046.628158,False
1912,1051,"Weeks & Co., Ld",Miscellaneous,Retail & Stores,12.177660,11.938896,20000.000000,0.811844,0.019999,0.068000,0.087999,238777.924699,False
1912,1054,"China Import & Export Lumber Co., Ld",Industrial,General Miscellaneous,64.294154,52.891642,5000.000000,5.560576,0.215583,0.105131,0.320714,264458.208644,False
1912,1056,"Central Stores, Ld (founders')",Miscellaneous,Retail & Stores,25.370126,203.215255,,,-0.875156,0.000000,-0.875156,,False
1912,1058,"Shanghai Electric and Asbestos Co., Ld",Industrial,Utilities,10.655453,10.668801,5000.000000,1.014805,-0.001251,0.095119,0.093868,53344.004454,False
1912,1060,"Lane, Crawford & Co., Ld",Miscellaneous,Retail & Stores,50.740252,55.884195,2500.000000,2.029610,-0.092046,0.036318,-0.055728,139710.487856,False
1912,1064,"Culty Dairy Co., Ltd",Miscellaneous,Food & Beverage,6.950719,6.959427,10000.000000,,-0.001251,0.000000,-0.001251,69594.265433,False
1912,106,Hongkong & Shanghai Banking Corporation,Banking,Banks,410.996038,45.723432,120000.000000,9.690000,7.988740,0.211926,8.200666,5486811.886701,True
1912,117,Russo-Asiatic Bank,Banking,Banks,120.085000,120.555000,186666.000000,8.623125,-0.003899,0.071529,0.067630,22503519.630000,False
1912,703,Shanghai & H'kew Wharf Co.,Docks & Wharves,Wharves & Godowns,71.592410,61.938896,36000.000000,2.085216,0.155855,0.033666,0.189521,2229800.264458,False
1912,707,"Y'tsze Wharf & Godown Co., Ld",Docks & Wharves,Wharves & Godowns,76.457913,90.472545,2500.000000,2.780288,-0.154905,0.030731,-0.124174,226181.362656,False
1912,709,"Shanghai Dock & Engineering Co., Ld",Docks & Wharves,Wharves & Godowns,38.228957,39.668731,55700.000000,2.085216,-0.036295,0.052566,0.016271,2209548.333217,False
1912,225,"Shanghai Tug & Lighter Co., Ld (ordinary shares)",Shipping,Tugs & Lighters,13.206367,9.743197,20000.000000,1.042608,0.355445,0.107009,0.462454,194863.943211,False
1912,226,"Shanghai Tug & Lighter Co., Ld (preference shares)",Shipping,Tugs & Lighters,28.845486,31.317419,10000.000000,2.432752,-0.078932,0.077680,-0.001251,313174.194446,False
1912,227,Shell Transport & Trading Co. Ld (preference),Shipping,Bonds & Preferences,57.534375,53.482000,100000.000000,0.484500,0.075771,0.009059,0.084830,5348200.000000,False
1912,228,Indo-China Steam Nav. Co. (deferred),Shipping,Steam Navigation,35.448669,30.621477,60000.000000,,0.157641,0.000000,0.157641,1837288.607419,False
1912,229,"Kochien Transportation & Tow Boat Co., Limited",Shipping,Tugs & Lighters,16.681727,17.398566,10000.000000,1.737680,-0.041201,0.099875,0.058674,173985.663581,False
1912,236,Indo-China Steam Nav. Co.(preference),Shipping,Steam Navigation,35.448669,30.621477,60000.000000,1.453500,0.157641,0.047467,0.205107,1837288.607419,False
1912,817,"Chinese Engineering & Mining Co., Ld",Mining,General Mining,8.340863,9.047255,1000000.000000,0.363375,-0.078078,0.040164,-0.037914,9047254.506229,False
1912,818,Raub A'lian Gold Min. Co. Ld,Mining,Gold Mining,2.029610,1.524114,200000.000000,0.282625,0.331665,0.185436,0.517101,304822.882594,False
1912,7025,Cathay Trust Co (ordinary),Banking,Trust & Investment,4.865504,4.175656,1000000.000000,0.048450,0.165207,0.011603,0.176810,4175655.925952,False
1912,7026,cathay Trust Co (preference),Banking,Trust & Investment,4.865504,4.175656,1000000.000000,0.261630,0.165207,0.062656,0.227863,4175655.925952,False
1912,6003,Kroewek Java Plantations Ld,Plantations,Rubber Plantations,5.560576,4.001670,70000.000000,0.208522,0.389564,0.052109,0.441672,280116.918366,False
1912,6002,"Alma Estates, Ld",Plantations,Rubber Plantations,5.386808,4.871599,70000.000000,0.145350,0.105758,0.029836,0.135594,341011.900619,False
1912,6005,Tebong Rubber & Tapoica Estate Co,Plantations,Rubber Plantations,10.426079,8.003341,76000.000000,0.417043,0.302716,0.052109,0.354825,608253.879880,False
1912,6006,"Dominion Rubber Co., Ld",Plantations,Rubber Plantations,20.852158,14.962767,22500.000000,0.347536,0.393603,0.023227,0.416830,336662.259030,False
1912,6007,"Ayer Tawah Rubber Plantation Co., Ld",Plantations,Rubber Plantations,12.511295,9.047255,20000.000000,0.347536,0.382883,0.038413,0.421296,180945.090125,False
1912,6008,"Amherst Rubber Estate, Ld",Plantations,Rubber Plantations,2.224230,1.879045,65000.000000,0.173768,0.183702,0.092477,0.276179,122137.935834,False
1912,6009,"Anglo-Dutch (Java) Plantations, Ld",Plantations,Rubber Plantations,0.938347,0.556754,400000.000000,0.060562,0.685389,0.108778,0.794167,222701.649384,False
1912,6001,"Chempedak Rubber & Gambier Estate, Ld",Plantations,Rubber Plantations,6.950719,6.959427,35000.000000,0.556058,-0.001251,0.079900,0.078649,243579.929014,False
1912,6010,"Anglo-Java Estates, Ld",Plantations,Rubber Plantations,4.865504,4.175656,500000.000000,0.121125,0.165207,0.029007,0.194214,2087827.962976,False
1912,6011,"Batu Annam (Johore) Rubber Estate, Ld",Plantations,Rubber Plantations,2.085216,1.043914,50000.000000,0.347536,0.997498,0.332916,1.330414,52195.699074,False
1912,6012,"Bukit Toh Alang Rubber Estate, Ld",Plantations,Rubber Plantations,1.737680,1.217900,100000.000000,0.173768,0.426784,0.142678,0.569463,121789.964507,False
1912,6013,"Bute Plantations, Ld",Plantations,Rubber Plantations,2.189477,1.739857,50000.000000,0.347536,0.258424,0.199750,0.458173,86992.831791,False
1912,6014,"Chemor United Rubber Estate, Ld",Plantations,Rubber Plantations,1.112115,0.417566,174225.000000,0.024225,1.663330,0.058015,1.721345,72750.365370,False
1912,6016,"Consolidated Rubber Estates, Ld",Plantations,Rubber Plantations,2.641273,1.739857,125000.000000,0.242250,0.518098,0.139236,0.657334,217482.079477,False
1912,6017,"Gula Kalumpong Rubber Estates, Ld",Plantations,Rubber Plantations,8.167095,8.281718,500000.000000,0.242250,-0.013840,0.029251,0.015411,4140858.793235,False
1912,6015,"Cheng Rubber Estates, Ld",Plantations,Rubber Plantations,2.606520,2.157422,135000.000000,0.173768,0.208164,0.080544,0.288708,291252.000835,False
1912,6019,"Java Consolidated Rubber Co., Ld",Plantations,Rubber Plantations,6.429415,4.523627,85000.000000,0.000000,0.421296,0.000000,0.421296,384508.316515,False
1912,6020,"Kamunting Rubber Co., Ld",Plantations,Rubber Plantations,5.386808,5.219570,60000.000000,0.000000,0.032040,0.000000,0.032040,313174.194446,False
1912,6021,"Kapala Islands Estates, Ld",Plantations,Rubber Plantations,8.340863,2.087828,75000.000000,0.000000,2.994995,0.000000,2.994995,156587.097223,False
1912,6022,"Karan Rubber Estate Co., Ld",Plantations,Rubber Plantations,8.340863,4.175656,25000.000000,0.208522,0.997498,0.049937,1.047435,104391.398149,False
1912,6023,"Kotah Bahroe Rubber Estates, Ld",Plantations,Rubber Plantations,3.475360,3.479713,130000.000000,0.145350,-0.001251,0.041771,0.040520,452362.725311,False
1912,5001,"Shanghai Cotton Manufacturing Co., Ld",Cotton,Cotton & Textiles,79.238201,38.972789,20000.000000,4.170432,1.033167,0.107009,1.140176,779455.772844,False
1912,5002,"Ewo Cotton Sp. & W. Co., Ld (preference)",Cotton,Cotton & Textiles,68.812122,66.810495,5000.000000,4.865504,0.029960,0.072825,0.102785,334052.474076,False
1912,5003,"Kung Yik C.S & W. Co., Ld",Cotton,Cotton & Textiles,10.599847,7.655369,100000.000000,0.834086,0.384629,0.108954,0.493584,765536.919758,False
1912,6026,"Padang Rubber Estates, Ld",Plantations,Rubber Plantations,7.472023,4.697613,50000.000000,0.417043,0.590600,0.088778,0.679378,234880.645835,False
1912,6027,"Pengkalan Durian Estate, Ld",Plantations,Rubber Plantations,11.294919,11.135082,30000.000000,0.375339,0.014354,0.033708,0.048062,334052.474076,False
1912,6030,"Samagaga Rubber Co., Ld",Plantations,Rubber Plantations,0.382290,0.208783,600000.000000,0.000000,0.831040,0.000000,0.831040,125269.677779,False
1912,6031,"See Kee Rubber Estates, Ld",Plantations,Rubber Plantations,2.224230,2.435799,30000.000000,0.000000,-0.086858,0.000000,-0.086858,73073.978704,False
1912,6032,"Semambu Rubber Estate, Ld",Plantations,Rubber Plantations,2.571766,1.391885,40000.000000,0.000000,0.847685,0.000000,0.847685,55675.412346,False
1912,6034,"Shanghai Klebang Rubber Estate, Ld",Plantations,Rubber Plantations,1.737680,0.869928,70000.000000,0.000000,0.997498,0.000000,0.997498,60894.982253,False
1912,6035,"Shanghai-Malay Rubber Estates, Ld",Plantations,Rubber Plantations,4.170432,1.391885,30000.000000,0.000000,1.996247,0.000000,1.996247,41756.559260,False
1912,6038,"Sua Manggis Rubber Co., Ld",Plantations,Rubber Plantations,4.795996,2.783771,40000.000000,0.000000,0.722842,0.000000,0.722842,111350.824692,False
1912,6039,"Sungala Rubber Estate, Ld",Plantations,Rubber Plantations,1.216376,1.391885,50000.000000,0.000000,-0.126095,0.000000,-0.126095,69594.265433,False
1912,6040,"Sungei Duri Rubber Estate, Ld",Plantations,Rubber Plantations,4.448460,2.435799,40000.000000,0.208522,0.826284,0.085607,0.911891,97431.971606,False
1912,6042,"Tanah Merah Estate, Ld",Plantations,Rubber Plantations,2.676027,2.261814,45000.000000,0.000000,0.183133,0.000000,0.183133,101781.613195,False
1912,6044,"Tiram Rubber Estates, Ld",Plantations,Rubber Plantations,0.695072,0.695943,150000.000000,0.000000,-0.001251,0.000000,-0.001251,104391.398149,False
1912,6045,"Ulobri Rubber Co., Ld",Plantations,Rubber Plantations,2.085216,2.087828,32000.000000,0.000000,-0.001251,0.000000,-0.001251,66810.494815,False
1912,6046,"Ziangbe Rubber Co., Ld",Plantations,Rubber Plantations,3.023563,2.957756,300000.000000,0.096900,0.022249,0.032761,0.055010,887326.884265,False
1912,2501,"Ewo Cotton Sp. & W. Co., Ld",Cotton,Cotton & Textiles,84.103705,57.763240,20000.000000,7.645791,0.456007,0.132364,0.588372,1155264.806180,False
1912,2502,International Cotton Man. Co. Ld,Cotton,Cotton & Textiles,50.045180,35.493075,10000.000000,4.170432,0.409998,0.117500,0.527498,354930.753706,False
1912,2503,"Laou-kung-mow Cotton Spinning and Weaving Co., Ld",Cotton,Cotton & Textiles,64.641690,45.236273,8000.000000,3.475360,0.428979,0.076827,0.505806,361890.180249,False
1912,2504,Soy Chee Cotton Spin. Co. Ld,Cotton,Cotton & Textiles,30.583165,19.486394,20000.000000,24.327518,0.569463,1.248436,1.817899,389727.886422,False
1912,2505,"China Flour Mill Co., Ld",Industrial,Food & Beverage,10.426079,11.831025,4000.000000,2.085216,-0.118751,0.176250,0.057499,47324.100494,False
1912,2510,"Shanghai Ice, Cold Storage & Refrigeration Co., Ltd",Industrial,Food & Beverage,6.950719,11.135082,8000.000000,0.417043,-0.375782,0.037453,-0.338329,89080.659754,False
1912,2513,"Shanghai Pulp and paper Co., Ld",Industrial,General Miscellaneous,1.042608,5.567541,4500.000000,3.475360,-0.812735,0.624218,-0.188517,25053.935556,False
1912,2003,"Wei-hai-wei Land & B.Co., Ld",Real Estate,Land & Property,3.127824,3.131742,3674.000000,0.417043,-0.001251,0.133167,0.131915,11506.019904,False
1912,2004,"China Land & Finance Co., Ld",Real Estate,Land & Property,34.937500,34.797133,6425.000000,3.475360,0.004034,0.099875,0.103909,223571.577702,False
1912,2006,"Anglo-French Land Invest Co., Ld",Real Estate,Land & Property,61.861403,66.462523,25000.000000,4.170432,-0.069229,0.062749,-0.006480,1661563.087202,False
1912,2519,"Anglo-German Brewery Co., Ld",Industrial,Food & Beverage,39.577396,37.594822,4441.000000,3.044415,0.052735,0.080980,0.133715,166958.605331,False
1912,2516,"S. Moutrie & Co., Ld",Miscellaneous,Retail & Stores,6.088830,10.160763,10000.000000,1.014805,-0.400751,0.099875,-0.300876,101607.627531,False
1912,2522,"A.Butler Cement, Tile Works, Limited",Industrial,Cement & Building,15.986655,16.006681,1200.000000,2.780288,-0.001251,0.173695,0.172444,19208.017259,False
1912,2525,"Senawang Rubber Estates Co., Ld",Plantations,Rubber Plantations,16.681727,13.222910,53800.000000,1.042608,0.261578,0.078849,0.340426,711392.581251,False
1912,2526,"Shanghai Electric Construction Co., Ld",Miscellaneous,Utilities,41.704316,36.884961,32000.000000,,0.130659,0.000000,0.130659,1180318.741736,False
1912,2528,"Philippine Exploration & Mining Co., Ld",Mining,General Mining,6.429415,1.739857,100000.000000,0.000000,2.695371,0.000000,2.695371,173985.663581,False
1912,1007,"Shanghai Waterworks Co.,Ld.",Industrial,Utilities,234.586780,250.539356,16350.000000,10.901250,-0.063673,0.043511,-0.020162,4096318.463359,False
1912,1013,Hall & Holtz Ld,Miscellaneous,Retail & Stores,8.752693,8.890667,21000.000000,0.816140,-0.015519,0.091797,0.076278,186704.015589,False
1912,502,"North-China Ins. Co., Ld",Insurance,Marine Insurance,93.487176,104.391398,10000.000000,2.422500,-0.104455,0.023206,-0.081249,1043913.981488,False
1912,504,Yangtsze Insurance Association,Insurance,Marine Insurance,97.674984,107.958104,12000.000000,6.088830,-0.095251,0.056400,-0.038851,1295497.251027,False
1912,1017,"Shanghai Land Investment Co., Ld",Real Estate,Land & Property,61.166331,64.722667,78000.000000,1.737680,-0.054947,0.026848,-0.028099,5048368.014476,False
1912,1018,"J. Llewellyn & Co., Ld",Miscellaneous,Retail & Stores,27.907138,27.942098,1200.000000,3.044415,-0.001251,0.108954,0.107703,33530.517085,False
1912,1019,"Shanghai House Bazzar Co., Ld",Miscellaneous,General Miscellaneous,15.986655,13.918853,5400.000000,1.390144,0.148561,0.099875,0.248436,75161.806667,False
1912,1020,"Major Brothers, Limited",Industrial,General Miscellaneous,18.071870,18.094509,6000.000000,,-0.001251,0.000000,-0.001251,108567.054075,False
1912,1022,"Shanghai-Sumatra Tobacco Co., Ld",Plantations,Other Plantations,100.785431,64.374696,13000.000000,5.560576,0.565606,0.086378,0.651985,836871.041826,False
1913,6005,Tebong Rubber & Tapoica Estate Co,Plantations,Rubber Plantations,6.553708,10.426079,76000.000000,0.466752,-0.371412,0.044768,-0.326644,792382.011538,False
1913,1029,"Shanghai Gas Co., Ld",Industrial,Utilities,38.363171,57.690971,24000.000000,1.598465,-0.335023,0.027707,-0.307316,1384583.304372,False
1913,1035,"Hongkong Land Invest. & A.Co., Ld",Real Estate,Land & Property,53.676471,53.277264,50000.000000,1.633632,0.007493,0.030663,0.038156,2663863.209842,False
1913,1039,"Central Stores, Ld (ordinary)",Miscellaneous,Retail & Stores,3.734015,4.389032,50123.000000,0.560102,-0.149239,0.127614,-0.021625,219991.439146,False
1913,1045,"Shanghai Mutual Telephone Co., Ld",Miscellaneous,Utilities,58.184143,55.605755,20000.000000,2.557545,0.046369,0.045994,0.092363,1112115.103913,False
1913,1048,Astor House Hotel Co.,Real Estate,Hotels,2.100384,2.537013,30000.000000,1.050192,-0.172104,0.413948,0.241845,76110.377424,False
1913,1050,"Maatschappij Co., in Langkat",Industrial,General Miscellaneous,21.739130,53.520539,250000.000000,,-0.593817,0.000000,-0.593817,13380134.843956,False
1913,1051,"Weeks & Co., Ld",Miscellaneous,Retail & Stores,9.801790,12.177660,20000.000000,0.746803,-0.195101,0.061326,-0.133775,243553.207757,False
1913,1054,"China Import & Export Lumber Co., Ld",Industrial,General Miscellaneous,63.938619,64.294154,5000.000000,5.115090,-0.005530,0.079558,0.074028,321470.772225,False
1913,1056,"Central Stores, Ld (founders')",Miscellaneous,Retail & Stores,23.337596,25.370126,,,-0.080115,0.000000,-0.080115,,False
1913,1058,"Shanghai Electric and Asbestos Co., Ld",Industrial,Utilities,0.933504,10.655453,5000.000000,0.933504,-0.912392,0.087608,-0.824784,53277.264197,False
1913,1060,"Lane, Crawford & Co., Ld",Miscellaneous,Retail & Stores,51.342711,50.740252,2500.000000,4.667519,0.011873,0.091988,0.103862,126850.629040,False
1913,1064,"Culty Dairy Co., Ltd",Miscellaneous,Food & Beverage,8.951407,6.950719,10000.000000,0.000000,0.287839,0.000000,0.287839,69507.193995,False
1913,106,Hongkong & Shanghai Banking Corporation,Banking,Banks,371.067775,410.996038,120000.000000,9.722000,-0.097150,0.023655,-0.073495,49319524.570793,False
1913,117,Russo-Asiatic Bank,Banking,Banks,151.410000,120.085000,186666.000000,9.656250,0.260857,0.080412,0.341269,22415786.610000,False
1913,703,Shanghai & H'kew Wharf Co.,Docks & Wharves,Wharves & Godowns,69.693095,71.592410,36000.000000,1.918159,-0.026530,0.026793,0.000263,2577326.753319,False
1913,707,"Y'tsze Wharf & Godown Co., Ld",Docks & Wharves,Wharves & Godowns,63.938619,76.457913,2500.000000,2.557545,-0.163741,0.033450,-0.130291,191144.783485,False
1913,709,"Shanghai Dock & Engineering Co., Ld",Docks & Wharves,Wharves & Godowns,35.805627,38.228957,55700.000000,2.557545,-0.063390,0.066901,0.003511,2129352.888024,False
1913,711,"The Central & North China Godowns & Press Packing Co., Ld",Docks & Wharves,Wharves & Godowns,63.938619,69.507194,12000.000000,3.196931,-0.080115,0.045994,-0.034121,834086.327935,False
1913,225,"Shanghai Tug & Lighter Co., Ld (ordinary shares)",Shipping,Tugs & Lighters,15.984655,13.206367,20000.000000,0.799233,0.210375,0.060519,0.270894,264127.337179,False
1913,226,"Shanghai Tug & Lighter Co., Ld (preference shares)",Shipping,Tugs & Lighters,28.772379,28.845486,10000.000000,2.237852,-0.002534,0.077581,0.075046,288454.855078,False
1913,227,Shell Transport & Trading Co. Ld (preference),Shipping,Bonds & Preferences,55.901500,57.534375,100000.000000,0.972200,-0.028381,0.016898,-0.011483,5753437.500000,False
1913,229,"Kochien Transportation & Tow Boat Co., Limited",Shipping,Tugs & Lighters,15.984655,16.681727,10000.000000,1.278772,-0.041787,0.076657,0.034871,166817.265587,False
1913,236,Indo-China Steam Nav. Co.(preference),Shipping,Steam Navigation,40.920716,35.448669,60000.000000,1.458300,0.154365,0.041138,0.195504,2126920.136234,False
1913,817,"Chinese Engineering & Mining Co., Ld",Mining,General Mining,9.590793,8.340863,1000000.000000,0.170135,0.149856,0.020398,0.170254,8340863.279349,False
1913,820,"Oriental Consolidated Mining Co., Ld",Mining,General Mining,6.805400,7.570312,500000.000000,0.500000,-0.101041,0.066047,-0.034994,3785156.250000,False
1913,7025,Cathay Trust Co (ordinary),Banking,Trust & Investment,1.278772,4.865504,1000000.000000,0.048610,-0.737176,0.009991,-0.727185,4865503.579620,False
1913,7026,cathay Trust Co (preference),Banking,Trust & Investment,2.557545,4.865504,1000000.000000,0.262494,-0.474351,0.053950,-0.420401,4865503.579620,False
1913,6003,Kroewek Java Plantations Ld,Plantations,Rubber Plantations,6.393862,5.560576,70000.000000,0.486100,0.149856,0.087419,0.237275,389240.286370,False
1913,6002,"Alma Estates, Ld",Plantations,Rubber Plantations,3.037084,5.386808,70000.000000,0.145830,-0.436200,0.027072,-0.409128,377076.527421,False
1913,6001,"Chempedak Rubber & Gambier Estate, Ld",Plantations,Rubber Plantations,8.503836,6.950719,35000.000000,0.486100,0.223447,0.069935,0.293382,243275.178981,False
1913,6006,"Dominion Rubber Co., Ld",Plantations,Rubber Plantations,1.918159,20.852158,33750.000000,,-0.908012,0.000000,-0.908012,703760.339195,False
1913,6007,"Ayer Tawah Rubber Plantation Co., Ld",Plantations,Rubber Plantations,5.914322,12.511295,20000.000000,0.319693,-0.527281,0.025552,-0.501729,250225.898380,False
1913,6008,"Amherst Rubber Estate, Ld",Plantations,Rubber Plantations,0.959079,2.224230,65000.000000,0.159847,-0.568804,0.071866,-0.496938,144574.963509,False
1913,6009,"Anglo-Dutch (Java) Plantations, Ld",Plantations,Rubber Plantations,0.895141,0.938347,400000.000000,,-0.046045,0.000000,-0.046045,375338.847571,False
1913,6010,"Anglo-Java Estates, Ld",Plantations,Rubber Plantations,3.196931,4.865504,500000.000000,17.736573,-0.342939,3.645372,3.302433,2432751.789810,False
1913,6011,"Batu Annam (Johore) Rubber Estate, Ld",Plantations,Rubber Plantations,0.703325,2.085216,50000.000000,,-0.662709,0.000000,-0.662709,104260.790992,False
1913,6012,"Bukit Toh Alang Rubber Estate, Ld",Plantations,Rubber Plantations,0.959079,1.737680,100000.000000,,-0.448069,0.000000,-0.448069,173767.984986,False
1913,6013,"Bute Plantations, Ld",Plantations,Rubber Plantations,0.431586,2.189477,50000.000000,,-0.802882,0.000000,-0.802882,109473.830541,False
1913,6014,"Chemor United Rubber Estate, Ld",Plantations,Rubber Plantations,0.607417,1.112115,174225.000000,,-0.453818,0.000000,-0.453818,193758.253979,False
1913,6015,"Cheng Rubber Estates, Ld",Plantations,Rubber Plantations,2.237852,2.606520,135000.000000,0.159847,-0.141441,0.061326,-0.080115,351880.169598,False
1913,6016,"Consolidated Rubber Estates, Ld",Plantations,Rubber Plantations,1.374680,2.641273,125000.000000,,-0.479539,0.000000,-0.479539,330159.171474,False
1913,6017,"Gula Kalumpong Rubber Estates, Ld",Plantations,Rubber Plantations,5.115090,8.167095,415000.000000,0.243050,-0.373695,0.029760,-0.343936,3389344.547161,False
1913,6019,"Java Consolidated Rubber Co., Ld",Plantations,Rubber Plantations,6.074169,6.429415,85000.000000,0.729150,-0.055253,0.113408,0.058155,546500.312782,False
1913,6020,"Kamunting Rubber Co., Ld",Plantations,Rubber Plantations,5.115090,5.386808,85000.000000,,-0.050441,0.000000,-0.050441,457878.640439,False
1913,6021,"Kapala Islands Estates, Ld",Plantations,Rubber Plantations,0.639386,8.340863,75000.000000,,-0.923343,0.000000,-0.923343,625564.745951,False
1913,6022,"Karan Rubber Estate Co., Ld",Plantations,Rubber Plantations,9.207161,8.340863,25000.000000,0.280051,0.103862,0.033576,0.137438,208521.581984,False
1913,6023,"Kotah Bahroe Rubber Estates, Ld",Plantations,Rubber Plantations,1.758312,3.475360,130000.000000,,-0.494063,0.000000,-0.494063,451796.760965,False
1913,5001,"Shanghai Cotton Manufacturing Co., Ld",Cotton,Cotton & Textiles,78.644501,79.238201,20000.000000,3.836317,-0.007493,0.048415,0.040922,1584764.023076,False
1913,5002,"Ewo Cotton Sp. & W. Co., Ld (preference)",Cotton,Cotton & Textiles,63.938619,68.812122,5000.000000,4.475703,-0.070823,0.065042,-0.005781,344060.610273,False
1913,5003,"Kung Yik C.S & W. Co., Ld",Cotton,Cotton & Textiles,9.111253,10.599847,100000.000000,0.959079,-0.140435,0.090480,-0.049955,1059984.708417,False
1913,6026,"Padang Rubber Estates, Ld",Plantations,Rubber Plantations,7.768542,7.472023,50000.000000,0.511509,0.039684,0.068457,0.108140,373601.167721,False
1913,6027,"Pengkalan Durian Estate, Ld",Plantations,Rubber Plantations,8.471867,11.294919,30000.000000,0.345269,-0.249940,0.030568,-0.219372,338847.570724,False
1913,6028,"Permata Rubber Estates, Ld",Plantations,Rubber Plantations,1.278772,2.710781,50000.000000,0.126000,-0.528264,0.046481,-0.481783,135539.028289,False
1913,6030,"Samagaga Rubber Co., Ld",Plantations,Rubber Plantations,0.255754,0.382290,520000.000000,,-0.330993,0.000000,-0.330993,198790.574824,False
1913,6031,"See Kee Rubber Estates, Ld",Plantations,Rubber Plantations,0.703325,2.224230,30000.000000,,-0.683790,0.000000,-0.683790,66726.906235,False
1913,6032,"Semambu Rubber Estate, Ld",Plantations,Rubber Plantations,0.511509,2.571766,40000.000000,,-0.801106,0.000000,-0.801106,102870.647112,False
1913,6034,"Shanghai Klebang Rubber Estate, Ld",Plantations,Rubber Plantations,0.767263,1.737680,70000.000000,0.070013,-0.558455,0.040291,-0.518164,121637.589491,False
1913,6035,"Shanghai-Malay Rubber Estates, Ld",Plantations,Rubber Plantations,1.918159,4.170432,30000.000000,0.070013,-0.540058,0.016788,-0.523270,125112.949190,False
1913,6038,"Sua Manggis Rubber Co., Ld",Plantations,Rubber Plantations,1.758312,4.795996,40000.000000,0.000000,-0.633379,0.000000,-0.633379,191839.855425,False
1913,6039,"Sungala Rubber Estate, Ld",Plantations,Rubber Plantations,2.557545,1.216376,50000.000000,0.000000,1.102594,0.000000,1.102594,60818.794745,False
1913,6040,"Sungei Duri Rubber Estate, Ld",Plantations,Rubber Plantations,3.836317,4.448460,40000.000000,0.383632,-0.137608,0.086239,-0.051369,177938.416626,False
1913,6042,"Tanah Merah Estate, Ld",Plantations,Rubber Plantations,1.598465,2.676027,45000.000000,0.000000,-0.402672,0.000000,-0.402672,120421.213596,False
1913,6043,"Taiping Rubber Estates, Ld",Plantations,Rubber Plantations,0.607417,0.312782,600000.000000,0.000000,0.941979,0.000000,0.941979,187669.423785,False
1913,6044,"Tiram Rubber Estates, Ld",Plantations,Rubber Plantations,0.639386,0.695072,150000.000000,0.000000,-0.080115,0.000000,-0.080115,104260.790992,False
1913,6045,"Ulobri Rubber Co., Ld",Plantations,Rubber Plantations,0.959079,2.085216,32000.000000,0.000000,-0.540058,0.000000,-0.540058,66726.906235,False
1913,6046,"Ziangbe Rubber Co., Ld",Plantations,Rubber Plantations,1.598465,3.023563,300000.000000,0.097220,-0.471331,0.032154,-0.439176,907068.881629,False
1913,6056,"Repah Rubber Estates, Ld",Plantations,Rubber Plantations,0.479540,0.243275,40000.000000,,0.971182,0.000000,0.971182,9731.007159,False
1913,2501,"Ewo Cotton Sp. & W. Co., Ld",Cotton,Cotton & Textiles,84.398977,84.103705,20000.000000,9.590793,0.003511,0.114035,0.117546,1682074.094669,False
1913,2502,International Cotton Man. Co. Ld,Cotton,Cotton & Textiles,54.987212,50.045180,10000.000000,6.393862,0.098751,0.127762,0.226513,500451.796761,False
1913,2503,"Laou-kung-mow Cotton Spinning and Weaving Co., Ld",Cotton,Cotton & Textiles,67.455243,64.641690,8000.000000,7.033248,0.043525,0.108804,0.152329,517133.523320,False
1913,2504,Soy Chee Cotton Spin. Co. Ld,Cotton,Cotton & Textiles,30.690537,30.583165,20000.000000,3.196931,0.003511,0.104532,0.108043,611663.307152,False
1913,2505,"China Flour Mill Co., Ld",Industrial,Food & Beverage,6.393862,10.426079,4000.000000,1.918159,-0.386743,0.183977,-0.202766,41704.316397,False
1913,2513,"Shanghai Pulp and paper Co., Ld",Industrial,General Miscellaneous,0.959079,1.042608,4500.000000,3.196931,-0.080115,3.066283,2.986168,4691.735595,False
1913,2003,"Wei-hai-wei Land & B.Co., Ld",Real Estate,Land & Property,2.877238,3.127824,3674.000000,0.383632,-0.080115,0.122651,0.042536,11491.624383,False
1913,2004,"China Land & Finance Co., Ld",Real Estate,Land & Property,31.969309,34.937500,6425.000000,3.196931,-0.084957,0.091504,0.006547,224473.437500,False
1913,2006,"Anglo-French Land Invest Co., Ld",Real Estate,Land & Property,56.905371,61.861403,25000.000000,3.836317,-0.080115,0.062015,-0.018100,1546535.066379,False
1913,2519,"Anglo-German Brewery Co., Ld",Industrial,Food & Beverage,44.341432,39.577396,4441.000000,3.734015,0.120373,0.094347,0.214720,175763.216793,False
1913,2516,"S. Moutrie & Co., Ld",Miscellaneous,Retail & Stores,11.902174,6.088830,10000.000000,1.166880,0.954755,0.191643,1.146398,60888.301939,False
1913,2522,"A.Butler Cement, Tile Works, Limited",Industrial,Cement & Building,14.705882,15.986655,1200.000000,2.557545,-0.080115,0.159980,0.079865,19183.985543,False
1913,2525,"Senawang Rubber Estates Co., Ld",Plantations,Rubber Plantations,5.434783,16.681727,75000.000000,0.959079,-0.674207,0.057493,-0.616715,1251129.491902,False
1913,2526,"Shanghai Electric Construction Co., Ld",Miscellaneous,Utilities,55.306905,41.704316,32000.000000,2.430500,0.326167,0.058279,0.384447,1334538.124696,False
1913,2528,"Philippine Exploration & Mining Co., Ld",Mining,General Mining,3.196931,6.429415,100000.000000,0.000000,-0.502765,0.000000,-0.502765,642941.544450,False
1913,1007,"Shanghai Waterworks Co.,Ld.",Industrial,Utilities,204.603581,234.586780,16350.000000,3.645750,-0.127813,0.015541,-0.112272,3835493.848613,False
1913,1013,Hall & Holtz Ld,Miscellaneous,Retail & Stores,10.035166,8.752693,28000.000000,0.933504,0.146523,0.106653,0.253177,245075.415305,False
1913,502,"North-China Ins. Co., Ld",Insurance,Marine Insurance,85.677749,93.487176,10000.000000,2.430500,-0.083535,0.025998,-0.057537,934871.759227,False
1913,504,Yangtsze Insurance Association,Insurance,Marine Insurance,91.016624,97.674984,12000.000000,5.601023,-0.068169,0.057343,-0.010825,1172099.812331,False
1913,1017,"Shanghai Land Investment Co., Ld",Real Estate,Land & Property,56.905371,61.166331,78000.000000,1.598465,-0.069662,0.026133,-0.043529,4770973.795788,False
1913,1018,"J. Llewellyn & Co., Ld",Miscellaneous,Retail & Stores,25.671355,27.907138,1200.000000,2.800512,-0.080115,0.100351,0.020236,33488.566067,False
1913,1019,"Shanghai House Bazzar Co., Ld",Miscellaneous,General Miscellaneous,19.820972,15.986655,5400.000000,2.557545,0.239845,0.159980,0.399825,86327.934941,False
1913,1020,"Major Brothers, Limited",Industrial,General Miscellaneous,6.393862,18.071870,6000.000000,,-0.646198,0.000000,-0.646198,108431.222632,False
1913,1022,"Shanghai-Sumatra Tobacco Co., Ld",Plantations,Other Plantations,73.529412,100.785431,30000.000000,5.115090,-0.270436,0.050752,-0.219684,3023562.938764,False
1914,1050,"Maatschappij Co., in Langkat",Industrial,General Miscellaneous,19.040152,21.739130,250000.000000,0.560004,-0.124153,0.025760,-0.098393,5434782.608696,False
1914,106,Hongkong & Shanghai Banking Corporation,Banking,Banks,347.482780,371.067775,120000.000000,10.430188,-0.063560,0.028109,-0.035451,44528132.992327,False
1914,709,"Shanghai Dock & Engineering Co., Ld",Docks & Wharves,Wharves & Godowns,26.880215,35.805627,55700.000000,2.800022,-0.249274,0.078201,-0.171073,1994373.401535,False
1914,227,Shell Transport & Trading Co. Ld (preference),Shipping,Bonds & Preferences,28.560228,55.901500,150000.000000,1.212813,-0.489097,0.021696,-0.467402,8385225.000000,False
1914,817,"Chinese Engineering & Mining Co., Ld",Mining,General Mining,8.120065,9.590793,1000000.000000,0.242563,-0.153348,0.025291,-0.128057,9590792.838875,False
1914,6010,"Anglo-Java Estates, Ld",Plantations,Rubber Plantations,3.220026,3.196931,500000.000000,0.181922,0.007224,0.056905,0.064129,1598465.473146,False
1914,6013,"Bute Plantations, Ld",Plantations,Rubber Plantations,0.420003,0.431586,300000.000000,0.000000,-0.026837,0.000000,-0.026837,129475.703325,False
1914,6014,"Chemor United Rubber Estate, Ld",Plantations,Rubber Plantations,0.448004,0.607417,174225.000000,0.000000,-0.262445,0.000000,-0.262445,105827.205882,False
1914,6015,"Cheng Rubber Estates, Ld",Plantations,Rubber Plantations,1.260010,2.237852,135000.000000,0.140001,-0.436955,0.062561,-0.374395,302109.974425,False
1914,6017,"Gula Kalumpong Rubber Estates, Ld",Plantations,Rubber Plantations,3.640029,5.115090,500000.000000,0.242563,-0.288374,0.047421,-0.240953,2557544.757033,False
1914,5003,"Kung Yik C.S & W. Co., Ld",Cotton,Cotton & Textiles,6.300050,9.111253,100000.000000,0.840007,-0.308542,0.092194,-0.216347,911125.319693,False
1914,2501,"Ewo Cotton Sp. & W. Co., Ld",Cotton,Cotton & Textiles,65.520524,84.398977,20000.000000,6.720054,-0.223681,0.079622,-0.144059,1687979.539642,False
1915,1050,"Maatschappij Co., in Langkat",Industrial,General Miscellaneous,21.655000,19.040152,,,0.137333,0.000000,0.137333,,False
1915,106,Hongkong & Shanghai Banking Corporation,Banking,Banks,369.599000,347.482780,,10.148000,0.063647,0.029204,0.092851,,False
1915,709,"Shanghai Dock & Engineering Co., Ld",Docks & Wharves,Wharves & Godowns,35.380000,26.880215,,1.830000,0.316210,0.068080,0.384290,,False
1915,817,"Chinese Engineering & Mining Co., Ld",Mining,General Mining,7.777500,8.120065,,0.236000,-0.042187,0.029064,-0.013124,,False
1915,6010,"Anglo-Java Estates, Ld",Plantations,Rubber Plantations,8.967000,3.220026,,0.118000,1.784760,0.036646,1.821406,,False
1915,6013,"Bute Plantations, Ld",Plantations,Rubber Plantations,1.159000,0.420003,,0.030500,1.759502,0.072618,1.832120,,False
1915,6014,"Chemor United Rubber Estate, Ld",Plantations,Rubber Plantations,1.433500,0.448004,,0.027450,2.199751,0.061272,2.261023,,False
1915,6015,"Cheng Rubber Estates, Ld",Plantations,Rubber Plantations,3.080500,1.260010,,0.152500,1.444822,0.121031,1.565852,,False
1915,6017,"Gula Kalumpong Rubber Estates, Ld",Plantations,Rubber Plantations,7.167500,3.640029,,0.236000,0.969078,0.064835,1.033912,,False
1915,5003,"Kung Yik C.S & W. Co., Ld",Cotton,Cotton & Textiles,8.387500,6.300050,,0.732000,0.331339,0.116190,0.447528,,False
1915,2501,"Ewo Cotton Sp. & W. Co., Ld",Cotton,Cotton & Textiles,86.315000,65.520524,,9.760000,0.317373,0.148961,0.466334,,False
1916,512,Canton Insurance Office,Insurance,Marine Insurance,251.120000,189.252500,,4.394600,0.326905,0.023221,0.350125,,False
1916,6005,Tebong Rubber & Tapoica Estate Co,Plantations,Rubber Plantations,21.070000,21.045000,3235.000000,0.430000,0.001188,0.020432,0.021620,68080.575000,False
1916,1029,"Shanghai Gas Co., Ld",Industrial,Utilities,18.920000,18.300000,,1.720000,0.033880,0.093989,0.127869,,False
1916,1039,"Central Stores, Ld (ordinary)",Miscellaneous,Retail & Stores,5.336300,3.005775,15042.000000,0.282510,0.775349,0.093989,0.869338,45212.867550,False
1916,1043,"Shanghai Mercury, Ld",Miscellaneous,Printing & Media,25.800000,18.300000,,1.290000,0.409836,0.070492,0.480328,,False
1916,1045,"Shanghai Mutual Telephone Co., Ld",Miscellaneous,Utilities,74.820000,59.780000,1564.000000,3.440000,0.251589,0.057544,0.309133,93495.920000,False
1916,1050,"Maatschappij Co., in Langkat",Industrial,General Miscellaneous,18.920000,21.655000,,0.860000,-0.126299,0.039714,-0.086585,,False
1916,1051,"Weeks & Co., Ld",Miscellaneous,Retail & Stores,11.300400,8.460700,8353.000000,1.004480,0.335634,0.118723,0.454357,70672.227100,False
1916,1058,"Shanghai Electric and Asbestos Co., Ld",Industrial,Utilities,1.255600,1.220000,,1.255600,0.029180,1.029180,1.058361,,False
1916,1060,"Lane, Crawford & Co., Ld",Miscellaneous,Retail & Stores,61.524400,44.530000,,5.022400,0.381639,0.112787,0.494426,,False
1916,1064,"Culty Dairy Co., Ltd",Miscellaneous,Food & Beverage,8.600000,10.980000,14000.000000,0.516000,-0.216758,0.046995,-0.169763,153720.000000,False
1916,106,Hongkong & Shanghai Banking Corporation,Banking,Banks,395.514000,369.599000,,10.105703,0.070117,0.027342,0.097459,,False
1916,6027,"Pengkalan Durian Estate, Ld",Plantations,Rubber Plantations,8.815000,8.692500,2000.000000,1.548000,0.014093,0.178085,0.192177,17385.000000,False
1916,117,Russo-Asiatic Bank,Banking,Banks,56.812500,59.250000,,5.681250,-0.041139,0.095886,0.054747,,False
1916,703,Shanghai & H'kew Wharf Co.,Docks & Wharves,Wharves & Godowns,70.520000,56.425000,,2.580000,0.249801,0.045724,0.295525,,False
1916,709,"Shanghai Dock & Engineering Co., Ld",Docks & Wharves,Wharves & Godowns,77.400000,35.380000,500.000000,6.450000,1.187677,0.182306,1.369983,17690.000000,False
1916,710,New England and Shipbuilding Works,Docks & Wharves,Wharves & Godowns,11.610000,5.490000,86302.000000,0.774000,1.114754,0.140984,1.255738,473797.980000,False
1916,225,"Shanghai Tug & Lighter Co., Ld (ordinary shares)",Shipping,Tugs & Lighters,15.910000,11.895000,,1.720000,0.337537,0.144599,0.482135,,False
1916,226,"Shanghai Tug & Lighter Co., Ld (preference shares)",Shipping,Tugs & Lighters,43.000000,30.500000,,3.010000,0.409836,0.098689,0.508525,,False
1916,817,"Chinese Engineering & Mining Co., Ld",Mining,General Mining,8.256000,7.777500,,0.237781,0.061524,0.030573,0.092097,,False
1916,820,"Oriental Consolidated Mining Co., Ld",Mining,General Mining,8.323000,7.080000,70610.000000,0.500000,0.175565,0.070621,0.246186,499918.800000,False
1916,7025,Cathay Trust Co (ordinary),Banking,Trust & Investment,4.300000,5.490000,,0.172000,-0.216758,0.031330,-0.185428,,False
1916,7026,cathay Trust Co (preference),Banking,Trust & Investment,5.160000,5.490000,,0.256804,-0.060109,0.046777,-0.013333,,False
1916,6003,Kroewek Java Plantations Ld,Plantations,Rubber Plantations,17.415000,14.945000,19000.000000,0.430000,0.165273,0.028772,0.194045,283955.000000,False
1916,6002,"Alma Estates, Ld",Plantations,Rubber Plantations,11.266000,10.827500,,0.774000,0.040499,0.071485,0.111983,,False
1916,6001,"Chempedak Rubber & Gambier Estate, Ld",Plantations,Rubber Plantations,13.760000,9.455000,11500.000000,0.430000,0.455315,0.045479,0.500793,108732.500000,False
1916,6006,"Dominion Rubber Co., Ld",Plantations,Rubber Plantations,11.180000,10.065000,250000.000000,0.430000,0.110780,0.042722,0.153502,2516250.000000,False
1916,6007,"Ayer Tawah Rubber Plantation Co., Ld",Plantations,Rubber Plantations,32.680000,28.060000,,1.720000,0.164647,0.061297,0.225944,,False
1916,6008,"Amherst Rubber Estate, Ld",Plantations,Rubber Plantations,1.075000,1.281000,,0.215000,-0.160812,0.167838,0.007026,,False
1916,6009,"Anglo-Dutch (Java) Plantations, Ld",Plantations,Rubber Plantations,5.891000,3.660000,97289.000000,0.860000,0.609563,0.234973,0.844536,356077.740000,False
1916,6010,"Anglo-Java Estates, Ld",Plantations,Rubber Plantations,9.460000,8.967000,50000.000000,0.215000,0.054979,0.023977,0.078956,448350.000000,False
1916,6011,"Batu Annam (Johore) Rubber Estate, Ld",Plantations,Rubber Plantations,1.505000,1.281000,37000.000000,0.043000,0.174863,0.033568,0.208431,47397.000000,False
1916,6012,"Bukit Toh Alang Rubber Estate, Ld",Plantations,Rubber Plantations,4.472000,3.812500,,0.215000,0.172984,0.056393,0.229377,,False
1916,6013,"Bute Plantations, Ld",Plantations,Rubber Plantations,1.462000,1.159000,,0.043000,0.261432,0.037101,0.298533,,False
1916,6014,"Chemor United Rubber Estate, Ld",Plantations,Rubber Plantations,1.548000,1.433500,22100.000000,0.086000,0.079874,0.059993,0.139867,31680.350000,False
1916,6015,"Cheng Rubber Estates, Ld",Plantations,Rubber Plantations,2.623000,3.080500,,0.172000,-0.148515,0.055835,-0.092680,,False
1916,6016,"Consolidated Rubber Estates, Ld",Plantations,Rubber Plantations,3.117500,2.409500,,0.103200,0.293837,0.042830,0.336667,,False
1916,6017,"Gula Kalumpong Rubber Estates, Ld",Plantations,Rubber Plantations,6.665000,7.167500,50000.000000,0.297227,-0.070108,0.041469,-0.028639,358375.000000,False
1916,6019,"Java Consolidated Rubber Co., Ld",Plantations,Rubber Plantations,18.060000,15.555000,15000.000000,0.860000,0.161041,0.055288,0.216329,233325.000000,False
1916,6020,"Kamunting Rubber Co., Ld",Plantations,Rubber Plantations,6.020000,7.320000,9436.000000,0.344000,-0.177596,0.046995,-0.130601,69071.520000,False
1916,6021,"Kapala Islands Estates, Ld",Plantations,Rubber Plantations,0.946000,0.854000,,,0.107728,0.000000,0.107728,,False
1916,6022,"Karan Rubber Estate Co., Ld",Plantations,Rubber Plantations,13.760000,10.370000,,0.688000,0.326905,0.066345,0.393250,,False
1916,6023,"Kotah Bahroe Rubber Estates, Ld",Plantations,Rubber Plantations,9.460000,9.150000,,0.475563,0.033880,0.051974,0.085854,,False
1916,5001,"Shanghai Cotton Manufacturing Co., Ld",Cotton,Cotton & Textiles,101.480000,52.460000,,5.160000,0.934426,0.098361,1.032787,,False
1916,5002,"Ewo Cotton Sp. & W. Co., Ld (preference)",Cotton,Cotton & Textiles,90.300000,67.710000,1000.000000,6.020000,0.333629,0.088909,0.422537,67710.000000,False
1916,5003,"Kung Yik C.S & W. Co., Ld",Cotton,Cotton & Textiles,12.900000,8.387500,25000.000000,1.290000,0.538003,0.153800,0.691803,209687.500000,False
1916,5004,International Cotton Man. Co. Ld (preference),Cotton,Cotton & Textiles,64.500000,48.800000,2000.000000,6.020000,0.321721,0.123361,0.445082,97600.000000,False
1916,5005,Yangtszepoo Cotton Mill Limited (A),Cotton,Cotton & Textiles,5.590000,1.708000,,0.301000,2.272834,0.176230,2.449063,,False
1916,6026,"Padang Rubber Estates, Ld",Plantations,Rubber Plantations,13.932000,12.657500,,0.688000,0.100691,0.054355,0.155046,,False
1916,5007,Yangtszepoo Cotton Mill Limited (Preference),Cotton,Cotton & Textiles,86.860000,67.100000,,6.020000,0.294486,0.089717,0.384203,,False
1916,6028,"Permata Rubber Estates, Ld",Plantations,Rubber Plantations,3.655000,3.355000,6683.000000,0.215000,0.089419,0.064083,0.153502,22421.465000,False
1916,6030,"Samagaga Rubber Co., Ld",Plantations,Rubber Plantations,0.903000,0.884500,189000.000000,0.043000,0.020916,0.048615,0.069531,167170.500000,False
1916,6031,"See Kee Rubber Estates, Ld",Plantations,Rubber Plantations,7.525000,4.880000,,0.860000,0.542008,0.176230,0.718238,,False
1916,6032,"Semambu Rubber Estate, Ld",Plantations,Rubber Plantations,1.290000,1.281000,105000.000000,0.043000,0.007026,0.033568,0.040593,134505.000000,False
1916,6034,"Shanghai Klebang Rubber Estate, Ld",Plantations,Rubber Plantations,1.032000,3.233000,,0.043000,-0.680792,0.013300,-0.667491,,False
1916,6035,"Shanghai-Malay Rubber Estates, Ld",Plantations,Rubber Plantations,6.880000,3.965000,15000.000000,,0.735183,0.000000,0.735183,59475.000000,False
1916,6038,"Sua Manggis Rubber Co., Ld",Plantations,Rubber Plantations,5.375000,3.965000,,0.215000,0.355612,0.054224,0.409836,,False
1916,6039,"Sungala Rubber Estate, Ld",Plantations,Rubber Plantations,1.376000,1.982500,,0.086000,-0.305927,0.043380,-0.262547,,False
1916,6040,"Sungei Duri Rubber Estate, Ld",Plantations,Rubber Plantations,10.105000,8.082500,,0.430000,0.250232,0.053201,0.303433,,False
1916,6042,"Tanah Merah Estate, Ld",Plantations,Rubber Plantations,0.967500,5.795000,5800.000000,,-0.833046,0.000000,-0.833046,33611.000000,False
1916,6043,"Taiping Rubber Estates, Ld",Plantations,Rubber Plantations,2.150000,1.525000,,0.086000,0.409836,0.056393,0.466230,,False
1916,6045,"Ulobri Rubber Co., Ld",Plantations,Rubber Plantations,1.720000,1.525000,,,0.127869,0.000000,0.127869,,False
1916,6046,"Ziangbe Rubber Co., Ld",Plantations,Rubber Plantations,5.375000,4.941000,50000.000000,0.215000,0.087836,0.043513,0.131350,247050.000000,False
1916,6049,"Kapayang Rubber Estates Co., Ld (A)",Plantations,Rubber Plantations,25.370000,12.200000,200.000000,0.860000,1.079508,0.070492,1.150000,2440.000000,False
1916,6050,"Kapayang Rubber Estates Co., Ld (B)",Plantations,Rubber Plantations,25.370000,12.200000,200.000000,,1.079508,0.000000,1.079508,2440.000000,False
1916,6051,"Shanghai-Malay Rubber Estates, Ld (Preference)",Plantations,Rubber Plantations,11.180000,6.100000,,0.688000,0.832787,0.112787,0.945574,,False
1916,6052,"Shanghai-Pahang Rubber Estates, Ld",Plantations,Rubber Plantations,1.569500,1.494500,124000.000000,0.086000,0.050184,0.057544,0.107728,185318.000000,False
1916,6056,"Repah Rubber Estates, Ld",Plantations,Rubber Plantations,1.376000,1.098000,40002.000000,,0.253188,0.000000,0.253188,43922.196000,False
1916,2501,"Ewo Cotton Sp. & W. Co., Ld",Cotton,Cotton & Textiles,144.050000,86.315000,5000.000000,16.340000,0.668887,0.189307,0.858194,431575.000000,False
1916,2502,International Cotton Man. Co. Ld,Cotton,Cotton & Textiles,61.920000,46.055000,1662.000000,6.450000,0.344479,0.140050,0.484529,76543.410000,False
1916,2503,"Laou-kung-mow Cotton Spinning and Weaving Co., Ld",Cotton,Cotton & Textiles,68.800000,47.580000,,10.320000,0.445986,0.216898,0.662884,,False
1916,2003,"Wei-hai-wei Land & B.Co., Ld",Real Estate,Land & Property,2.580000,1.830000,,0.516000,0.409836,0.281967,0.691803,,False
1916,2516,"S. Moutrie & Co., Ld",Miscellaneous,Retail & Stores,21.973000,15.585500,3832.000000,3.139000,0.409836,0.201405,0.611241,59723.636000,False
1916,2006,"Anglo-French Land Invest Co., Ld",Real Estate,Land & Property,77.400000,64.965000,5000.000000,2.580000,0.191411,0.039714,0.231124,324825.000000,False
1916,2522,"Butler Tile Works, Ld",Industrial,Cement & Building,19.780000,14.030000,,5.160000,0.409836,0.367783,0.777619,,False
1916,2525,"Senawang Rubber Estates Co., Ld",Plantations,Rubber Plantations,16.340000,14.640000,8150.000000,0.344000,0.116120,0.023497,0.139617,119316.000000,False
1916,2526,"Shanghai Electric Construction Co., Ld",Miscellaneous,Utilities,71.380000,55.205000,,1.902250,0.292999,0.034458,0.327457,,False
1916,2528,"Philippine Exploration & Mining Co., Ld",Mining,General Mining,0.860000,1.982500,,,-0.566204,0.000000,-0.566204,,False
1916,1007,"Shanghai Waterworks Co.,Ld.",Industrial,Utilities,227.900000,183.000000,,4.755625,0.245355,0.025987,0.271342,,False
1916,1013,Hall & Holtz Ld,Miscellaneous,Retail & Stores,10.044800,7.681425,1662.000000,1.255600,0.307674,0.163459,0.471133,12766.528350,False
1916,502,"North-China Ins. Co., Ld",Insurance,Marine Insurance,131.150000,111.325000,,3.566719,0.178082,0.032039,0.210121,,False
1916,503,Union In. Society of Canton Limited,Insurance,Marine Insurance,593.271000,423.035000,,12.556000,0.402416,0.029681,0.432097,,False
1916,504,Yangtsze Insurance Association,Insurance,Marine Insurance,161.658500,124.684000,,9.417000,0.296546,0.075527,0.372073,,False
1916,1017,"Shanghai Land Investment Co., Ld",Real Estate,Land & Property,73.530000,65.270000,,2.580000,0.126551,0.039528,0.166079,,False
1916,1018,"J. Llewellyn & Co., Ld",Miscellaneous,Retail & Stores,39.237500,27.831250,,3.766800,0.409836,0.135344,0.545180,,False
1916,1020,"Major Brothers, Limited",Industrial,General Miscellaneous,4.300000,6.100000,500.000000,,-0.295082,0.000000,-0.295082,3050.000000,False
1916,1022,"Shanghai-Sumatra Tobacco Co., Ld",Plantations,Other Plantations,141.900000,73.200000,,6.880000,0.938525,0.093989,1.032514,,False
1917,1029,"Shanghai Gas Co., Ld",Industrial,Utilities,25.440000,18.920000,24000.000000,2.650000,0.344609,0.140063,0.484672,454080.000000,False
1917,1043,"Shanghai Mercury, Ld",Miscellaneous,Printing & Media,31.800000,25.800000,2100.000000,1.590000,0.232558,0.061628,0.294186,54180.000000,False
1917,1045,"Shanghai Mutual Telephone Co., Ld",Miscellaneous,Utilities,82.680000,74.820000,20000.000000,4.240000,0.105052,0.056669,0.161721,1496400.000000,False
1917,1050,"Maatschappij Co., in Langkat",Industrial,General Miscellaneous,15.370000,18.920000,250000.000000,1.060000,-0.187632,0.056025,-0.131607,4730000.000000,False
1917,1051,"Weeks & Co., Ld",Miscellaneous,Retail & Stores,10.833200,11.300400,30000.000000,1.238080,-0.041344,0.109561,0.068217,339012.000000,False
1917,1054,"China Import & Export Lumber Co., Ld",Industrial,General Miscellaneous,116.600000,94.600000,5000.000000,8.480000,0.232558,0.089641,0.322199,473000.000000,False
1917,1058,"Shanghai Electric and Asbestos Co., Ld",Industrial,Utilities,1.547600,1.255600,5000.000000,1.547600,0.232558,1.232558,1.465116,6278.000000,False
1917,1060,"Lane, Crawford & Co., Ld",Miscellaneous,Retail & Stores,77.380000,61.524400,2500.000000,6.190400,0.257712,0.100617,0.358329,153811.000000,False
1917,1064,"Culty Dairy Co., Ltd",Miscellaneous,Food & Beverage,9.540000,8.600000,10000.000000,0.636000,0.109302,0.073953,0.183256,86000.000000,False
1917,601,"Hongkong Fire In. Co.,Limited",Insurance,General Insurance,239.878000,242.958600,8000.000000,20.892600,-0.012680,0.085992,0.073313,1943668.800000,False
1917,106,Hongkong & Shanghai Banking Corporation,Banking,Banks,464.280000,395.514000,120000.000000,10.212500,0.173865,0.025821,0.199686,47461680.000000,False
1917,117,Russo-Asiatic Bank,Banking,Banks,90.125000,56.812500,186666.000000,3.862500,0.586359,0.067987,0.654345,10604962.125000,False
1917,118,Chartered Bank of I.A. & C.,Banking,Banks,247.000000,247.292500,60000.000000,13.300000,-0.001183,0.053782,0.052600,14837550.000000,False
1917,703,Shanghai & H'kew Wharf Co.,Docks & Wharves,Wharves & Godowns,69.960000,70.520000,36000.000000,5.300000,-0.007941,0.075156,0.067215,2538720.000000,False
1917,709,"Shanghai Dock & Engineering Co., Ld",Docks & Wharves,Wharves & Godowns,76.850000,77.400000,55700.000000,9.540000,-0.007106,0.123256,0.116150,4311180.000000,False
1917,710,New England and Shipbuilding Works,Docks & Wharves,Wharves & Godowns,13.780000,11.610000,150000.000000,1.060000,0.186908,0.091301,0.278208,1741500.000000,False
1917,225,"Shanghai Tug & Lighter Co., Ld (ordinary shares)",Shipping,Tugs & Lighters,23.320000,15.910000,20000.000000,1.855000,0.465745,0.116593,0.582338,318200.000000,False
1917,226,"Shanghai Tug & Lighter Co., Ld (preference shares)",Shipping,Tugs & Lighters,42.400000,43.000000,10000.000000,4.240000,-0.013953,0.098605,0.084651,430000.000000,False
1917,817,"Chinese Engineering & Mining Co., Ld",Mining,General Mining,9.540000,8.256000,1000000.000000,0.237500,0.155523,0.028767,0.184290,8256000.000000,False
1917,820,"Oriental Consolidated Mining Co., Ld",Mining,General Mining,6.531250,8.323000,500000.000000,0.500000,-0.215277,0.060074,-0.155202,4161500.000000,False
1917,6001,"Chempedak Rubber & Gambier Estate, Ld",Plantations,Rubber Plantations,11.130000,13.760000,35000.000000,0.530000,-0.191134,0.038517,-0.152616,481600.000000,False
1917,6002,"Alma Estates, Ld",Plantations,Rubber Plantations,9.593000,11.266000,70000.000000,0.477000,-0.148500,0.042340,-0.106160,788620.000000,False
1917,6003,Kroewek Java Plantations Ld,Plantations,Rubber Plantations,16.695000,17.415000,70000.000000,0.530000,-0.041344,0.030434,-0.010910,1219050.000000,False
1917,6005,Tebong Rubber & Tapoica Estate Co,Plantations,Rubber Plantations,17.490000,21.070000,76000.000000,0.530000,-0.169910,0.025154,-0.144756,1601320.000000,False
1917,6006,"Dominion Rubber Co., Ld",Plantations,Rubber Plantations,9.805000,11.180000,350000.000000,0.530000,-0.122987,0.047406,-0.075581,3913000.000000,False
1917,6007,"Ayer Tawah Rubber Plantation Co., Ld",Plantations,Rubber Plantations,29.680000,32.680000,30000.000000,2.120000,-0.091799,0.064871,-0.026928,980400.000000,False
1917,6009,"Anglo-Dutch (Java) Plantations, Ld",Plantations,Rubber Plantations,4.240000,5.891000,400000.000000,1.060000,-0.280258,0.179935,-0.100323,2356400.000000,False
1917,6010,"Anglo-Java Estates, Ld",Plantations,Rubber Plantations,9.275000,9.460000,500000.000000,0.265000,-0.019556,0.028013,0.008457,4730000.000000,False
1917,6011,"Batu Annam (Johore) Rubber Estate, Ld",Plantations,Rubber Plantations,1.113000,1.505000,400000.000000,0.053000,-0.260465,0.035216,-0.225249,602000.000000,False
1917,6012,"Bukit Toh Alang Rubber Estate, Ld",Plantations,Rubber Plantations,3.604000,4.472000,100000.000000,0.265000,-0.194097,0.059258,-0.134839,447200.000000,False
1917,6013,"Bute Plantations, Ld",Plantations,Rubber Plantations,1.219000,1.462000,300000.000000,0.053000,-0.166211,0.036252,-0.129959,438600.000000,False
1917,6014,"Chemor United Rubber Estate, Ld",Plantations,Rubber Plantations,1.219000,1.548000,400000.000000,0.053000,-0.212532,0.034238,-0.178295,619200.000000,False
1917,6015,"Cheng Rubber Estates, Ld",Plantations,Rubber Plantations,2.120000,2.623000,135000.000000,0.212000,-0.191765,0.080823,-0.110942,354105.000000,False
1917,6016,"Consolidated Rubber Estates, Ld",Plantations,Rubber Plantations,2.491000,3.117500,500000.000000,0.127200,-0.200962,0.040802,-0.160160,1558750.000000,False
1917,6017,"Gula Kalumpong Rubber Estates, Ld",Plantations,Rubber Plantations,7.208000,6.665000,500000.000000,0.356250,0.081470,0.053451,0.134921,3332500.000000,False
1917,6019,"Java Consolidated Rubber Co., Ld",Plantations,Rubber Plantations,17.490000,18.060000,85000.000000,1.060000,-0.031561,0.058693,0.027132,1535100.000000,False
1917,6020,"Kamunting Rubber Co., Ld",Plantations,Rubber Plantations,5.724000,6.020000,85000.000000,0.636000,-0.049169,0.105648,0.056478,511700.000000,False
1917,6021,"Kapala Islands Estates, Ld",Plantations,Rubber Plantations,1.166000,0.946000,300000.000000,,0.232558,0.000000,0.232558,283800.000000,False
1917,6022,"Karan Rubber Estate Co., Ld",Plantations,Rubber Plantations,12.720000,13.760000,25000.000000,0.530000,-0.075581,0.038517,-0.037064,344000.000000,False
1917,6023,"Kotah Bahroe Rubber Estates, Ld",Plantations,Rubber Plantations,7.420000,9.460000,130000.000000,0.583000,-0.215645,0.061628,-0.154017,1229800.000000,False
1917,5001,"Shanghai Cotton Manufacturing Co., Ld",Cotton,Cotton & Textiles,127.200000,101.480000,40000.000000,6.360000,0.253449,0.062672,0.316121,4059200.000000,False
1917,5002,"Ewo Cotton Sp. & W. Co., Ld (preference)",Cotton,Cotton & Textiles,103.350000,90.300000,5000.000000,7.420000,0.144518,0.082171,0.226689,451500.000000,False
1917,5003,"Kung Yik C.S & W. Co., Ld",Cotton,Cotton & Textiles,17.755000,12.900000,100000.000000,2.120000,0.376357,0.164341,0.540698,1290000.000000,False
1917,5004,International Cotton Man. Co. Ld (preference),Cotton,Cotton & Textiles,66.250000,64.500000,4000.000000,5.565000,0.027132,0.086279,0.113411,258000.000000,False
1917,5005,Yangtszepoo Cotton Mill Limited (A),Cotton,Cotton & Textiles,8.321000,5.590000,200000.000000,0.371000,0.488551,0.066369,0.554919,1118000.000000,False
1917,6026,"Padang Rubber Estates, Ld",Plantations,Rubber Plantations,13.515000,13.932000,50000.000000,0.530000,-0.029931,0.038042,0.008111,696600.000000,False
1917,5007,Yangtszepoo Cotton Mill Limited (Preference),Cotton,Cotton & Textiles,106.000000,86.860000,5000.000000,7.420000,0.220355,0.085425,0.305779,434300.000000,False
1917,5008,"Oriental C.S.Co., Ld",Cotton,Cotton & Textiles,45.580000,37.840000,20000.000000,6.360000,0.204545,0.168076,0.372622,756800.000000,False
1917,6027,"Pengkalan Durian Estate, Ld",Plantations,Rubber Plantations,9.010000,8.815000,30000.000000,0.530000,0.022121,0.060125,0.082246,264450.000000,False
1917,6028,"Permata Rubber Estates, Ld",Plantations,Rubber Plantations,3.180000,3.655000,50000.000000,0.265000,-0.129959,0.072503,-0.057456,182750.000000,False
1917,6030,"Samagaga Rubber Co., Ld",Plantations,Rubber Plantations,0.927500,0.903000,600000.000000,0.053000,0.027132,0.058693,0.085825,541800.000000,False
1917,6031,"See Kee Rubber Estates, Ld",Plantations,Rubber Plantations,6.360000,7.525000,30000.000000,0.318000,-0.154817,0.042259,-0.112558,225750.000000,False
1917,6032,"Semambu Rubber Estate, Ld",Plantations,Rubber Plantations,1.166000,1.290000,300000.000000,0.053000,-0.096124,0.041085,-0.055039,387000.000000,False
1917,6034,"Shanghai Klebang Rubber Estate, Ld",Plantations,Rubber Plantations,0.980500,1.032000,315000.000000,0.074200,-0.049903,0.071899,0.021996,325080.000000,False
1917,6035,"Shanghai-Malay Rubber Estates, Ld",Plantations,Rubber Plantations,7.420000,6.880000,30000.000000,0.530000,0.078488,0.077035,0.155523,206400.000000,False
1917,6038,"Sua Manggis Rubber Co., Ld",Plantations,Rubber Plantations,7.155000,5.375000,56000.000000,0.265000,0.331163,0.049302,0.380465,301000.000000,False
1917,6039,"Sungala Rubber Estate, Ld",Plantations,Rubber Plantations,1.643000,1.376000,60000.000000,0.106000,0.194041,0.077035,0.271076,82560.000000,False
1917,6040,"Sungei Duri Rubber Estate, Ld",Plantations,Rubber Plantations,9.540000,10.105000,40000.000000,0.530000,-0.055913,0.052449,-0.003464,404200.000000,False
1917,6043,"Taiping Rubber Estates, Ld",Plantations,Rubber Plantations,1.325000,2.150000,200000.000000,0.159000,-0.383721,0.073953,-0.309767,430000.000000,False
1917,6042,"Tanah Merah Estate, Ld",Plantations,Rubber Plantations,1.033500,0.967500,750000.000000,0.053000,0.068217,0.054780,0.122997,725625.000000,False
1917,6045,"Ulobri Rubber Co., Ld",Plantations,Rubber Plantations,2.650000,1.720000,32000.000000,,0.540698,0.000000,0.540698,55040.000000,False
1917,6046,"Ziangbe Rubber Co., Ld",Plantations,Rubber Plantations,5.300000,5.375000,300000.000000,0.265000,-0.013953,0.049302,0.035349,1612500.000000,False
1917,6049,"Kapayang Rubber Estates Co., Ld (A)",Plantations,Rubber Plantations,29.150000,25.370000,7500.000000,0.530000,0.148995,0.020891,0.169886,190275.000000,False
1917,6050,"Kapayang Rubber Estates Co., Ld (B)",Plantations,Rubber Plantations,29.150000,25.370000,7500.000000,,0.148995,0.000000,0.148995,190275.000000,False
1917,6051,"Shanghai-Malay Rubber Estates, Ld (Preference)",Plantations,Rubber Plantations,11.766000,11.180000,30000.000000,0.848000,0.052415,0.075850,0.128265,335400.000000,False
1917,6052,"Shanghai-Pahang Rubber Estates, Ld",Plantations,Rubber Plantations,1.643000,1.569500,200000.000000,0.095400,0.046830,0.060784,0.107614,313900.000000,False
1917,6053,Shanghai-Kelantan Rubber Estate,Plantations,Rubber Plantations,0.742000,1.032000,340000.000000,,-0.281008,0.000000,-0.281008,350880.000000,False
1917,6054,Shanghai Seremban Rubber Estates Ld,Plantations,Rubber Plantations,0.795000,0.860000,325000.000000,0.042400,-0.075581,0.049302,-0.026279,279500.000000,False
1917,6056,"Repah Rubber Estates, Ld",Plantations,Rubber Plantations,0.954000,1.376000,275000.000000,,-0.306686,0.000000,-0.306686,378400.000000,False
1917,2501,"Ewo Cotton Sp. & W. Co., Ld",Cotton,Cotton & Textiles,191.860000,144.050000,20000.000000,21.200000,0.331899,0.147171,0.479070,2881000.000000,False
1917,2502,International Cotton Man. Co. Ld,Cotton,Cotton & Textiles,90.100000,61.920000,10000.000000,7.950000,0.455103,0.128391,0.583495,619200.000000,False
1917,2503,"Laou-kung-mow Cotton Spinning and Weaving Co., Ld",Cotton,Cotton & Textiles,68.900000,68.800000,8000.000000,12.720000,0.001453,0.184884,0.186337,550400.000000,False
1917,2003,"Wei-hai-wei Land & B.Co., Ld",Real Estate,Land & Property,3.180000,2.580000,3674.000000,0.636000,0.232558,0.246512,0.479070,9478.920000,False
1917,2516,"S. Moutrie & Co., Ld",Miscellaneous,Retail & Stores,27.083000,21.973000,10000.000000,3.869000,0.232558,0.176080,0.408638,219730.000000,False
1917,2006,"Anglo-French Land invest Co., Ld",Real Estate,Land & Property,80.560000,77.400000,18000.000000,3.180000,0.040827,0.041085,0.081912,1393200.000000,False
1917,2007,"China Realty Co., Ld (Ordinary)",Real Estate,Land & Property,53.000000,43.000000,2000.000000,4.240000,0.232558,0.098605,0.331163,86000.000000,False
1917,2008,"China Realty Co., Ld (Preference)",Real Estate,Land & Property,53.000000,43.000000,18000.000000,3.445000,0.232558,0.080116,0.312674,774000.000000,False
1917,2522,"Butler Tile Works, Ld",Industrial,Cement & Building,24.380000,19.780000,1200.000000,6.360000,0.232558,0.321537,0.554095,23736.000000,False
1917,2525,"Senawang Rubber Estates Co., Ld",Plantations,Rubber Plantations,12.720000,16.340000,75000.000000,0.530000,-0.221542,0.032436,-0.189106,1225500.000000,False
1917,2526,"Shanghai Electric Construction Co., Ld",Miscellaneous,Utilities,69.960000,71.380000,32000.000000,2.375000,-0.019894,0.033273,0.013379,2284160.000000,False
1917,1007,"Shanghai Waterworks Co.,Ld.",Industrial,Utilities,198.750000,227.900000,20000.000000,4.750000,-0.127907,0.020842,-0.107065,4558000.000000,False
1917,1013,Hall & Holtz Ld,Miscellaneous,Retail & Stores,10.833200,10.044800,28000.000000,1.547600,0.078488,0.154070,0.232558,281254.400000,False
1917,502,"North-China Ins. Co., Ld",Insurance,General Insurance,121.900000,131.150000,10000.000000,3.562500,-0.070530,0.027164,-0.043366,1311500.000000,False
1917,503,Union In. Society of Canton Limited,Insurance,General Insurance,588.088000,593.271000,12400.000000,15.476000,-0.008736,0.026086,0.017350,7356560.400000,False
1917,504,Yangtsze Insurance Association,Insurance,General Insurance,158.629000,161.658500,12000.000000,11.607000,-0.018740,0.071800,0.053059,1939902.000000,False
1917,1017,"Shanghai Land Investment Co., Ld",Real Estate,Land & Property,74.200000,73.530000,78000.000000,2.650000,0.009112,0.036040,0.045152,5735340.000000,False
1917,1018,"J. Llewellyn & Co., Ld",Miscellaneous,Retail & Stores,48.362500,39.237500,1200.000000,4.642800,0.232558,0.118326,0.350884,47085.000000,False
1917,1020,"Major Brothers, Limited",Industrial,General Miscellaneous,3.869000,4.300000,6000.000000,,-0.100233,0.000000,-0.100233,25800.000000,False
1917,1022,"Shanghai-Sumatra Tobacco Co., Ld",Plantations,Other Plantations,76.850000,141.900000,30000.000000,8.480000,-0.458421,0.059760,-0.398661,4257000.000000,False
1918,1029,"Shanghai Gas Co., Ld",Industrial,Utilities,29.520000,25.440000,24000.000000,,0.160377,0.000000,0.160377,610560.000000,False
1918,1035,"Hongkong Land Invest. & A.Co., Ld",Real Estate,Land & Property,89.790000,68.094400,50000.000000,,0.318611,0.000000,0.318611,3404720.000000,False
1918,1043,"Shanghai Mercury, Ld",Miscellaneous,Printing & Media,36.900000,31.800000,2100.000000,,0.160377,0.000000,0.160377,66780.000000,False
1918,1045,"Shanghai Mutual Telephone Co., Ld",Miscellaneous,Utilities,97.170000,82.680000,20000.000000,,0.175254,0.000000,0.175254,1653600.000000,False
1918,1050,"Maatschappij Co., in Langkat",Industrial,General Miscellaneous,26.445000,15.370000,250000.000000,,0.720560,0.000000,0.720560,3842500.000000,False
1918,1051,"Weeks & Co., Ld",Miscellaneous,Retail & Stores,12.121650,10.833200,30000.000000,,0.118935,0.000000,0.118935,324996.000000,False
1918,1058,"Shanghai Electric and Asbestos Co., Ld",Industrial,Utilities,1.795800,1.547600,5000.000000,,0.160377,0.000000,0.160377,7738.000000,False
1918,1060,"Lane, Crawford & Co., Ld",Miscellaneous,Retail & Stores,85.300500,77.380000,2500.000000,,0.102358,0.000000,0.102358,193450.000000,False
1918,1064,"Culty Dairy Co., Ltd",Miscellaneous,Food & Beverage,13.530000,9.540000,10000.000000,1.845000,0.418239,0.193396,0.611635,95400.000000,False
1918,606,"Far Eastern Insurance Co., Ld",Insurance,General Insurance,32.595000,11.660000,50000.000000,,1.795455,0.000000,1.795455,583000.000000,False
1918,106,Hongkong & Shanghai Banking Corporation,Banking,Banks,579.145500,464.280000,120000.000000,,0.247406,0.000000,0.247406,55713600.000000,False
1918,118,Chartered Bank of I.A. & C.,Banking,Banks,371.085000,247.000000,60000.000000,,0.502368,0.000000,0.502368,14820000.000000,False
1918,703,Shanghai & H'kew Wharf Co.,Docks & Wharves,Wharves & Godowns,116.850000,69.960000,36000.000000,,0.670240,0.000000,0.670240,2518560.000000,False
1918,706,"Hongkong & Kowloon Wharf and Godown Co., Limited",Docks & Wharves,Wharves & Godowns,93.381600,73.511000,60000.000000,,0.270308,0.000000,0.270308,4410660.000000,False
1918,709,"Shanghai Dock & Engineering Co., Ld",Docks & Wharves,Wharves & Godowns,164.820000,76.850000,55700.000000,,1.144697,0.000000,1.144697,4280545.000000,False
1918,710,New England and Shipbuilding Works,Docks & Wharves,Wharves & Godowns,30.750000,13.780000,150000.000000,,1.231495,0.000000,1.231495,2067000.000000,False
1918,225,"Shanghai Tug & Lighter Co., Ld (ordinary shares)",Shipping,Tugs & Lighters,41.205000,23.320000,20000.000000,,0.766938,0.000000,0.766938,466400.000000,False
1918,226,"Shanghai Tug & Lighter Co., Ld (preference shares)",Shipping,Tugs & Lighters,46.125000,42.400000,10000.000000,,0.087854,0.000000,0.087854,424000.000000,False
1918,9000,"The Shanghai Hotels, Ld (ordinary)",Miscellaneous,Hotels,12.570600,6.964200,50123.000000,,0.805031,0.000000,0.805031,349066.596600,False
1918,817,"Chinese Engineering & Mining Co., Ld",Mining,General Mining,12.300000,9.540000,1000000.000000,0.713625,0.289308,0.074803,0.364112,9540000.000000,False
1918,818,Raub A'lian Gold Min. Co. Ld,Mining,Gold Mining,2.020275,1.934500,200000.000000,,0.044340,0.000000,0.044340,386900.000000,False
1918,6001,"Chempedak Rubber & Gambier Estate, Ld",Plantations,Rubber Plantations,9.225000,11.130000,35000.000000,1.230000,-0.171159,0.110512,-0.060647,389550.000000,False
1918,6002,"Alma Estates, Ld",Plantations,Rubber Plantations,9.840000,9.593000,70000.000000,1.660500,0.025748,0.173095,0.198843,671510.000000,False
1918,6003,Kroewek Java Plantations Ld,Plantations,Rubber Plantations,19.680000,16.695000,70000.000000,1.845000,0.178796,0.110512,0.289308,1168650.000000,False
1918,6005,Tebong Rubber & Tapoica Estate Co,Plantations,Rubber Plantations,18.450000,17.490000,76000.000000,1.845000,0.054889,0.105489,0.160377,1329240.000000,False
1918,6006,"Dominion Rubber Co., Ld",Plantations,Rubber Plantations,9.225000,9.805000,350000.000000,,-0.059153,0.000000,-0.059153,3431750.000000,False
1918,6007,"Ayer Tawah Rubber Plantation Co., Ld",Plantations,Rubber Plantations,22.140000,29.680000,30000.000000,,-0.254043,0.000000,-0.254043,890400.000000,False
1918,6009,"Anglo-Dutch (Java) Plantations, Ld",Plantations,Rubber Plantations,4.920000,4.240000,400000.000000,,0.160377,0.000000,0.160377,1696000.000000,False
1918,6010,"Anglo-Java Estates, Ld",Plantations,Rubber Plantations,8.917500,9.275000,500000.000000,1.414500,-0.038544,0.152507,0.113962,4637500.000000,False
1918,6011,"Batu Annam (Johore) Rubber Estate, Ld",Plantations,Rubber Plantations,0.861000,1.113000,400000.000000,0.123000,-0.226415,0.110512,-0.115903,445200.000000,False
1918,6012,"Bukit Toh Alang Rubber Estate, Ld",Plantations,Rubber Plantations,2.460000,3.604000,100000.000000,0.615000,-0.317425,0.170644,-0.146781,360400.000000,False
1918,6013,"Bute Plantations, Ld",Plantations,Rubber Plantations,0.984000,1.219000,300000.000000,0.123000,-0.192781,0.100902,-0.091879,365700.000000,False
1918,6014,"Chemor United Rubber Estate, Ld",Plantations,Rubber Plantations,1.260750,1.219000,400000.000000,0.184500,0.034249,0.151354,0.185603,487600.000000,False
1918,6015,"Cheng Rubber Estates, Ld",Plantations,Rubber Plantations,2.583000,2.120000,135000.000000,,0.218396,0.000000,0.218396,286200.000000,False
1918,6016,"Consolidated Rubber Estates, Ld",Plantations,Rubber Plantations,3.198000,2.491000,500000.000000,,0.283822,0.000000,0.283822,1245500.000000,False
1918,6017,"Gula Kalumpong Rubber Estates, Ld",Plantations,Rubber Plantations,7.687500,7.208000,500000.000000,0.773094,0.066523,0.107255,0.173778,3604000.000000,False
1918,6019,"Java Consolidated Rubber Co., Ld",Plantations,Rubber Plantations,18.450000,17.490000,85000.000000,3.075000,0.054889,0.175815,0.230703,1486650.000000,False
1918,6020,"Kamunting Rubber Co., Ld",Plantations,Rubber Plantations,7.072500,5.724000,85000.000000,,0.235587,0.000000,0.235587,486540.000000,False
1918,6021,"Kapala Islands Estates, Ld",Plantations,Rubber Plantations,0.615000,1.166000,300000.000000,,-0.472556,0.000000,-0.472556,349800.000000,False
1918,6022,"Karan Rubber Estate Co., Ld",Plantations,Rubber Plantations,12.607500,12.720000,25500.000000,,-0.008844,0.000000,-0.008844,324360.000000,False
1918,6023,"Kotah Bahroe Rubber Estates, Ld",Plantations,Rubber Plantations,6.765000,7.420000,130000.000000,1.230000,-0.088275,0.165768,0.077493,964600.000000,False
1918,5001,"Shanghai Cotton Manufacturing Co., Ld",Cotton,Cotton & Textiles,172.200000,127.200000,40000.000000,,0.353774,0.000000,0.353774,5088000.000000,False
1918,5002,"Ewo Cotton Sp. & W. Co., Ld (preference)",Cotton,Cotton & Textiles,119.925000,103.350000,5000.000000,,0.160377,0.000000,0.160377,516750.000000,False
1918,5003,"Kung Yik C.S & W. Co., Ld",Cotton,Cotton & Textiles,18.450000,17.755000,100000.000000,,0.039144,0.000000,0.039144,1775500.000000,False
1918,6026,"Padang Rubber Estates, Ld",Plantations,Rubber Plantations,13.530000,13.515000,50000.000000,1.845000,0.001110,0.136515,0.137625,675750.000000,False
1918,5005,Yangtszepoo Cotton Mill Limited (A),Cotton,Cotton & Textiles,9.717000,8.321000,200000.000000,,0.167768,0.000000,0.167768,1664200.000000,False
1918,6027,"Pengkalan Durian Estate, Ld",Plantations,Rubber Plantations,4.920000,9.010000,30000.000000,,-0.453940,0.000000,-0.453940,270300.000000,False
1918,5007,Yangtszepoo Cotton Mill Limited (Preference),Cotton,Cotton & Textiles,110.700000,106.000000,5000.000000,,0.044340,0.000000,0.044340,530000.000000,False
1918,5008,"Oriental C.S.Co., Ld",Cotton,Cotton & Textiles,71.340000,45.580000,20000.000000,,0.565160,0.000000,0.565160,911600.000000,False
1918,6028,"Permata Rubber Estates, Ld",Plantations,Rubber Plantations,3.075000,3.180000,50000.000000,0.615000,-0.033019,0.193396,0.160377,159000.000000,False
1918,6030,"Samagaga Rubber Co., Ld",Plantations,Rubber Plantations,1.045500,0.927500,600000.000000,,0.127224,0.000000,0.127224,556500.000000,False
1918,6031,"See Kee Rubber Estates, Ld",Plantations,Rubber Plantations,1.230000,6.360000,30000.000000,,-0.806604,0.000000,-0.806604,190800.000000,False
1918,6032,"Semambu Rubber Estate, Ld",Plantations,Rubber Plantations,1.107000,1.166000,300000.000000,0.123000,-0.050600,0.105489,0.054889,349800.000000,False
1918,6034,"Shanghai Klebang Rubber Estate, Ld",Plantations,Rubber Plantations,0.615000,0.980500,315000.000000,0.147600,-0.372769,0.150535,-0.222234,308857.500000,False
1918,6035,"Shanghai-Malay Rubber Estates, Ld",Plantations,Rubber Plantations,7.380000,7.420000,30000.000000,,-0.005391,0.000000,-0.005391,222600.000000,False
1918,6038,"Sua Manggis Rubber Co., Ld",Plantations,Rubber Plantations,4.797000,7.155000,56000.000000,0.922500,-0.329560,0.128931,-0.200629,400680.000000,False
1918,6039,"Sungala Rubber Estate, Ld",Plantations,Rubber Plantations,1.230000,1.643000,60000.000000,,-0.251369,0.000000,-0.251369,98580.000000,False
1918,6040,"Sungei Duri Rubber Estate, Ld",Plantations,Rubber Plantations,8.917500,9.540000,40000.000000,1.230000,-0.065252,0.128931,0.063679,381600.000000,False
1918,6042,"Tanah Merah Estate, Ld",Plantations,Rubber Plantations,1.168500,1.033500,750000.000000,,0.130624,0.000000,0.130624,775125.000000,False
1918,6043,"Taiping Rubber Estates, Ld",Plantations,Rubber Plantations,1.537500,1.325000,200000.000000,0.307500,0.160377,0.232075,0.392453,265000.000000,False
1918,6045,"Ulobri Rubber Co., Ld",Plantations,Rubber Plantations,3.075000,2.650000,32000.000000,,0.160377,0.000000,0.160377,84800.000000,False
1918,6046,"Ziangbe Rubber Co., Ld",Plantations,Rubber Plantations,6.088500,5.300000,300000.000000,0.615000,0.148774,0.116038,0.264811,1590000.000000,False
1918,6051,"Shanghai-Malay Rubber Estates, Ld (Preference)",Plantations,Rubber Plantations,12.300000,11.766000,30000.000000,,0.045385,0.000000,0.045385,352980.000000,False
1918,6052,"Shanghai-Pahang Rubber Estates, Ld",Plantations,Rubber Plantations,1.537500,1.643000,200000.000000,0.233700,-0.064212,0.142240,0.078028,328600.000000,False
1918,6053,Shanghai-Kelantan Rubber Estate,Plantations,Rubber Plantations,0.738000,0.742000,340000.000000,,-0.005391,0.000000,-0.005391,252280.000000,False
1918,6054,Shanghai Seremban Rubber Estates Ld,Plantations,Rubber Plantations,1.045500,0.795000,325000.000000,,0.315094,0.000000,0.315094,258375.000000,False
1918,6056,"Repah Rubber Estate, Ld",Plantations,Rubber Plantations,1.014750,0.954000,275000.000000,,0.063679,0.000000,0.063679,262350.000000,False
1918,6070,"New Amherst Rubber Estate, Ld",Plantations,Rubber Plantations,0.615000,1.060000,200000.000000,,-0.419811,0.000000,-0.419811,212000.000000,False
1918,2501,"Ewo Cotton Sp. & W. Co., Ld",Cotton,Cotton & Textiles,227.550000,191.860000,20000.000000,,0.186021,0.000000,0.186021,3837200.000000,False
1918,2503,"Laou-kung-mow Cotton Spinning and Weaving Co., Ld",Cotton,Cotton & Textiles,153.750000,68.900000,8000.000000,,1.231495,0.000000,1.231495,551200.000000,False
1918,2003,"Wei-hai-wei Land & B.Co., Ld",Real Estate,Land & Property,3.690000,3.180000,3674.000000,,0.160377,0.000000,0.160377,11683.320000,False
1918,2516,"S. Moutrie & Co., Ld",Miscellaneous,Retail & Stores,31.426500,27.083000,10000.000000,,0.160377,0.000000,0.160377,270830.000000,False
1918,2006,"Anglo-French Land Invest Co., Ld",Real Estate,Land & Property,98.400000,80.560000,18000.000000,,0.221450,0.000000,0.221450,1450080.000000,False
1918,2007,"China Realty Co., Ld (Ordinary)",Real Estate,Land & Property,61.500000,53.000000,2000.000000,,0.160377,0.000000,0.160377,106000.000000,False
1918,2008,"China Realty Co., Ld (Preference)",Real Estate,Land & Property,61.500000,53.000000,18000.000000,,0.160377,0.000000,0.160377,954000.000000,False
1918,2522,"Butler Tile Works, Ld",Industrial,Cement & Building,28.290000,24.380000,1200.000000,,0.160377,0.000000,0.160377,29256.000000,False
1918,2525,"Senawang Rubber Estates Co., Ld",Plantations,Rubber Plantations,10.147500,12.720000,75000.000000,,-0.202241,0.000000,-0.202241,954000.000000,False
1918,2526,"Shanghai Electric Construction Co., Ld",Miscellaneous,Utilities,81.180000,69.960000,32000.000000,,0.160377,0.000000,0.160377,2238720.000000,False
1918,1007,"Shanghai Waterworks Co.,Ld.",Industrial,Utilities,209.100000,198.750000,20000.000000,,0.052075,0.000000,0.052075,3975000.000000,False
1918,1013,Hall & Holtz Ld,Miscellaneous,Retail & Stores,12.121650,10.833200,28000.000000,,0.118935,0.000000,0.118935,303329.600000,False
1918,502,"North-China Ins. Co., Ld",Insurance,General Insurance,144.832500,121.900000,10000.000000,7.136250,0.188126,0.058542,0.246667,1219000.000000,False
1918,503,Union In. Society of Canton Limited,Insurance,General Insurance,763.215000,588.088000,12400.000000,53.874000,0.297790,0.091609,0.389399,7292291.200000,False
1918,504,Yangtsze Insurance Association,Insurance,General Insurance,179.580000,158.629000,12000.000000,16.162200,0.132075,0.101887,0.233962,1903548.000000,False
1918,1017,"Shanghai Land Investment Co., Ld",Real Estate,Land & Property,84.870000,74.200000,78000.000000,,0.143801,0.000000,0.143801,5787600.000000,False
1918,1018,"J. Llewellyn & Co., Ld",Miscellaneous,Retail & Stores,55.669800,48.362500,1200.000000,,0.151094,0.000000,0.151094,58035.000000,False
1918,1020,"Major Brothers, Limited",Industrial,General Miscellaneous,12.300000,3.869000,6000.000000,,2.179116,0.000000,2.179116,23214.000000,False
1918,1022,"Shanghai-Sumatra Tobacco Co., Ld",Plantations,Other Plantations,138.375000,76.850000,30000.000000,,0.800586,0.000000,0.800586,2305500.000000,False
1919,1029,"Shanghai Gas Co., Ld",Industrial,Utilities,25.275000,29.520000,24000.000000,,-0.143801,0.000000,-0.143801,708480.000000,False
1919,1043,"Shanghai Mercury, Ld",Miscellaneous,Printing & Media,42.125000,36.900000,2100.000000,,0.141599,0.000000,0.141599,77490.000000,False
1919,1045,"Shanghai Mutual Telephone Co., Ld",Miscellaneous,Utilities,116.265000,97.170000,20000.000000,,0.196511,0.000000,0.196511,1943400.000000,False
1919,1050,"Maatschappij Co., in Langkat (Comb)",Industrial,General Miscellaneous,26.117500,26.445000,250000.000000,,-0.012384,0.000000,-0.012384,6611250.000000,False
1919,1051,"Weeks & Co., Ld",Miscellaneous,Retail & Stores,13.838063,12.121650,30000.000000,,0.141599,0.000000,0.141599,363649.500000,False
1919,1058,"Shanghai Electric and Asbestos Co., Ld",Industrial,Utilities,3.690150,1.795800,8000.000000,,1.054878,0.000000,1.054878,14366.400000,False
1919,1060,"Lane, Crawford & Co., Ld",Miscellaneous,Retail & Stores,108.244400,85.300500,2500.000000,,0.268977,0.000000,0.268977,213251.250000,False
1919,1064,"Culty Dairy Co., Ltd",Miscellaneous,Food & Beverage,20.220000,13.530000,10000.000000,,0.494457,0.000000,0.494457,135300.000000,False
1919,606,"Far Eastern Insurance Co., Ld",Insurance,General Insurance,37.070000,32.595000,50000.000000,,0.137291,0.000000,0.137291,1629750.000000,False
1919,106,Hongkong & Shanghai Banking Corporation,Banking,Banks,528.921500,579.145500,120000.000000,,-0.086721,0.000000,-0.086721,69497460.000000,False
1919,118,Chartered Bank of I.A. & C.,Banking,Banks,303.200000,371.085000,60000.000000,,-0.182937,0.000000,-0.182937,22265100.000000,False
1919,703,Shanghai & H'kew Wharf Co.,Docks & Wharves,Wharves & Godowns,219.050000,116.850000,40000.000000,,0.874626,0.000000,0.874626,4674000.000000,False
1919,709,"Shanghai Dock & Engineering Co., Ld",Docks & Wharves,Wharves & Godowns,202.200000,164.820000,55700.000000,23.590000,0.226793,0.143126,0.369919,9180474.000000,False
1919,710,New England and Shipbuilding Works,Docks & Wharves,Wharves & Godowns,47.180000,30.750000,150000.000000,,0.534309,0.000000,0.534309,4612500.000000,False
1919,225,"Shanghai Tug & Lighter Co., Ld (ordinary shares)",Shipping,Tugs & Lighters,69.085000,41.205000,20000.000000,,0.676617,0.000000,0.676617,824100.000000,False
1919,226,"Shanghai Tug & Lighter Co., Ld (preference shares)",Shipping,Tugs & Lighters,62.345000,46.125000,10000.000000,,0.351653,0.000000,0.351653,461250.000000,False
1919,228,Indo-China Steam Nav. Co. (deferred),Shipping,Steam Navigation,237.120000,139.623450,60000.000000,,0.698282,0.000000,0.698282,8377407.000000,False
1919,9000,"The Shanghai Hotels, Ld (ordinary)",Miscellaneous,Hotels,22.140900,12.570600,50123.000000,,0.761324,0.000000,0.761324,630076.183800,False
1919,817,"Chinese Engineering & Mining Co., Ld (Bearer)",Mining,General Mining,23.590000,12.300000,1000000.000000,,0.917886,0.000000,0.917886,12300000.000000,False
1919,306,Hongkong & W'pao Dock Co. Ld,Docks & Wharves,Wharves & Godowns,168.000000,143.664000,60000.000000,6.150250,0.169395,0.042810,0.212205,8619840.000000,False
1919,6001,"Chempedak Rubber & Gambier Estate, Ld",Plantations,Rubber Plantations,10.110000,9.225000,35000.000000,1.685000,0.095935,0.182656,0.278591,322875.000000,False
1919,6002,"Alma Estates, Ld",Plantations,Rubber Plantations,11.795000,9.840000,70000.000000,,0.198679,0.000000,0.198679,688800.000000,False
1919,6003,Kroewek Java Plantations Ld,Plantations,Rubber Plantations,16.007500,19.680000,70000.000000,,-0.186611,0.000000,-0.186611,1377600.000000,False
1919,6005,Tebong Rubber & Tapoica Estate Co,Plantations,Rubber Plantations,21.905000,18.450000,76000.000000,,0.187263,0.000000,0.187263,1402200.000000,False
1919,6006,"Dominion Rubber Co., Ld",Plantations,Rubber Plantations,10.110000,9.225000,350000.000000,,0.095935,0.000000,0.095935,3228750.000000,False
1919,6007,"Ayer Tawah Rubber Plantation Co., Ld",Plantations,Rubber Plantations,36.227500,22.140000,30000.000000,,0.636292,0.000000,0.636292,664200.000000,False
1919,6009,"Anglo-Dutch (Java) Plantations, Ld",Plantations,Rubber Plantations,4.212500,4.920000,400000.000000,,-0.143801,0.000000,-0.143801,1968000.000000,False
1919,6010,"Anglo-Java Estates, Ld",Plantations,Rubber Plantations,12.469000,8.917500,500000.000000,,0.398262,0.000000,0.398262,4458750.000000,False
1919,6011,"Batu Annam (Johore) Rubber Estate, Ld",Plantations,Rubber Plantations,0.926750,0.861000,400000.000000,0.168500,0.076365,0.195703,0.272067,344400.000000,False
1919,6012,"Bukit Toh Alang Rubber Estate, Ld",Plantations,Rubber Plantations,2.527500,2.460000,100000.000000,0.842500,0.027439,0.342480,0.369919,246000.000000,False
1919,6013,"Bute Plantations (1918), Ld",Plantations,Rubber Plantations,0.674000,0.984000,300000.000000,0.168500,-0.315041,0.171240,-0.143801,295200.000000,False
1919,6014,"Chemor United Rubber Co., Ld",Plantations,Rubber Plantations,0.842500,1.260750,400000.000000,0.254014,-0.331747,0.201478,-0.130269,504300.000000,False
1919,6015,"Cheng Rubber Estates, Ld",Plantations,Rubber Plantations,2.527500,2.583000,135000.000000,,-0.021487,0.000000,-0.021487,348705.000000,False
1919,6016,"Consolidated Rubber Estates, Ld",Plantations,Rubber Plantations,4.633750,3.198000,500000.000000,,0.448952,0.000000,0.448952,1599000.000000,False
1919,6017,"Gula Kalumpong Rubber Estates, Ld",Plantations,Rubber Plantations,9.267500,7.687500,500000.000000,,0.205528,0.000000,0.205528,3843750.000000,False
1919,6019,"Java Consolidated Rubber Co., Ld",Plantations,Rubber Plantations,19.377500,18.450000,85000.000000,,0.050271,0.000000,0.050271,1568250.000000,False
1919,6020,"Kamunting Rubber Co., Ld",Plantations,Rubber Plantations,5.055000,7.072500,85000.000000,,-0.285260,0.000000,-0.285260,601162.500000,False
1919,6021,"Kapala Islands Estates, Ld",Plantations,Rubber Plantations,1.011000,0.615000,300000.000000,,0.643902,0.000000,0.643902,184500.000000,False
1919,6022,"Karan Rubber Estate Co., Ld",Plantations,Rubber Plantations,13.648500,12.607500,25500.000000,,0.082570,0.000000,0.082570,321491.250000,False
1919,6023,"Kotah Bahroe Rubber Estates, Ld",Plantations,Rubber Plantations,7.582500,6.765000,130000.000000,1.685000,0.120843,0.249076,0.369919,879450.000000,False
1919,5001,"Shanghai Cotton Manufacturing Co., Ld",Cotton,Cotton & Textiles,513.925000,172.200000,40000.000000,,1.984466,0.000000,1.984466,6888000.000000,False
1919,5002,"Ewo Cotton Sp. & W. Co., Ld (preference)",Cotton,Cotton & Textiles,143.225000,119.925000,5000.000000,,0.194288,0.000000,0.194288,599625.000000,False
1919,5003,"Kung Yik C.S & W. Co., Ld",Cotton,Cotton & Textiles,92.675000,18.450000,100000.000000,,4.023035,0.000000,4.023035,1845000.000000,False
1919,6026,"Padang Rubber Estates, Ld",Plantations,Rubber Plantations,14.322500,13.530000,50000.000000,,0.058574,0.000000,0.058574,676500.000000,False
1919,5005,Yangtszepoo Cotton Mill Limited (A),Cotton,Cotton & Textiles,53.920000,9.717000,200000.000000,,4.549038,0.000000,4.549038,1943400.000000,False
1919,6027,"Pengkalan Durian Estate, Ld",Plantations,Rubber Plantations,6.740000,4.920000,30000.000000,,0.369919,0.000000,0.369919,147600.000000,False
1919,5007,Yangtszepoo Cotton Mill Limited (Preference),Cotton,Cotton & Textiles,143.225000,110.700000,5000.000000,,0.293812,0.000000,0.293812,553500.000000,False
1919,5008,"Oriental C.S.Co., Ld",Cotton,Cotton & Textiles,488.650000,71.340000,20000.000000,,5.849593,0.000000,5.849593,1426800.000000,True
1919,6028,"Permata Rubber Estates, Ld",Plantations,Rubber Plantations,4.212500,3.075000,50000.000000,0.842500,0.369919,0.273984,0.643902,153750.000000,False
1919,6030,"Samagaga Rubber Co., Ld",Plantations,Rubber Plantations,0.926750,1.045500,600000.000000,,-0.113582,0.000000,-0.113582,627300.000000,False
1919,6031,"See Kee Rubber Estates (1918), Ld",Plantations,Rubber Plantations,1.685000,1.230000,30000.000000,,0.369919,0.000000,0.369919,36900.000000,False
1919,6032,"Semambu Rubber Estate, Ld",Plantations,Rubber Plantations,1.263750,1.107000,300000.000000,0.168500,0.141599,0.152213,0.293812,332100.000000,False
1919,6034,"Shanghai Klebang Rubber Estate, Ld",Plantations,Rubber Plantations,0.842500,0.615000,315000.000000,0.202200,0.369919,0.328780,0.698699,193725.000000,False
1919,6035,"Shanghai-Malay Rubber Estates, Ld",Plantations,Rubber Plantations,13.480000,7.380000,30000.000000,,0.826558,0.000000,0.826558,221400.000000,False
1919,6038,"Sua Manggis Rubber Co., Ld",Plantations,Rubber Plantations,5.476250,4.797000,56000.000000,,0.141599,0.000000,0.141599,268632.000000,False
1919,6039,"Sungala Rubber Estate, Ld",Plantations,Rubber Plantations,1.685000,1.230000,60000.000000,,0.369919,0.000000,0.369919,73800.000000,False
1919,6040,"Sungei Duri Rubber Estate, Ld",Plantations,Rubber Plantations,10.110000,8.917500,40000.000000,,0.133726,0.000000,0.133726,356700.000000,False
1919,6042,"Tanah Merah Estate, Ld",Plantations,Rubber Plantations,1.011000,1.168500,750000.000000,,-0.134788,0.000000,-0.134788,876375.000000,False
1919,6043,"Taiping Rubber Estates, Ld",Plantations,Rubber Plantations,1.685000,1.537500,200000.000000,0.421250,0.095935,0.273984,0.369919,307500.000000,False
1919,6045,"Ulobri Rubber Co., Ld",Plantations,Rubber Plantations,4.212500,3.075000,32000.000000,,0.369919,0.000000,0.369919,98400.000000,False
1919,6046,"Ziangbe Rubber Co., Ld",Plantations,Rubber Plantations,5.476250,6.088500,300000.000000,,-0.100558,0.000000,-0.100558,1826550.000000,False
1919,6051,"Shanghai-Malay Rubber Estates, Ld (Preference)",Plantations,Rubber Plantations,13.480000,12.300000,30000.000000,,0.095935,0.000000,0.095935,369000.000000,False
1919,6052,"Shanghai-Pahang Rubber Estates, Ld",Plantations,Rubber Plantations,2.527500,1.537500,200000.000000,0.320150,0.643902,0.208228,0.852130,307500.000000,False
1919,6053,Shanghai-Kelantan Rubber Estate,Plantations,Rubber Plantations,0.842500,0.738000,340000.000000,,0.141599,0.000000,0.141599,250920.000000,False
1919,6054,Shanghai Seremban Rubber Estates Ld,Plantations,Rubber Plantations,1.011000,1.045500,325000.000000,,-0.032999,0.000000,-0.032999,339787.500000,False
1919,6056,"Repah Rubber Estate, Ld",Plantations,Rubber Plantations,1.390125,1.014750,275000.000000,,0.369919,0.000000,0.369919,279056.250000,False
1919,6070,"New Amherst Rubber Estate, Ld",Plantations,Rubber Plantations,0.842500,0.615000,200000.000000,,0.369919,0.000000,0.369919,123000.000000,False
1919,6071,"Kapayang Rubber Estates Co., Ld",Plantations,Rubber Plantations,16.850000,19.680000,15000.000000,,-0.143801,0.000000,-0.143801,295200.000000,False
1919,2501,"Ewo Cotton Sp. & W. Co., Ld",Cotton,Cotton & Textiles,901.475000,227.550000,20000.000000,,2.961657,0.000000,2.961657,4551000.000000,False
1919,2503,"Laou-kung-mow Cotton Spinning and Weaving Co., Ld",Cotton,Cotton & Textiles,589.750000,153.750000,8000.000000,,2.835772,0.000000,2.835772,1230000.000000,False
1919,2003,"Wei-hai-wei Land & B.Co., Ld",Real Estate,Land & Property,9.267500,3.690000,3674.000000,,1.511518,0.000000,1.511518,13557.060000,False
1919,2516,"S. Moutrie & Co., Ld",Miscellaneous,Retail & Stores,38.131550,31.426500,10000.000000,,0.213357,0.000000,0.213357,314265.000000,False
1919,2517,"Green Island Cement Co., Ld",Industrial,Cement & Building,6.720000,10.762500,400000.000000,,-0.375610,0.000000,-0.375610,4305000.000000,False
1919,2006,"Anglo-French Land Invest Co., Ld",Real Estate,Land & Property,113.737500,98.400000,18000.000000,,0.155869,0.000000,0.155869,1771200.000000,False
1919,2007,"China Realty Co., Ld (Ordinary)",Real Estate,Land & Property,84.250000,61.500000,2000.000000,,0.369919,0.000000,0.369919,123000.000000,False
1919,2008,"China Realty Co., Ld (Preference)",Real Estate,Land & Property,84.250000,61.500000,18000.000000,,0.369919,0.000000,0.369919,1107000.000000,False
1919,2522,"Butler Tile Works, Ld",Industrial,Cement & Building,38.755000,28.290000,1200.000000,,0.369919,0.000000,0.369919,33948.000000,False
1919,2525,"Senawang Rubber Estates Co., Ld",Plantations,Rubber Plantations,13.480000,10.147500,75000.000000,,0.328406,0.000000,0.328406,761062.500000,False
1919,2526,"Shanghai Electric Construction Co., Ld",Miscellaneous,Utilities,105.312500,81.180000,32000.000000,,0.297271,0.000000,0.297271,2597760.000000,False
1919,1007,"Shanghai Waterworks Co.,Ld.",Industrial,Utilities,275.918750,209.100000,50000.000000,,0.319554,0.000000,0.319554,10455000.000000,False
1919,1013,Hall & Holtz Ld,Miscellaneous,Retail & Stores,15.068112,12.121650,28000.000000,,0.243074,0.000000,0.243074,339406.200000,False
1919,502,"North-China Ins. Co., Ld",Insurance,General Insurance,337.000000,144.832500,10000.000000,,1.326826,0.000000,1.326826,1448325.000000,False
1919,503,Union In. Society of Canton Limited,Insurance,General Insurance,172.800000,763.215000,16000.000000,86.103500,-0.773589,0.112817,-0.660773,12211440.000000,False
1919,504,Yangtsze Insurance Association,Insurance,General Insurance,332.113500,179.580000,12000.000000,22.140900,0.849390,0.123293,0.972683,2154960.000000,False
1919,1017,"Shanghai Land Investment Co., Ld",Real Estate,Land & Property,106.155000,84.870000,78000.000000,,0.250795,0.000000,0.250795,6619860.000000,False
1919,1018,"J. Llewellyn & Co., Ld",Miscellaneous,Retail & Stores,36.901500,55.669800,1200.000000,,-0.337136,0.000000,-0.337136,66803.760000,False
1919,1019,"Shanghai House Bazzar & Motor, Co., Ld",Miscellaneous,General Miscellaneous,67.400000,40.590000,5400.000000,,0.660508,0.000000,0.660508,219186.000000,False
1919,1020,"Major Brothers, Limited",Industrial,General Miscellaneous,8.425000,12.300000,6000.000000,,-0.315041,0.000000,-0.315041,73800.000000,False
1919,1022,"Shanghai-Sumatra Tobacco Co., Ld",Plantations,Other Plantations,210.625000,138.375000,30000.000000,,0.522132,0.000000,0.522132,4151250.000000,False
1920,512,Canton Insurance Office,Insurance,General Insurance,210.937500,384.000000,10000.000000,6.351000,-0.450684,0.016539,-0.434145,3840000.000000,False
1920,1029,"Shanghai Gas Co., Ld",Industrial,Utilities,11.600000,25.275000,24000.000000,1.450000,-0.541048,0.057369,-0.483680,606600.000000,False
1920,1033,China Sugar Refining Co. Ld,Industrial,Sugar,117.562500,185.280000,20000.000000,13.231250,-0.365487,0.071412,-0.294075,3705600.000000,False
1920,1043,"Shanghai Mercury, Ld",Miscellaneous,Printing & Media,18.125000,42.125000,2100.000000,1.087500,-0.569733,0.025816,-0.543917,88462.500000,False
1920,1045,"Shanghai Mutual Telephone Co., Ld",Miscellaneous,Utilities,56.550000,116.265000,20000.000000,2.900000,-0.513611,0.024943,-0.488668,2325300.000000,False
1920,1050,"Maatschappij Co., in Langkat (Comb)",Industrial,General Miscellaneous,10.150000,26.117500,250000.000000,,-0.611372,0.000000,-0.611372,6529375.000000,False
1920,1051,"Weeks & Co., Ld",Miscellaneous,Retail & Stores,5.821750,13.838063,30000.000000,0.846800,-0.579294,0.061194,-0.518101,415141.875000,False
1920,1054,"China Import & Export Lumber Co., Ld",Industrial,General Miscellaneous,253.750000,589.750000,5000.000000,5.800000,-0.569733,0.009835,-0.559898,2948750.000000,False
1920,1058,"Shanghai Electric and Asbestos Co., Ld",Industrial,Utilities,1.058500,3.690150,8000.000000,1.058500,-0.713155,0.286845,-0.426311,29521.200000,False
1920,1060,"Lane, Crawford & Co., Ld",Miscellaneous,Retail & Stores,42.340000,108.244400,2500.000000,5.292500,-0.608848,0.048894,-0.559954,270611.000000,False
1920,1064,"Culty Dairy Co., Ltd",Miscellaneous,Food & Beverage,8.700000,20.220000,10000.000000,1.087500,-0.569733,0.053783,-0.515950,202200.000000,False
1920,602,"China Fire In. Co.,Limited",Insurance,General Insurance,70.312500,232.530000,20000.000000,3.704750,-0.697620,0.015932,-0.681687,4650600.000000,False
1920,606,"Far Eastern Insurance Co., Ld",Insurance,General Insurance,14.500000,37.070000,50000.000000,0.870000,-0.608848,0.023469,-0.585379,1853500.000000,False
1920,607,Assurance Franco-Asiatique,Insurance,General Insurance,7.325000,13.237500,6000.000000,,-0.446648,0.000000,-0.446648,79425.000000,False
1920,106,Hongkong & Shanghai Banking Corporation,Banking,Banks,423.400000,528.921500,120000.000000,10.530000,-0.199503,0.019908,-0.179595,63470580.000000,False
1920,118,Chartered Bank of I.A. & C.,Banking,Banks,250.965000,303.200000,60000.000000,9.828000,-0.172279,0.032414,-0.139865,18192000.000000,False
1920,703,Shanghai & H'kew Wharf Co.,Docks & Wharves,Wharves & Godowns,97.875000,219.050000,40000.000000,6.162500,-0.553184,0.028133,-0.525051,8762000.000000,False
1920,709,"Shanghai Dock & Engineering Co., Ld",Docks & Wharves,Wharves & Godowns,88.450000,202.200000,55700.000000,10.875000,-0.562562,0.053783,-0.508778,11262540.000000,False
1920,710,"New England and Shipbuilding Works., Ld",Docks & Wharves,Wharves & Godowns,17.037500,47.180000,150000.000000,0.725000,-0.638883,0.015367,-0.623516,7077000.000000,False
1920,225,"Shanghai Tug & Lighter Co., Ld (ordinary shares)",Shipping,Tugs & Lighters,36.250000,69.085000,20000.000000,5.075000,-0.475284,0.073460,-0.401824,1381700.000000,False
1920,226,"Shanghai Tug & Lighter Co., Ld (preference shares)",Shipping,Tugs & Lighters,25.375000,62.345000,10000.000000,2.537500,-0.592991,0.040701,-0.552290,623450.000000,False
1920,228,Indo-China Steam Nav. Co. (deferred),Shipping,Steam Navigation,104.062500,237.120000,60000.000000,8.775000,-0.561140,0.037007,-0.524133,14227200.000000,False
1920,236,Indo-China Steam Nav. Co.(preference),Shipping,Steam Navigation,10.125000,19.200000,60000.000000,0.526500,-0.472656,0.027422,-0.445234,1152000.000000,False
1920,817,"Chinese Engineering & Mining Co., Ld (Bearer)",Mining,General Mining,18.125000,23.590000,1000000.000000,0.351000,-0.231666,0.014879,-0.216787,23590000.000000,False
1920,306,Hongkong & W'pao Dock Co. Ld,Docks & Wharves,Wharves & Godowns,89.718750,168.000000,60000.000000,2.117000,-0.465960,0.012601,-0.453359,10080000.000000,False
1920,820,"Oriental Consolidated Mining Co., Ld",Mining,General Mining,2.106000,4.737500,500000.000000,0.250000,-0.555462,0.052770,-0.502691,2368750.000000,False
1920,821,"Shanghai Exploration & Development Co., Ld",Mining,General Mining,2.900000,5.897500,250000.000000,,-0.508266,0.000000,-0.508266,1474375.000000,False
1920,8001,"Shanghai Loan & Investment Co., Ld",Miscellaneous,General Miscellaneous,3.625000,11.795000,250000.000000,0.217500,-0.692666,0.018440,-0.674226,2948750.000000,False
1920,6001,"Chempedak Rubber & Gambier Estate, Ld",Plantations,Rubber Plantations,3.625000,10.110000,35000.000000,0.725000,-0.641444,0.071711,-0.569733,353850.000000,False
1920,6002,"Alma Estates, Ld",Plantations,Rubber Plantations,3.625000,11.795000,70000.000000,0.326250,-0.692666,0.027660,-0.665006,825650.000000,False
1920,6003,Kroewek Java Plantations Ld,Plantations,Rubber Plantations,9.425000,16.007500,70000.000000,1.087500,-0.411213,0.067937,-0.343277,1120525.000000,False
1920,6005,Tebong Rubber & Tapoica Estate Co,Plantations,Rubber Plantations,9.425000,21.905000,76000.000000,1.087500,-0.569733,0.049646,-0.520087,1664780.000000,False
1920,6006,"Dominion Rubber Co., Ld",Plantations,Rubber Plantations,2.537500,10.110000,350000.000000,0.290000,-0.749011,0.028684,-0.720326,3538500.000000,False
1920,6007,"Ayer Tawah Rubber Plantation Co., Ld",Plantations,Rubber Plantations,15.225000,36.227500,30000.000000,1.450000,-0.579739,0.040025,-0.539714,1086825.000000,False
1920,6009,"Anglo-Dutch (Java) Plantations, Ld",Plantations,Rubber Plantations,1.812500,4.212500,400000.000000,0.217500,-0.569733,0.051632,-0.518101,1685000.000000,False
1920,6010,"Anglo-Java Estates, Ld",Plantations,Rubber Plantations,4.350000,12.469000,500000.000000,0.543750,-0.651135,0.043608,-0.607527,6234500.000000,False
1920,6011,"Batu Annam (Johore) Rubber Estate, Ld",Plantations,Rubber Plantations,0.507500,0.926750,400000.000000,0.036250,-0.452387,0.039115,-0.413272,370700.000000,False
1920,6012,"Bukit Toh Alang Rubber Estate, Ld",Plantations,Rubber Plantations,1.450000,2.527500,100000.000000,0.181250,-0.426311,0.071711,-0.354599,252750.000000,False
1920,6013,"Bute Plantations (1913), Ld",Plantations,Rubber Plantations,0.435000,0.674000,300000.000000,0.036250,-0.354599,0.053783,-0.300816,202200.000000,False
1920,6014,"Chemor United Rubber Co., Ld",Plantations,Rubber Plantations,0.362500,0.842500,400000.000000,0.036250,-0.569733,0.043027,-0.526706,337000.000000,False
1920,6015,"Cheng Rubber Estates, Ld",Plantations,Rubber Plantations,0.906250,2.527500,135000.000000,0.145000,-0.641444,0.057369,-0.584075,341212.500000,False
1920,6016,"Consolidated Rubber Estates (1914), Ld",Plantations,Rubber Plantations,1.450000,4.633750,500000.000000,0.087000,-0.687079,0.018775,-0.668303,2316875.000000,False
1920,6017,"Gula Kalumpong Rubber Estates, Ld",Plantations,Rubber Plantations,3.443750,9.267500,500000.000000,0.526500,-0.628406,0.056811,-0.571594,4633750.000000,False
1920,6019,"Java Consolidated Rubber Co., Ld",Plantations,Rubber Plantations,9.425000,19.377500,85000.000000,1.087500,-0.513611,0.056122,-0.457489,1647087.500000,False
1920,6020,"Kamunting Rubber Co., Ld",Plantations,Rubber Plantations,1.268750,5.055000,85000.000000,0.290000,-0.749011,0.057369,-0.691642,429675.000000,False
1920,6021,"Kapala Islands Estates, Ld (1912)",Plantations,Rubber Plantations,0.145000,1.011000,300000.000000,,-0.856578,0.000000,-0.856578,303300.000000,False
1920,6022,"Karan Rubber Estate Co., Ld",Plantations,Rubber Plantations,5.075000,13.648500,25500.000000,0.362500,-0.628164,0.026560,-0.601605,348036.750000,False
1920,6023,"Kotah Bahroe Rubber Estates, Ld",Plantations,Rubber Plantations,2.175000,7.582500,130000.000000,0.725000,-0.713155,0.095615,-0.617540,985725.000000,False
1920,5001,"Shanghai Cotton Manufacturing Co., Ld",Cotton,Cotton & Textiles,79.750000,513.925000,40000.000000,53.287500,-0.844822,0.103687,-0.741134,20557000.000000,False
1920,5002,"Ewo Cotton Sp. & W. Co., Ld (preference)",Cotton,Cotton & Textiles,61.625000,143.225000,5000.000000,5.075000,-0.569733,0.035434,-0.534299,716125.000000,False
1920,5003,"Kung Yik C.S & W. Co., Ld",Cotton,Cotton & Textiles,35.525000,92.675000,100000.000000,4.350000,-0.616671,0.046938,-0.569733,9267500.000000,False
1920,6026,"Padang Rubber Estates, Ld",Plantations,Rubber Plantations,4.712500,14.322500,50000.000000,0.362500,-0.670972,0.025310,-0.645662,716125.000000,False
1920,5005,Yangtszepoo Cotton Mill Limited (A),Cotton,Cotton & Textiles,17.400000,53.920000,200000.000000,0.906250,-0.677300,0.016807,-0.660492,10784000.000000,False
1920,6027,"Pengkalan Durian Estate, Ld",Plantations,Rubber Plantations,2.175000,6.740000,30000.000000,0.253750,-0.677300,0.037648,-0.639651,202200.000000,False
1920,5007,Yangtszepoo Cotton Mill Limited (Preference),Cotton,Cotton & Textiles,58.000000,143.225000,5000.000000,5.075000,-0.595043,0.035434,-0.559609,716125.000000,False
1920,5008,"Oriental C.S. & W Co., Ld",Cotton,Cotton & Textiles,11.600000,488.650000,20000.000000,10.875000,-0.976261,0.022255,-0.954006,9773000.000000,True
1920,6028,"Permata Rubber Estates, Ld",Plantations,Rubber Plantations,0.725000,4.212500,50000.000000,0.362500,-0.827893,0.086053,-0.741840,210625.000000,False
1920,6030,"Samagaga Rubber Co., Ld",Plantations,Rubber Plantations,0.471250,0.926750,600000.000000,0.036250,-0.491503,0.039115,-0.452387,556050.000000,False
1920,6031,"See Kee Rubber Estates (1918), Ld",Plantations,Rubber Plantations,0.725000,1.685000,30000.000000,,-0.569733,0.000000,-0.569733,50550.000000,False
1920,6032,"Semambu Rubber Estate, Ld",Plantations,Rubber Plantations,0.471250,1.263750,100000.000000,0.362500,-0.627102,0.286845,-0.340257,126375.000000,False
1920,6034,"Shanghai Klebang Rubber Estate, Ld",Plantations,Rubber Plantations,0.398750,0.842500,315000.000000,0.036250,-0.526706,0.043027,-0.483680,265387.500000,False
1920,6035,"Shanghai-Malay Rubber Estates, Ld",Plantations,Rubber Plantations,2.175000,13.480000,30000.000000,0.362500,-0.838650,0.026892,-0.811758,404400.000000,False
1920,6038,"Sua Manggis Rubber Co., Ld",Plantations,Rubber Plantations,2.537500,5.476250,56000.000000,0.181250,-0.536635,0.033097,-0.503538,306670.000000,False
1920,6039,"Sungala Rubber Estate, Ld",Plantations,Rubber Plantations,0.362500,1.685000,60000.000000,0.072500,-0.784866,0.043027,-0.741840,101100.000000,False
1920,6040,"Sungei Duri Rubber Estate, Ld",Plantations,Rubber Plantations,4.712500,10.110000,40000.000000,0.362500,-0.533877,0.035856,-0.498022,404400.000000,False
1920,6042,"Tanah Merah Estate (1916), Ld",Plantations,Rubber Plantations,0.580000,1.011000,750000.000000,0.036250,-0.426311,0.035856,-0.390455,758250.000000,False
1920,6043,"Taiping Rubber Estates, Ld",Plantations,Rubber Plantations,0.580000,1.685000,200000.000000,0.058000,-0.655786,0.034421,-0.621365,337000.000000,False
1920,6046,"Ziangbe Rubber Co., Ld",Plantations,Rubber Plantations,1.885000,5.476250,300000.000000,0.362500,-0.655786,0.066195,-0.589591,1642875.000000,False
1920,6051,"Shanghai-Malay Rubber Estates, Ld (Preference)",Plantations,Rubber Plantations,7.250000,13.480000,30000.000000,0.580000,-0.462166,0.043027,-0.419139,404400.000000,False
1920,6052,"Shanghai-Pahang Rubber Estates, Ld",Plantations,Rubber Plantations,0.725000,2.527500,200000.000000,0.065250,-0.713155,0.025816,-0.687339,505500.000000,False
1920,6053,Shanghai-Kelantan Rubber Estate,Plantations,Rubber Plantations,0.398750,0.842500,340000.000000,,-0.526706,0.000000,-0.526706,286450.000000,False
1920,6054,Shanghai Seremban Rubber Estates Ld,Plantations,Rubber Plantations,0.435000,1.011000,325000.000000,0.029000,-0.569733,0.028684,-0.541048,328575.000000,False
1920,6056,"Repah Rubber Estate, Ld",Plantations,Rubber Plantations,0.362500,1.390125,275000.000000,,-0.739232,0.000000,-0.739232,382284.375000,False
1920,6070,"New Amherst Rubber Estate, Ld",Plantations,Rubber Plantations,0.362500,0.842500,200000.000000,,-0.569733,0.000000,-0.569733,168500.000000,False
1920,6071,"Kapayang Rubber Estates Co., Ld",Plantations,Rubber Plantations,7.250000,16.850000,15000.000000,0.362500,-0.569733,0.021513,-0.548220,252750.000000,False
1920,2501,"Ewo Cotton Sp. & W. Co., Ld",Cotton,Cotton & Textiles,253.750000,901.475000,20000.000000,49.300000,-0.718517,0.054688,-0.663829,18029500.000000,False
1920,2503,"Laou-kung-mow Cotton Spinning and Weaving Co., Ld",Cotton,Cotton & Textiles,279.125000,589.750000,8000.000000,36.250000,-0.526706,0.061467,-0.465240,4718000.000000,False
1920,2003,"Wei-hai-wei Land & B.Co., Ld",Real Estate,Land & Property,3.987500,9.267500,3674.000000,0.435000,-0.569733,0.046938,-0.522795,34048.795000,False
1920,2516,"S. Moutrie & Co., Ld",Miscellaneous,Retail & Stores,21.170000,38.131550,10000.000000,2.646250,-0.444817,0.069398,-0.375419,381315.500000,False
1920,2517,"Green Island Cement Co., Ld",Industrial,Cement & Building,5.343750,6.720000,400000.000000,0.423400,-0.204799,0.063006,-0.141793,2688000.000000,False
1920,2006,"Anglo-French Land Invest Co., Ld",Real Estate,Land & Property,50.025000,113.737500,18000.000000,4.712500,-0.560171,0.041433,-0.518738,2047275.000000,False
1920,2007,"China Realty Co., Ld (Ordinary)",Real Estate,Land & Property,36.250000,84.250000,2000.000000,2.900000,-0.569733,0.034421,-0.535312,168500.000000,False
1920,2008,"China Realty Co., Ld (Preference)",Real Estate,Land & Property,36.250000,84.250000,18000.000000,2.356250,-0.569733,0.027967,-0.541766,1516500.000000,False
1920,2525,"Senawang Rubber Estates Co., Ld",Plantations,Rubber Plantations,2.537500,13.480000,75000.000000,0.181250,-0.811758,0.013446,-0.798312,1011000.000000,False
1920,2526,"Shanghai Electric Construction Co., Ld",Miscellaneous,Utilities,47.125000,105.312500,32000.000000,2.106000,-0.552522,0.019998,-0.532525,3370000.000000,False
1920,1007,"Shanghai Waterworks Co.,Ld.",Industrial,Utilities,87.000000,275.918750,50000.000000,8.775000,-0.684690,0.031803,-0.652887,13795937.500000,False
1920,1013,Hall & Holtz Ld,Miscellaneous,Retail & Stores,5.292500,15.068112,28000.000000,1.058500,-0.648762,0.070248,-0.578514,421907.150000,False
1920,502,"North-China Ins. Co., Ld",Insurance,General Insurance,110.925000,337.000000,10000.000000,2.632500,-0.670846,0.007812,-0.663034,3370000.000000,False
1920,503,Union In. Society of Canton Limited,Insurance,General Insurance,112.500000,172.800000,200000.000000,2.808000,-0.348958,0.016250,-0.332708,34560000.000000,False
1920,504,Yangtsze Insurance Association,Insurance,General Insurance,11.643500,332.113500,12000.000000,10.585000,-0.964941,0.031872,-0.933070,3985362.000000,True
1920,1017,"Shanghai Land Investment Co., Ld",Real Estate,Land & Property,49.300000,106.155000,78000.000000,3.625000,-0.535585,0.034148,-0.501437,8280090.000000,False
1920,1018,"J. Llewellyn & Co., Ld",Miscellaneous,Retail & Stores,15.877500,36.901500,1200.000000,3.175500,-0.569733,0.086053,-0.483680,44281.800000,False
1920,1019,"Shanghai House Bazzar & Motor, Co., Ld",Miscellaneous,General Miscellaneous,24.650000,67.400000,5400.000000,4.350000,-0.634273,0.064540,-0.569733,363960.000000,False
1920,1020,"Major Brothers, Limited",Industrial,General Miscellaneous,3.625000,8.425000,6000.000000,,-0.569733,0.000000,-0.569733,50550.000000,False
1920,1022,"Shanghai-Sumatra Tobacco Co., Ld",Plantations,Other Plantations,71.050000,210.625000,30000.000000,1.450000,-0.662671,0.006884,-0.655786,6318750.000000,False
1921,512,Canton Insurance Office,Insurance,General Insurance,240.900000,210.937500,10000.000000,9.307500,0.142044,0.044124,0.186169,2109375.000000,False
1921,1029,"Shanghai Gas Co., Ld",Industrial,Utilities,19.500000,11.600000,24000.000000,1.875000,0.681034,0.161638,0.842672,278400.000000,False
1921,1031,"A.S. Watson & Co., Ld",Miscellaneous,Retail & Stores,5.091750,4.275000,90000.000000,0.399675,0.191053,0.093491,0.284544,384750.000000,False
1921,1033,China Sugar Refining Co. Ld,Industrial,Sugar,102.930000,117.562500,20000.000000,35.587500,-0.124466,0.302711,0.178246,2351250.000000,False
1921,1035,"Hongkong Land Invest. & A.Co., Ld",Real Estate,Land & Property,112.237500,71.437500,50000.000000,2.190000,0.571129,0.030656,0.601785,3571875.000000,False
1921,1043,"Shanghai Mercury, Ld",Miscellaneous,Printing & Media,18.750000,18.125000,2100.000000,1.125000,0.034483,0.062069,0.096552,38062.500000,False
1921,1045,"Shanghai Mutual Telephone Co., Ld",Miscellaneous,Utilities,68.250000,56.550000,20000.000000,3.000000,0.206897,0.053050,0.259947,1131000.000000,False
1921,1050,"Maatschappij Co., in Langkat (Comb)",Industrial,General Miscellaneous,6.562500,10.150000,,,-0.353448,0.000000,-0.353448,,False
1921,1051,"Weeks & Co., Ld",Miscellaneous,Retail & Stores,7.117500,5.821750,30000.000000,0.639480,0.222571,0.109843,0.332414,174652.500000,False
1921,1054,"China Import & Export Lumber Co., Ld",Industrial,General Miscellaneous,262.500000,253.750000,5000.000000,6.000000,0.034483,0.023645,0.058128,1268750.000000,False
1921,1058,"Shanghai Electric and Asbestos Co., Ld",Industrial,Utilities,1.095000,1.058500,8000.000000,0.799350,0.034483,0.755172,0.789655,8468.000000,False
1921,1060,"Lane, Crawford & Co., Ld",Miscellaneous,Retail & Stores,52.012500,42.340000,2550.000000,3.996750,0.228448,0.094397,0.322845,107967.000000,False
1921,1064,"Culty Dairy Co., Ltd",Miscellaneous,Food & Beverage,7.500000,8.700000,10000.000000,0.750000,-0.137931,0.086207,-0.051724,87000.000000,False
1921,601,"Hongkong Fire In. Co.,Limited",Insurance,General Insurance,238.125000,178.875000,8000.000000,14.782500,0.331237,0.082642,0.413878,1431000.000000,False
1921,602,"China Fire In. Co.,Limited",Insurance,General Insurance,71.175000,70.312500,20000.000000,3.832500,0.012267,0.054507,0.066773,1406250.000000,False
1921,606,"Far Eastern Insurance Co., Ld",Insurance,General Insurance,16.875000,14.500000,50000.000000,4.500000,0.163793,0.310345,0.474138,725000.000000,False
1921,607,Assurance Franco-Asiatique,Insurance,General Insurance,10.106250,7.325000,6000.000000,,0.379693,0.000000,0.379693,43950.000000,False
1921,106,Hongkong & Shanghai Banking Corporation,Banking,Banks,281.770875,423.400000,120000.000000,12.630000,-0.334504,0.029830,-0.304674,50808000.000000,False
1921,118,Chartered Bank of I.A. & C.,Banking,Banks,59.466250,250.965000,100000.000000,5.250000,-0.763050,0.020919,-0.742130,25096500.000000,False
1921,703,Shanghai & H'kew Wharf Co.,Docks & Wharves,Wharves & Godowns,112.500000,97.875000,40000.000000,2.250000,0.149425,0.022989,0.172414,3915000.000000,False
1921,706,"Hongkong & Kowloon Wharf and Godown Co., Limited",Docks & Wharves,Wharves & Godowns,50.917500,52.312500,60000.000000,2.398050,-0.026667,0.045841,0.019174,3138750.000000,False
1921,709,"Shanghai Dock & Engineering Co., Ld",Docks & Wharves,Wharves & Godowns,82.500000,88.450000,55700.000000,7.500000,-0.067270,0.084794,0.017524,4926665.000000,False
1921,224,Shell Transport & Trading Co. Ld (ordinary),Shipping,Steam Navigation,24.733750,25.886250,7000000.000000,0.421000,-0.044522,0.016263,-0.028258,181203750.000000,False
1921,225,"Shanghai Tug & Lighter Co., Ld (ordinary shares)",Shipping,Tugs & Lighters,27.375000,36.250000,20000.000000,0.937500,-0.244828,0.025862,-0.218966,725000.000000,False
1921,226,"Shanghai Tug & Lighter Co., Ld (preference shares)",Shipping,Tugs & Lighters,27.000000,25.375000,10000.000000,2.625000,0.064039,0.103448,0.167488,253750.000000,False
1921,227,Shell Transport & Trading Co. Ld (preference),Shipping,Bonds & Preferences,46.731000,38.961000,300000.000000,,0.199430,0.000000,0.199430,11688300.000000,False
1921,228,Indo-China Steam Nav. Co. (deferred. ordinary),Shipping,Steam Navigation,153.300000,104.062500,120000.000000,10.525000,0.473153,0.101141,0.574294,12487500.000000,False
1921,236,Indo-China Steam Nav. Co.(preference),Shipping,Steam Navigation,21.900000,10.125000,120000.000000,0.631500,1.162963,0.062370,1.225333,1215000.000000,False
1921,9002,"Maatschappij Co., in Langkat (Single)",Industrial,General Miscellaneous,3.187500,5.075000,230000.000000,0.375000,-0.371921,0.073892,-0.298030,1167250.000000,False
1921,817,"Chinese Engineering & Mining Co., Ld (Bearer)",Mining,General Mining,14.062500,18.125000,1000000.000000,9.000000,-0.224138,0.496552,0.272414,18125000.000000,False
1921,306,Hongkong & W'pao Dock Co. Ld,Docks & Wharves,Wharves & Godowns,95.812500,89.718750,60000.000000,1.598700,0.067921,0.017819,0.085740,5383125.000000,False
1921,820,"Oriental Consolidated Mining Co., Ld",Mining,General Mining,2.526000,2.106000,500000.000000,0.250000,0.199430,0.118708,0.318139,1053000.000000,False
1921,821,"Shanghai Exploration & Development Co., Ld",Mining,General Mining,1.875000,2.900000,250000.000000,,-0.353448,0.000000,-0.353448,725000.000000,False
1921,8001,"Shanghai Loan & Investment Co., Ld",Miscellaneous,General Miscellaneous,1.875000,3.625000,250000.000000,0.225000,-0.482759,0.062069,-0.420690,906250.000000,False
1921,7000,"The Shanghai Hotels, Ld (ordinary)",Real Estate,Hotels,36.956250,29.108750,50123.000000,1.398863,0.269592,0.048056,0.317649,1459017.876250,False
1921,6001,"Chempedak Rubber & Gambier Estate, Ld",Plantations,Rubber Plantations,1.125000,3.625000,35000.000000,0.750000,-0.689655,0.206897,-0.482759,126875.000000,False
1921,6002,"Alma Estates, Ld",Plantations,Rubber Plantations,3.000000,3.625000,70000.000000,3.750000,-0.172414,1.034483,0.862069,253750.000000,False
1921,6003,Kroewek Java Plantations Ld,Plantations,Rubber Plantations,4.500000,9.425000,70000.000000,1.125000,-0.522546,0.119363,-0.403183,659750.000000,False
1921,6005,Tebong Rubber Estate Ld,Plantations,Rubber Plantations,0.675000,9.425000,76000.000000,,-0.928382,0.000000,-0.928382,716300.000000,False
1921,6006,"Dominion Rubber Co., Ld",Plantations,Rubber Plantations,0.600000,2.537500,350000.000000,0.300000,-0.763547,0.118227,-0.645320,888125.000000,False
1921,6007,"Ayer Tawah Rubber Plantation Co., Ld",Plantations,Rubber Plantations,6.750000,15.225000,30000.000000,0.750000,-0.556650,0.049261,-0.507389,456750.000000,False
1921,6009,"Anglo-Dutch (Java) Plantations, Ld",Plantations,Rubber Plantations,1.125000,1.812500,400000.000000,0.225000,-0.379310,0.124138,-0.255172,725000.000000,False
1921,6010,"Anglo-Java Estates, Ld",Plantations,Rubber Plantations,3.600000,4.350000,500000.000000,0.187500,-0.172414,0.043103,-0.129310,2175000.000000,False
1921,6011,"Batu Annam (Johore) Rubber Estate, Ld",Plantations,Rubber Plantations,0.262500,0.507500,400000.000000,0.037500,-0.482759,0.073892,-0.408867,203000.000000,False
1921,6012,"Bukit Toh Alang Rubber Estate, Ld",Plantations,Rubber Plantations,0.750000,1.450000,100000.000000,3.750000,-0.482759,2.586207,2.103448,145000.000000,False
1921,6013,"Bute Plantations (1913), Ld",Plantations,Rubber Plantations,0.300000,0.435000,300000.000000,3.750000,-0.310345,8.620690,8.310345,130500.000000,True
1921,6014,"Chemor United Rubber Co., Ld",Plantations,Rubber Plantations,0.337500,0.362500,400000.000000,0.037500,-0.068966,0.103448,0.034483,145000.000000,False
1921,6015,"Cheng Rubber Estates, Ld",Plantations,Rubber Plantations,0.750000,0.906250,135000.000000,3.000000,-0.172414,3.310345,3.137931,122343.750000,False
1921,6016,"Consolidated Rubber Estates (1914), Ld",Plantations,Rubber Plantations,1.087500,1.450000,500000.000000,0.090000,-0.250000,0.062069,-0.187931,725000.000000,False
1921,6017,"Gula Kalumpong Rubber Estates, Ld",Plantations,Rubber Plantations,3.000000,3.443750,500000.000000,,-0.128857,0.000000,-0.128857,1721875.000000,False
1921,6019,"Java Consolidated Rubber & Coffee Co., Ld",Plantations,Rubber Plantations,4.687500,9.425000,85000.000000,0.750000,-0.502653,0.079576,-0.423077,801125.000000,False
1921,6021,"Kapala Islands Estates, Ld (1912)",Plantations,Rubber Plantations,0.150000,0.145000,300000.000000,,0.034483,0.000000,0.034483,43500.000000,False
1921,6022,"Karan Rubber Estate Co., Ld",Plantations,Rubber Plantations,2.250000,5.075000,25500.000000,0.375000,-0.556650,0.073892,-0.482759,129412.500000,False
1921,6023,"Kotah Bahroe Rubber Estates (1921), Ld",Plantations,Rubber Plantations,0.637500,2.175000,130000.000000,,-0.706897,0.000000,-0.706897,282750.000000,False
1921,5001,"Shanghai Cotton Manufacturing Co., Ld",Cotton,Cotton & Textiles,108.750000,79.750000,80000.000000,15.000000,0.363636,0.188088,0.551724,6380000.000000,False
1921,5002,"Ewo Cotton Sp. & W. Co., Ld (preference)",Cotton,Cotton & Textiles,72.000000,61.625000,5000.000000,0.239805,0.168357,0.003891,0.172248,308125.000000,False
1921,6026,"Padang Rubber Estates, Ld",Plantations,Rubber Plantations,2.250000,4.712500,50000.000000,0.375000,-0.522546,0.079576,-0.442971,235625.000000,False
1921,6027,"Pengkalan Durian Estate (1921), Ld",Plantations,Rubber Plantations,0.750000,2.175000,30000.000000,,-0.655172,0.000000,-0.655172,65250.000000,False
1921,6028,"Permata Rubber Estates, Ld",Plantations,Rubber Plantations,0.750000,0.725000,50000.000000,0.075000,0.034483,0.103448,0.137931,36250.000000,False
1921,6030,"Samagaga Rubber Co., Ld",Plantations,Rubber Plantations,0.300000,0.471250,600000.000000,0.037500,-0.363395,0.079576,-0.283820,282750.000000,False
1921,6031,"See Kee Rubber Estates (1918), Ld",Plantations,Rubber Plantations,0.375000,0.725000,100000.000000,,-0.482759,0.000000,-0.482759,72500.000000,False
1921,5008,"Oriental C.S. & W Co., Ld",Cotton,Cotton & Textiles,10.500000,11.600000,20000.000000,0.750000,-0.094828,0.064655,-0.030172,232000.000000,False
1921,6032,"Semambu Rubber Estate, Ld",Plantations,Rubber Plantations,0.600000,0.471250,100000.000000,0.375000,0.273210,0.795756,1.068966,47125.000000,False
1921,6034,"Shanghai Klebang Rubber Estate, Ld",Plantations,Rubber Plantations,0.262500,0.398750,315000.000000,0.037500,-0.341693,0.094044,-0.247649,125606.250000,False
1921,6035,"Shanghai-Malay Rubber Estates, Ld",Plantations,Rubber Plantations,0.750000,2.175000,30000.000000,0.375000,-0.655172,0.172414,-0.482759,65250.000000,False
1921,6038,"Sua Manggis Rubber Co., Ld",Plantations,Rubber Plantations,0.750000,2.537500,56000.000000,0.187500,-0.704433,0.073892,-0.630542,142100.000000,False
1921,6039,"Sungala Rubber Estate, Ld",Plantations,Rubber Plantations,0.187500,0.362500,60000.000000,0.075000,-0.482759,0.206897,-0.275862,21750.000000,False
1921,6040,"Sungei Duri Rubber Estate, Ld",Plantations,Rubber Plantations,4.500000,4.712500,40000.000000,0.375000,-0.045093,0.079576,0.034483,188500.000000,False
1921,6042,"Tanah Merah Estate (1916), Ld",Plantations,Rubber Plantations,0.300000,0.580000,750000.000000,0.037500,-0.482759,0.064655,-0.418103,435000.000000,False
1921,6043,"Taiping Rubber Estates, Ld",Plantations,Rubber Plantations,0.112500,0.580000,200000.000000,0.060000,-0.806034,0.103448,-0.702586,116000.000000,False
1921,6046,"Ziangbe Rubber Co., Ld",Plantations,Rubber Plantations,1.687500,1.885000,300000.000000,0.375000,-0.104775,0.198939,0.094164,565500.000000,False
1921,6051,"Shanghai-Malay Rubber Estates, Ld (Preference)",Plantations,Rubber Plantations,3.750000,7.250000,30000.000000,0.600000,-0.482759,0.082759,-0.400000,217500.000000,False
1921,6052,"Shanghai-Pahang Rubber Estates, Ld",Plantations,Rubber Plantations,0.375000,0.725000,200000.000000,0.067500,-0.482759,0.093103,-0.389655,145000.000000,False
1921,6054,Shanghai Seremban Rubber Estates Ld,Plantations,Rubber Plantations,0.300000,0.435000,325000.000000,0.030000,-0.310345,0.068966,-0.241379,141375.000000,False
1921,6056,"Repah Rubber Estate, Ld",Plantations,Rubber Plantations,0.187500,0.362500,275000.000000,,-0.482759,0.000000,-0.482759,99687.500000,False
1921,6070,"New Amherst Rubber Estate, Ld",Plantations,Rubber Plantations,0.112500,0.362500,200000.000000,,-0.689655,0.000000,-0.689655,72500.000000,False
1921,6071,"Kapayang Rubber Estates Co., Ld",Plantations,Rubber Plantations,4.500000,7.250000,15000.000000,0.375000,-0.379310,0.051724,-0.327586,108750.000000,False
1921,2501,"Ewo Cotton Sp. & W. Co., Ld",Cotton,Cotton & Textiles,14.437500,253.750000,20000.000000,0.239805,-0.943103,0.000945,-0.942158,5075000.000000,False
1921,2503,"Laou-kung-mow Cotton Spinning and Weaving Co., Ld",Cotton,Cotton & Textiles,24.000000,279.125000,8000.000000,1.500000,-0.914017,0.005374,-0.908643,2233000.000000,False
1921,2002,Humphrey's Estate & F.Co.Ld,Real Estate,Land & Property,5.967750,4.556250,150000.000000,0.319740,0.309794,0.070176,0.379970,683437.500000,False
1921,2003,"Wei-hai-wei Land & B.Co., Ld",Real Estate,Land & Property,4.500000,3.987500,3674.000000,0.450000,0.128527,0.112853,0.241379,14650.075000,False
1921,2516,"S. Moutrie & Co., Ld",Miscellaneous,Retail & Stores,27.375000,21.170000,10000.000000,1.398863,0.293103,0.066078,0.359181,211700.000000,False
1921,2517,"Green Island Cement Co., Ld",Industrial,Cement & Building,14.098125,5.343750,400000.000000,0.199838,1.638246,0.037396,1.675642,2137500.000000,False
1921,2006,"Anglo-French Land Invest Co., Ld",Real Estate,Land & Property,61.500000,50.025000,18000.000000,3.000000,0.229385,0.059970,0.289355,900450.000000,False
1921,2525,"Senawang Rubber Estates Co., Ld",Plantations,Rubber Plantations,0.375000,2.537500,75000.000000,0.187500,-0.852217,0.073892,-0.778325,190312.500000,False
1921,2526,"Shanghai Electric Construction Co., Ld",Miscellaneous,Utilities,60.000000,47.125000,32000.000000,2.526000,0.273210,0.053602,0.326812,1508000.000000,False
1921,1007,"Shanghai Waterworks Co.,Ld.",Industrial,Utilities,101.250000,87.000000,50000.000000,,0.163793,0.000000,0.163793,4350000.000000,False
1921,1013,Hall & Holtz Ld,Miscellaneous,Retail & Stores,4.927500,5.292500,28000.000000,0.799350,-0.068966,0.151034,0.082069,148190.000000,False
1921,502,"North-China Ins. Co., Ld",Insurance,General Insurance,108.000000,110.925000,10000.000000,11.250000,-0.026369,0.101420,0.075051,1109250.000000,False
1921,503,Union In. Society of Canton Limited,Insurance,General Insurance,131.400000,112.500000,200000.000000,3.368000,0.168000,0.029938,0.197938,22500000.000000,False
1921,504,Yangtsze Insurance Association,Insurance,General Insurance,13.961250,11.643500,250000.000000,0.799350,0.199060,0.068652,0.267712,2910875.000000,False
1921,1017,"Shanghai Land Investment Co., Ld",Real Estate,Land & Property,59.250000,49.300000,78000.000000,4.500000,0.201826,0.091278,0.293103,3845400.000000,False
1921,1018,"J. Llewellyn & Co., Ld",Miscellaneous,Retail & Stores,16.425000,15.877500,1200.000000,2.398050,0.034483,0.151034,0.185517,19053.000000,False
1921,1019,"Shanghai House Bazzar & Motor, Co., Ld",Miscellaneous,General Miscellaneous,25.500000,24.650000,5400.000000,4.500000,0.034483,0.182556,0.217039,133110.000000,False
1921,1020,"Major Brothers, Limited",Industrial,General Miscellaneous,3.750000,3.625000,6000.000000,,0.034483,0.000000,0.034483,21750.000000,False
1921,1022,"Shanghai-Sumatra Tobacco Co., Ld",Plantations,Other Plantations,60.000000,71.050000,30000.000000,1.500000,-0.155524,0.021112,-0.134412,2131500.000000,False
1922,512,Canton Insurance Office,Insurance,General Insurance,245.868750,240.900000,10000.000000,8.988750,0.020626,0.037313,0.057939,2409000.000000,False
1922,1029,"Shanghai Gas Co., Ld",Industrial,Utilities,19.137600,19.500000,24000.000000,1.772000,-0.018585,0.090872,0.072287,468000.000000,False
1922,1033,China Sugar Refining Co. Ld,Industrial,Sugar,80.370000,102.930000,20000.000000,2.643750,-0.219178,0.025685,-0.193493,2058600.000000,False
1922,1035,"Hongkong Land Invest. & A.Co., Ld",Real Estate,Hotels,140.118750,112.237500,50000.000000,2.643750,0.248413,0.023555,0.271968,5611875.000000,False
1922,1043,"Shanghai Mercury, Ld",Miscellaneous,Printing & Media,17.720000,18.750000,3000.000000,1.063200,-0.054933,0.056704,0.001771,56250.000000,False
1922,1045,"Shanghai Mutual Telephone Co., Ld",Miscellaneous,Utilities,52.451200,68.250000,20000.000000,2.835200,-0.231484,0.041541,-0.189943,1365000.000000,False
1922,1050,"Maatschappij Co., in Langkat",Industrial,General Miscellaneous,5.138800,6.562500,,0.354400,-0.216945,0.054004,-0.162941,,False
1922,1051,"Weeks & Co., Ld",Miscellaneous,Retail & Stores,6.726512,7.117500,30000.000000,0.827878,-0.054933,0.116316,0.061383,213525.000000,False
1922,1054,"China Import & Export Lumber Co., Ld",Industrial,General Miscellaneous,248.080000,262.500000,5000.000000,5.670400,-0.054933,0.021602,-0.033332,1312500.000000,False
1922,1060,"Lane, Crawford & Co., Ld",Miscellaneous,Retail & Stores,49.155280,52.012500,2550.000000,5.174240,-0.054933,0.099481,0.044547,132631.875000,False
1922,1064,"Culty Dairy Co., Ltd",Miscellaneous,Food & Beverage,9.214400,7.500000,10000.000000,0.708800,0.228587,0.094507,0.323093,75000.000000,False
1922,601,"Hongkong Fire In. Co.,Limited",Insurance,General Insurance,231.063750,238.125000,8000.000000,15.862500,-0.029654,0.066614,0.036961,1905000.000000,False
1922,602,"China Fire In. Co.,Limited",Insurance,General Insurance,68.737500,71.175000,20000.000000,3.701250,-0.034247,0.052002,0.017756,1423500.000000,False
1922,606,"Far Eastern Insurance Co., Ld",Insurance,General Insurance,15.062000,16.875000,50000.000000,0.850560,-0.107437,0.050404,-0.057033,843750.000000,False
1922,607,Assurance Franco-Asiatique,Insurance,General Insurance,36.350000,10.106250,14000.000000,,2.596784,0.000000,2.596784,141487.500000,False
1922,106,Hongkong & Shanghai Banking Corporation,Banking,Banks,517.424000,281.770875,120000.000000,13.890000,0.836329,0.049295,0.885624,33812505.000000,False
1922,118,Chartered Bank of I.A. & C. London,Banking,Banks,81.025000,59.466250,600000.000000,1.620500,0.362538,0.027251,0.389788,35679750.000000,False
1922,132,Hongkong & Shanghai Banking Corporation (6th issue),Banking,Banks,517.424000,283.769250,40000.000000,10.417500,0.823397,0.036711,0.860108,11350770.000000,False
1922,703,Shanghai & H'kew Wharf Co.,Docks & Wharves,Wharves & Godowns,138.216000,112.500000,40000.000000,7.088000,0.228587,0.063004,0.291591,4500000.000000,False
1922,706,"Hongkong & Kowloon Wharf and Godown Co., Limited",Docks & Wharves,Wharves & Godowns,89.623125,50.917500,80000.000000,3.172500,0.760163,0.062307,0.822470,4073400.000000,False
1922,709,"Shanghai Dock & Engineering Co., Ld",Docks & Wharves,Wharves & Godowns,67.336000,82.500000,55700.000000,4.961600,-0.183806,0.060141,-0.123665,4595250.000000,False
1922,712,"New England and Shipbuilding Works, Ld (Preference)",Docks & Wharves,Wharves & Godowns,4.146480,3.375000,500000.000000,0.283520,0.228587,0.084006,0.312593,1687500.000000,False
1922,713,"New England and Shipbuilding Works, Ld (ordinary)",Docks & Wharves,Wharves & Godowns,5.741280,6.375000,500000.000000,0.708800,-0.099407,0.111184,0.011777,3187500.000000,False
1922,225,"Shanghai Tug & Lighter Co., Ld (ordinary shares)",Shipping,Tugs & Lighters,58.121600,27.375000,20000.000000,3.366800,1.123163,0.122988,1.246152,547500.000000,False
1922,226,"Shanghai Tug & Lighter Co., Ld (preference shares)",Shipping,Tugs & Lighters,30.124000,27.000000,10000.000000,1.240400,0.115704,0.045941,0.161644,270000.000000,False
1922,228,Indo-China Steam Nav. Co. (deferred. ordinary),Shipping,Steam Navigation,137.475000,153.300000,120000.000000,6.945000,-0.103229,0.045303,-0.057926,18396000.000000,False
1922,236,Indo-China Steam Nav. Co.(preference),Shipping,Steam Navigation,20.092500,21.900000,120000.000000,1.389000,-0.082534,0.063425,-0.019110,2628000.000000,False
1922,817,"Chinese Engineering & Mining Co., Ld (Bearer)",Mining,General Mining,14.530400,14.062500,1400000.000000,0.555600,0.033273,0.039509,0.072782,19687500.000000,False
1922,306,Hongkong & W'pao Dock Co. Ld,Docks & Wharves,Wharves & Godowns,99.933750,95.812500,60000.000000,2.643750,0.043014,0.027593,0.070607,5748750.000000,False
1922,818,Raub A'lian Gold Min. Co. Ld,Mining,Gold Mining,0.528750,0.547500,200000.000000,0.270083,-0.034247,0.493303,0.459056,109500.000000,False
1922,820,"Oriental Consolidated Mining Co., Ld",Mining,General Mining,2.778000,2.526000,500000.000000,0.500000,0.099762,0.197941,0.297704,1263000.000000,False
1922,821,"Shanghai Exploration & Development Co., Ld",Industrial,General Miscellaneous,3.544000,1.875000,250000.000000,,0.890133,0.000000,0.890133,468750.000000,False
1922,8001,"Shanghai Loan & Investment Co., Ld",Industrial,General Miscellaneous,3.544000,1.875000,250000.000000,0.212640,0.890133,0.113408,1.003541,468750.000000,False
1922,7000,"The Shanghai Hotels, Ld (ordinary)",Real Estate,Hotels,20.696960,36.956250,150122.000000,,-0.439960,0.000000,-0.439960,5547946.162500,False
1922,6001,"Chempedak Rubber & Gambier Estate, Ld",Plantations,Rubber Plantations,3.189600,1.125000,35000.000000,0.354400,1.835200,0.315022,2.150222,39375.000000,False
1922,6002,"Alma Estates, Ld",Plantations,Rubber Plantations,4.075600,3.000000,70000.000000,0.318960,0.358533,0.106320,0.464853,210000.000000,False
1922,6003,Kroewek Java Plantations Ld,Plantations,Rubber Plantations,7.442400,4.500000,70000.000000,1.063200,0.653867,0.236267,0.890133,315000.000000,False
1922,6005,Tebong Rubber Estate Ld,Plantations,Rubber Plantations,0.815120,0.675000,750000.000000,,0.207585,0.000000,0.207585,506250.000000,False
1922,6006,"Dominion Rubber Co., Ld",Plantations,Rubber Plantations,1.204960,0.600000,350000.000000,0.283520,1.008267,0.472533,1.480800,210000.000000,False
1922,6007,"Ayer Tawah Rubber Plantation Co., Ld",Plantations,Rubber Plantations,11.695200,6.750000,20000.000000,5.316000,0.732622,0.787556,1.520178,135000.000000,False
1922,6009,"Anglo-Dutch (Java) Plantations, Ld",Plantations,Rubber Plantations,2.126400,1.125000,400000.000000,0.212640,0.890133,0.189013,1.079147,450000.000000,False
1922,6010,"Anglo-Java Estates, Ld",Plantations,Rubber Plantations,4.146480,3.600000,500000.000000,0.177200,0.151800,0.049222,0.201022,1800000.000000,False
1922,6011,"Batu Annam (Johore) Rubber Estate, Ld",Plantations,Rubber Plantations,0.460720,0.262500,400000.000000,0.035440,0.755124,0.135010,0.890133,105000.000000,False
1922,6012,"Bukit Toh Alang Rubber Estate, Ld",Plantations,Rubber Plantations,1.842880,0.750000,100000.000000,0.177200,1.457173,0.236267,1.693440,75000.000000,False
1922,6013,"Bute Plantations (1913), Ld",Plantations,Rubber Plantations,0.354400,0.300000,300000.000000,0.035440,0.181333,0.118133,0.299467,90000.000000,False
1922,6014,"Chemor United Rubber Co., Ld",Plantations,Rubber Plantations,0.496160,0.337500,400000.000000,0.035440,0.470104,0.105007,0.575111,135000.000000,False
1922,6015,"Cheng Rubber Estates, Ld",Plantations,Rubber Plantations,0.921440,0.750000,135000.000000,0.141760,0.228587,0.189013,0.417600,101250.000000,False
1922,6016,"Consolidated Rubber Estates (1914), Ld",Plantations,Rubber Plantations,1.169520,1.087500,500000.000000,0.085056,0.075421,0.078212,0.153633,543750.000000,False
1922,6017,"Gula Kalumpong Rubber Estates, Ld",Plantations,Rubber Plantations,6.024800,3.000000,750000.000000,,1.008267,0.000000,1.008267,2250000.000000,False
1922,6019,"Java Consolidated Rubber & Coffee Co., Ld",Plantations,Rubber Plantations,7.442400,4.687500,85000.000000,0.708800,0.587712,0.151211,0.738923,398437.500000,False
1922,6022,"Karan Rubber Estate Co., Ld",Plantations,Rubber Plantations,3.898400,2.250000,25500.000000,0.354400,0.732622,0.157511,0.890133,57375.000000,False
1922,6023,"Kotah Bahroe (1921) Rubber Estates, Ld",Plantations,Rubber Plantations,0.673360,0.637500,390000.000000,,0.056251,0.000000,0.056251,248625.000000,False
1922,5001,"Shanghai Cotton Manufacturing Co., Ld (Shanghai Boshoku K.K.)",Cotton,Cotton & Textiles,83.284000,108.750000,80000.000000,8.860000,-0.234170,0.081471,-0.152699,8700000.000000,False
1922,5002,"Ewo Cotton Sp. & W. Co., Ld (preference)",Cotton,Cotton & Textiles,77.968000,72.000000,10000.000000,5.670400,0.082889,0.078756,0.161644,720000.000000,False
1922,6026,"Padang Rubber Co., Ltd",Plantations,Rubber Plantations,2.835200,2.250000,50000.000000,0.354400,0.260089,0.157511,0.417600,112500.000000,False
1922,6027,"Pengkalan Durian Estate (1921), Ld",Plantations,Rubber Plantations,0.708800,0.750000,150000.000000,,-0.054933,0.000000,-0.054933,112500.000000,False
1922,6028,"Permata Rubber Estates, Ld",Plantations,Rubber Plantations,0.886000,0.750000,50000.000000,0.177200,0.181333,0.236267,0.417600,37500.000000,False
1922,6030,"Samagaga Rubber Co., Ld",Plantations,Rubber Plantations,0.425280,0.300000,600000.000000,0.035440,0.417600,0.118133,0.535733,180000.000000,False
1922,6031,"See Kee Rubber Estates (1918), Ld",Plantations,Rubber Plantations,0.460720,0.375000,100000.000000,,0.228587,0.000000,0.228587,37500.000000,False
1922,5008,"Oriental C.S. & W Co., Ld",Cotton,Cotton & Textiles,6.379200,10.500000,500000.000000,0.354400,-0.392457,0.033752,-0.358705,5250000.000000,False
1922,6032,"Semambu Rubber Estate, Ld",Plantations,Rubber Plantations,0.708800,0.600000,300000.000000,0.035440,0.181333,0.059067,0.240400,180000.000000,False
1922,6034,"Shanghai Klebang Rubber Estate, Ld",Plantations,Rubber Plantations,0.336680,0.262500,315000.000000,0.035440,0.282590,0.135010,0.417600,82687.500000,False
1922,6035,"Shanghai-Malay Rubber Estates, Ld",Plantations,Rubber Plantations,0.708800,0.750000,30000.000000,0.354400,-0.054933,0.472533,0.417600,22500.000000,False
1922,6038,"Sua Manggis Rubber Co., Ld",Plantations,Rubber Plantations,2.303600,0.750000,50000.000000,0.177200,2.071467,0.236267,2.307733,37500.000000,False
1922,6039,"Sungala Rubber Estate, Ld",Plantations,Rubber Plantations,0.354400,0.187500,100000.000000,0.070880,0.890133,0.378027,1.268160,18750.000000,False
1922,6040,"Sungei Duri Rubber Estate, Ld",Plantations,Rubber Plantations,5.316000,4.500000,40000.000000,0.354400,0.181333,0.078756,0.260089,180000.000000,False
1922,6042,"Tanah Merah Estates (1916), Ld",Plantations,Rubber Plantations,0.489072,0.300000,750000.000000,0.035440,0.630240,0.118133,0.748373,225000.000000,False
1922,6043,"Taiping Rubber Estates (1913), Ld",Plantations,Rubber Plantations,0.248080,0.112500,200000.000000,0.056704,1.205156,0.504036,1.709191,22500.000000,False
1922,6046,"Ziangbe Rubber Co., Ld",Plantations,Rubber Plantations,2.693440,1.687500,300000.000000,0.354400,0.596113,0.210015,0.806127,506250.000000,False
1922,6051,"Shanghai-Malay Rubber Estates, Ld (Preference)",Plantations,Rubber Plantations,6.024800,3.750000,30000.000000,0.283520,0.606613,0.075605,0.682219,112500.000000,False
1922,6052,"Shanghai-Pahang Rubber Estates, Ld",Plantations,Rubber Plantations,0.460720,0.375000,200000.000000,0.063792,0.228587,0.170112,0.398699,75000.000000,False
1922,6054,Shanghai Seremban Rubber Estates Ld,Plantations,Rubber Plantations,0.389840,0.300000,325000.000000,0.028352,0.299467,0.094507,0.393973,97500.000000,False
1922,6055,"Shanghai-Kedah Plantations, Ld",Plantations,Rubber Plantations,0.584760,0.750000,400000.000000,,-0.220320,0.000000,-0.220320,300000.000000,False
1922,6056,"Repah Rubber & Tapoica Estates, Ld",Plantations,Rubber Plantations,0.460720,0.187500,275000.000000,,1.457173,0.000000,1.457173,51562.500000,False
1922,6070,"New Amherst Rubber Estate, Ld",Plantations,Rubber Plantations,0.248080,0.112500,500000.000000,,1.205156,0.000000,1.205156,56250.000000,False
1922,6071,"Kapayang Rubber Estates Co., Ld",Plantations,Rubber Plantations,4.252800,4.500000,15000.000000,3.544000,-0.054933,0.787556,0.732622,67500.000000,False
1922,2501,"Ewo Cotton Sp. & W. Co., Ld",Cotton,Cotton & Textiles,9.781440,14.437500,1000000.000000,1.701120,-0.322498,0.117826,-0.204671,14437500.000000,False
1922,2503,"Laou-kung-mow Cotton Spinning and Weaving Co., Ld",Cotton,Cotton & Textiles,16.302400,24.000000,80000.000000,1.417600,-0.320733,0.059067,-0.261667,1920000.000000,False
1922,2002,Humphrey's Estate & F.Co.Ld,Real Estate,Hotels,9.253125,5.967750,150000.000000,0.423000,0.550522,0.070881,0.621403,895162.500000,False
1922,2003,"Wei-hai-wei Land & B.Co., Ld",Real Estate,Hotels,4.252800,4.500000,3674.000000,0.850560,-0.054933,0.189013,0.134080,16533.000000,False
1922,2516,"S. Moutrie & Co., Ld",Miscellaneous,Retail & Stores,25.871200,27.375000,10000.000000,2.587120,-0.054933,0.094507,0.039573,273750.000000,False
1922,2517,"Green Island Cement Co., Ld",Industrial,Cement & Building,13.086563,14.098125,400000.000000,0.264375,-0.071752,0.018752,-0.052999,5639250.000000,False
1922,2006,"Anglo-French Land Invest Co., Ld",Real Estate,Hotels,71.588800,61.500000,18000.000000,3.189600,0.164046,0.051863,0.215909,1107000.000000,False
1922,2526,"Shanghai Electric Construction Co., Ld",Miscellaneous,Utilities,88.954400,60.000000,32000.000000,9.260000,0.482573,0.154333,0.636907,1920000.000000,False
1922,1007,"Shanghai Waterworks Co.,Ld.",Industrial,Utilities,100.649600,101.250000,50000.000000,4.630000,-0.005930,0.045728,0.039799,5062500.000000,False
1922,1013,Hall & Holtz Ld,Miscellaneous,Retail & Stores,2.587120,4.927500,28000.000000,1.034848,-0.474963,0.210015,-0.264948,137970.000000,False
1922,502,"North-China Ins. Co., Ld",Insurance,General Insurance,97.814400,108.000000,10000.000000,3.472500,-0.094311,0.032153,-0.062158,1080000.000000,False
1922,503,Union In. Society of Canton Limited,Insurance,General Insurance,108.393750,131.400000,236000.000000,3.704000,-0.175086,0.028189,-0.146897,31010400.000000,False
1922,504,Yangtsze Insurance Association,Insurance,General Insurance,13.194312,13.961250,250000.000000,1.034848,-0.054933,0.074123,0.019190,3490312.500000,False
1922,1017,"Shanghai Land Investment Co., Ld",Real Estate,Hotels,71.588800,59.250000,78000.000000,2.126400,0.208250,0.035889,0.244138,4621500.000000,False
1922,1018,"J. Llewellyn & Co., Ld",Miscellaneous,Retail & Stores,15.522720,16.425000,1200.000000,3.104544,-0.054933,0.189013,0.134080,19710.000000,False
1922,1019,"Shanghai House Bazzar & Motor, Co., Ld",Miscellaneous,General Miscellaneous,35.440000,25.500000,8400.000000,3.544000,0.389804,0.138980,0.528784,214200.000000,False
1922,1020,"Major Brothers, Limited",Industrial,General Miscellaneous,3.544000,3.750000,5000.000000,,-0.054933,0.000000,-0.054933,18750.000000,False
1922,1022,"Shanghai-Sumatra Tobacco Co., Ld",Plantations,Other Plantations,60.248000,60.000000,30000.000000,1.417600,0.004133,0.023627,0.027760,1800000.000000,False
1923,512,Canton Insurance Office,Insurance,General Insurance,319.562500,245.868750,10000.000000,11.248600,0.299728,0.045750,0.345478,2458687.500000,False
1923,1029,"Shanghai Gas Co., Ld",Industrial,Utilities,32.571000,19.137600,24000.000000,2.533300,0.701938,0.132373,0.834310,459302.400000,False
1923,1033,China Sugar Refining Co. Ld,Industrial,Sugar,121.395450,80.370000,20000.000000,5.113000,0.510457,0.063618,0.574076,1607400.000000,False
1923,1035,"Hongkong Land Invest. & A.Co., Ld (New Reg)",Real Estate,Hotels,43.460500,140.118750,50000.000000,3.067800,-0.689831,0.021894,-0.667937,7005937.500000,False
1923,1043,"Shanghai Mercury, Ld",Miscellaneous,Printing & Media,18.095000,17.720000,3000.000000,1.085700,0.021163,0.061270,0.082432,53160.000000,False
1923,1045,"Shanghai Mutual Telephone Co., Ld",Miscellaneous,Utilities,52.113600,52.451200,40000.000000,3.257100,-0.006436,0.062098,0.055661,2098048.000000,False
1923,1050,"Maatschappij Co., in Langkat",Industrial,General Miscellaneous,9.409400,5.138800,250000.000000,0.361900,0.831050,0.070425,0.901475,1284700.000000,False
1923,1051,"Weeks & Co., Ld",Miscellaneous,Retail & Stores,5.812114,6.726512,30000.000000,0.845398,-0.135939,0.125682,-0.010258,201795.360000,False
1923,1054,"China Import & Export Lumber Co., Ld",Industrial,General Miscellaneous,253.330000,248.080000,5000.000000,5.790400,0.021163,0.023341,0.044503,1240400.000000,False
1923,1060,"Lane, Crawford & Co., Ld",Miscellaneous,Retail & Stores,53.894148,49.155280,2500.000000,4.226992,0.096406,0.085993,0.182399,122888.200000,False
1923,1064,"Culty Dairy Co., Ltd",Miscellaneous,Food & Beverage,9.409400,9.214400,10000.000000,0.434280,0.021163,0.047131,0.068293,92144.000000,False
1923,601,"Hongkong Fire In. Co.,Limited",Insurance,General Insurance,262.041250,231.063750,8000.000000,16.361600,0.134065,0.070810,0.204875,1848510.000000,False
1923,602,"China Fire In. Co.,Limited",Insurance,General Insurance,64.935100,68.737500,20000.000000,3.579100,-0.055318,0.052069,-0.003249,1374750.000000,False
1923,606,"Far Eastern Insurance Co., Ld",Insurance,General Insurance,15.923600,15.062000,50000.000000,0.868560,0.057204,0.057666,0.114869,753100.000000,False
1923,607,Assurance Franco-Asiatique,Insurance,General Insurance,25.500000,36.350000,12334.000000,,-0.298487,0.000000,-0.298487,448340.900000,False
1923,106,Hongkong & Shanghai Banking Corporation,Banking,Banks,554.792700,517.424000,120000.000000,13.020000,0.072221,0.025163,0.097384,62090880.000000,False
1923,118,Chartered Bank of I.A. & C. London,Banking,Banks,84.630000,81.025000,600000.000000,1.519000,0.044492,0.018747,0.063240,48615000.000000,False
1923,703,Shanghai & H'kew Wharf Co.,Docks & Wharves,Wharves & Godowns,137.522000,138.216000,40000.000000,9.409400,-0.005021,0.068078,0.063056,5528640.000000,False
1923,706,"Hongkong & Kowloon Wharf and Godown Co., Limited",Docks & Wharves,Wharves & Godowns,79.507150,89.623125,80000.000000,3.067800,-0.112872,0.034230,-0.078642,7169850.000000,False
1923,709,"Shanghai Dock & Engineering Co., Ld",Docks & Wharves,Wharves & Godowns,65.865800,67.336000,55700.000000,5.428500,-0.021834,0.080618,0.058784,3750615.200000,False
1923,712,"New England and Shipbuilding Works, Ld (Preference)",Docks & Wharves,Wharves & Godowns,3.763760,4.146480,500000.000000,0.289520,-0.092300,0.069823,-0.022477,2073240.000000,False
1923,713,"New England and Shipbuilding Works, Ld (ordinary)",Docks & Wharves,Wharves & Godowns,4.632320,5.741280,500000.000000,0.434280,-0.193156,0.075642,-0.117514,2870640.000000,False
1923,225,"Shanghai Tug & Lighter Co., Ld (ordinary shares)",Shipping,Tugs & Lighters,57.904000,58.121600,20000.000000,1.809500,-0.003744,0.031133,0.027389,1162432.000000,False
1923,226,"Shanghai Tug & Lighter Co., Ld (preference shares)",Shipping,Tugs & Lighters,38.361400,30.124000,10000.000000,1.266650,0.273450,0.042048,0.315498,301240.000000,False
1923,228,Indo-China Steam Nav. Co. (deferred. ordinary),Shipping,Steam Navigation,71.582000,137.475000,120000.000000,0.000000,-0.479309,0.000000,-0.479309,16497000.000000,False
1923,236,Indo-China Steam Nav. Co.(preference),Shipping,Steam Navigation,19.429400,20.092500,120000.000000,1.302000,-0.033002,0.064800,0.031798,2411100.000000,False
1923,9005,"John Richards & Co., Ld",Industrial,General Miscellaneous,7.238000,7.088000,25000.000000,0.723800,0.021163,0.102116,0.123279,177200.000000,False
1923,817,"Chinese Engineering & Mining Co., Ld (Bearer)",Mining,General Mining,13.752200,14.530400,2000000.000000,0.368900,-0.053557,0.025388,-0.028169,29060800.000000,False
1923,306,Hongkong & W'pao Dock Co. Ld,Docks & Wharves,Wharves & Godowns,77.717600,99.933750,60000.000000,2.556500,-0.222309,0.025582,-0.196727,5996025.000000,False
1923,818,Raub A'lian Gold Min. Co. Ld,Mining,Gold Mining,2.684325,0.528750,200000.000000,0.253167,4.076738,0.478802,4.555540,105750.000000,False
1923,820,"Oriental Consolidated Mining Co., Ld",Mining,General Mining,2.604000,2.778000,500000.000000,0.500000,-0.062635,0.179986,0.117351,1389000.000000,False
1923,821,"Shanghai Exploration & Development Co., Ld",Industrial,General Miscellaneous,10.422720,3.544000,250000.000000,,1.940948,0.000000,1.940948,886000.000000,False
1923,8001,"Shanghai Loan & Investment Co., Ld",Industrial,General Miscellaneous,5.247550,3.544000,250000.000000,0.180950,0.480686,0.051058,0.531744,886000.000000,False
1923,7000,"The Shanghai Hotels, Ld (ordinary)",Real Estate,Hotels,21.134960,20.696960,150123.000000,,0.021163,0.000000,0.021163,3107089.726080,False
1923,7001,"Carlton, Ld",Real Estate,Hotels,38.361400,35.440000,10000.000000,,0.082432,0.000000,0.082432,354400.000000,False
1923,6001,"Chempedak Rubber & Gambier Estate, Ld",Plantations,Rubber Plantations,5.066600,3.189600,35000.000000,0.361900,0.588475,0.113463,0.701938,111636.000000,False
1923,6002,"Alma Estates, Ld",Plantations,Rubber Plantations,4.885650,4.075600,70000.000000,0.361900,0.198756,0.088797,0.287553,285292.000000,False
1923,6003,Kroewek Java Plantations Ld,Plantations,Rubber Plantations,11.580800,7.442400,70000.000000,0.434280,0.556057,0.058352,0.614409,520968.000000,False
1923,6005,Tebong Rubber Estate Ld,Plantations,Rubber Plantations,1.013320,0.815120,750000.000000,,0.243154,0.000000,0.243154,611340.000000,False
1923,6006,"Dominion Rubber Co., Ld",Plantations,Rubber Plantations,2.062830,1.204960,350000.000000,0.289520,0.711949,0.240274,0.952222,421736.000000,False
1923,6007,"Ayer Tawah Rubber Plantation Co., Ld",Plantations,Rubber Plantations,15.199800,11.695200,30000.000000,1.447600,0.299661,0.123777,0.423439,350856.000000,False
1923,6009,"Anglo-Dutch (Java) Plantations, Ld",Plantations,Rubber Plantations,2.099020,2.126400,400000.000000,0.217140,-0.012876,0.102116,0.089240,850560.000000,False
1923,6010,"Anglo-Java Estates, Ld",Plantations,Rubber Plantations,4.704700,4.146480,500000.000000,0.180950,0.134625,0.043639,0.178264,2073240.000000,False
1923,6011,"Batu Annam (Johore) Rubber Estate, Ld",Plantations,Rubber Plantations,0.796180,0.460720,400000.000000,0.036190,0.728121,0.078551,0.806672,184288.000000,False
1923,6012,"Bukit Toh Alang Rubber Estate, Ld",Plantations,Rubber Plantations,0.814275,1.842880,100000.000000,0.180950,-0.558151,0.098189,-0.459962,184288.000000,False
1923,6013,"Bute Plantations (1913), Ld",Plantations,Rubber Plantations,0.542850,0.354400,300000.000000,0.036190,0.531744,0.102116,0.633860,106320.000000,False
1923,6014,"Chemor United Rubber Co., Ld",Plantations,Rubber Plantations,0.778085,0.496160,400000.000000,0.036190,0.568214,0.072940,0.641154,198464.000000,False
1923,6015,"Cheng Rubber Estates, Ld",Plantations,Rubber Plantations,1.266650,0.921440,135000.000000,0.144760,0.374642,0.157102,0.531744,124394.400000,False
1923,6016,"Consolidated Rubber Estates (1914), Ld",Plantations,Rubber Plantations,2.062830,1.169520,500000.000000,0.072380,0.763826,0.061889,0.825715,584760.000000,False
1923,6017,"Gula Kalumpong Rubber Estates, Ld",Plantations,Rubber Plantations,7.961800,6.024800,750000.000000,0.434000,0.321504,0.072036,0.393540,4518600.000000,False
1923,6019,"Java Consolidated Rubber & Coffee Co., Ld",Plantations,Rubber Plantations,10.133200,7.442400,85000.000000,0.361900,0.361550,0.048627,0.410177,632604.000000,False
1923,6022,"Karan Rubber Estate Co., Ld",Plantations,Rubber Plantations,5.066600,3.898400,25000.000000,0.434280,0.299661,0.111400,0.411061,97460.000000,False
1923,6023,"Kotah Bahroe Rubber Estates (1921), Ld",Plantations,Rubber Plantations,0.796180,0.673360,390000.000000,,0.182399,0.000000,0.182399,262610.400000,False
1923,5002,"Ewo Cotton Sp. & W. Co., Ld (preference)",Cotton,Cotton & Textiles,81.789400,77.968000,10000.000000,5.790400,0.049012,0.074266,0.123279,779680.000000,False
1923,6026,"Padang Rubber Co., Ltd",Plantations,Rubber Plantations,4.704700,2.835200,50000.000000,0.036190,0.659389,0.012765,0.672154,141760.000000,False
1923,6027,"Pengkalan Durian Estate (1921), Ld",Plantations,Rubber Plantations,0.959035,0.708800,150000.000000,,0.353040,0.000000,0.353040,106320.000000,False
1923,6028,"Permata Rubber Estates, Ld",Plantations,Rubber Plantations,2.533300,0.886000,50000.000000,0.180950,1.859255,0.204233,2.063488,44300.000000,False
1923,6030,"Samagaga Rubber Co., Ld",Plantations,Rubber Plantations,0.579040,0.425280,600000.000000,0.036190,0.361550,0.085097,0.446647,255168.000000,False
1923,6031,"See Kee Rubber Estates (1918), Ld",Plantations,Rubber Plantations,0.796180,0.460720,100000.000000,,0.728121,0.000000,0.728121,46072.000000,False
1923,5008,"Oriental C.S. & W Co., Ld",Cotton,Cotton & Textiles,3.836140,6.379200,500000.000000,0.361900,-0.398649,0.056731,-0.341917,3189600.000000,False
1923,6032,"Semambu Rubber Estate, Ld",Plantations,Rubber Plantations,0.995225,0.708800,300000.000000,0.072380,0.404098,0.102116,0.506215,212640.000000,False
1923,6034,"Shanghai Klebang Rubber Estate, Ld",Plantations,Rubber Plantations,0.434280,0.336680,315000.000000,0.036190,0.289890,0.107491,0.397380,106054.200000,False
1923,6035,"Shanghai-Malay Rubber Estates, Ld",Plantations,Rubber Plantations,3.438050,0.708800,30000.000000,0.434280,3.850522,0.612698,4.463220,21264.000000,False
1923,6038,"Sua Manggis Rubber Co., Ld",Plantations,Rubber Plantations,2.822820,2.303600,56000.000000,0.180950,0.225395,0.078551,0.303946,129001.600000,False
1923,6039,"Sungala Rubber Estate, Ld",Plantations,Rubber Plantations,1.085700,0.354400,100000.000000,0.072380,2.063488,0.204233,2.267720,35440.000000,False
1923,6040,"Sungei Duri Rubber Estate, Ld",Plantations,Rubber Plantations,6.514200,5.316000,40000.000000,0.419804,0.225395,0.078970,0.304365,212640.000000,False
1923,6042,"Tanah Merah Estates (1916), Ld",Plantations,Rubber Plantations,0.579040,0.489072,750000.000000,0.036190,0.183957,0.073997,0.257954,366804.000000,False
1923,6043,"Taiping Rubber Estates (1913), Ld",Plantations,Rubber Plantations,0.560945,0.248080,200000.000000,0.057904,1.261146,0.233409,1.494554,49616.000000,False
1923,6046,"Ziangbe Rubber Co., Ld",Plantations,Rubber Plantations,2.497110,2.693440,300000.000000,0.361900,-0.072892,0.134363,0.061472,808032.000000,False
1923,6051,"Shanghai-Malay Rubber Estates, Ld (Preference)",Plantations,Rubber Plantations,6.514200,6.024800,30000.000000,0.289520,0.081231,0.048055,0.129286,180744.000000,False
1923,6052,"Shanghai-Pahang Rubber Estates, Ld",Plantations,Rubber Plantations,0.796180,0.460720,200000.000000,0.065142,0.728121,0.141392,0.869513,92144.000000,False
1923,6054,Shanghai Seremban Rubber Estates Ld,Plantations,Rubber Plantations,0.579040,0.389840,325000.000000,0.028952,0.485327,0.074266,0.559594,126698.000000,False
1923,6055,"Shanghai-Kedah Plantations, Ld",Plantations,Rubber Plantations,0.904750,0.584760,400000.000000,,0.547216,0.000000,0.547216,233904.000000,False
1923,6056,"Repah Rubber & Tapoica Estates, Ld",Plantations,Rubber Plantations,0.687610,0.460720,275000.000000,,0.492468,0.000000,0.492468,126698.000000,False
1923,6058,"Senawang Rubber Estates Co., (1921) Ld (ordinary)",Plantations,Rubber Plantations,0.814275,0.744240,300000.000000,,0.094103,0.000000,0.094103,223272.000000,False
1923,6070,"New Amherst Rubber Estate, Ld",Plantations,Rubber Plantations,0.361900,0.248080,500000.000000,,0.458804,0.000000,0.458804,124040.000000,False
1923,6071,"Kapayang Rubber Estates Co., Ld",Plantations,Rubber Plantations,8.685600,4.252800,15000.000000,0.361900,1.042325,0.085097,1.127422,63792.000000,False
1923,2501,"Ewo Cotton Sp. & W. Co., Ld",Cotton,Cotton & Textiles,9.409400,9.781440,1000000.000000,1.085700,-0.038035,0.110996,0.072961,9781440.000000,False
1923,2503,"Laou-kung-mow Cotton Spinning and Weaving Co., Ld",Cotton,Cotton & Textiles,7.238000,16.302400,80000.000000,1.447600,-0.556016,0.088797,-0.467220,1304192.000000,False
1923,2002,Humphrey's Estate & F.Co.Ld,Real Estate,Hotels,12.143375,9.253125,150000.000000,0.409040,0.312354,0.044206,0.356560,1387968.750000,False
1923,2003,"Wei-hai-wei Land & B.Co., Ld",Real Estate,Hotels,4.342800,4.252800,3674.000000,0.868560,0.021163,0.204233,0.225395,15624.787200,False
1923,2516,"S. Moutrie & Co., Ld",Miscellaneous,Retail & Stores,26.418700,25.871200,10000.000000,1.056748,0.021163,0.040847,0.062009,258712.000000,False
1923,2517,"Green Island Cement Co., Ld",Industrial,Cement & Building,13.448460,13.086563,400000.000000,0.766950,0.027654,0.058606,0.086260,5234625.000000,False
1923,2006,"Anglo-French Land Invest Co., Ld",Real Estate,Hotels,86.856000,71.588800,18000.000000,2.533300,0.213262,0.035387,0.248649,1288598.400000,False
1923,2526,"Shanghai Electric Construction Co., Ld (Bearer)",Miscellaneous,Utilities,123.046000,88.954400,40000.000000,3.472000,0.383248,0.039031,0.422279,3558176.000000,False
1923,1007,"Shanghai Waterworks Co.,Ld.",Industrial,Utilities,123.769800,100.649600,50000.000000,4.340000,0.229710,0.043120,0.272830,5032480.000000,False
1923,1013,Hall & Holtz Ld,Miscellaneous,Retail & Stores,3.645781,2.587120,28000.000000,1.056748,0.409204,0.408465,0.817669,72439.360000,False
1923,502,"North-China Ins. Co., Ld",Insurance,General Insurance,99.884400,97.814400,10000.000000,3.255000,0.021163,0.033277,0.054440,978144.000000,False
1923,503,Union In. Society of Canton Limited,Insurance,General Insurance,118.877250,108.393750,200000.000000,3.472000,0.096717,0.032031,0.128748,21678750.000000,False
1923,504,Yangtsze Insurance Association,Insurance,General Insurance,13.473537,13.194312,250000.000000,1.056748,0.021163,0.080091,0.101254,3298578.000000,False
1923,1017,"Shanghai Land Investment Co., Ld",Real Estate,Hotels,88.665500,71.588800,78000.000000,2.171400,0.238539,0.030332,0.268870,5583926.400000,False
1923,1018,"J. Llewellyn & Co., Ld",Miscellaneous,Retail & Stores,15.851220,15.522720,1200.000000,3.170244,0.021163,0.204233,0.225395,18627.264000,False
1923,1019,"Shanghai House Bazzar & Motor, Co., Ld",Miscellaneous,General Miscellaneous,36.190000,35.440000,5400.000000,3.619000,0.021163,0.102116,0.123279,191376.000000,False
1923,1020,"Major Brothers, Limited",Industrial,General Miscellaneous,3.619000,3.544000,6000.000000,,0.021163,0.000000,0.021163,21264.000000,False
1923,1022,"Shanghai-Sumatra Tobacco Co., Ld",Plantations,Other Plantations,65.142000,60.248000,30000.000000,1.447600,0.081231,0.024027,0.105258,1807440.000000,False
1924,512,Canton Insurance Office,Insurance,General Insurance,405.150000,319.562500,10000.000000,12.210000,0.267827,0.038208,0.306036,3195625.000000,False
1924,1029,"Shanghai Gas Co., Ld",Industrial,Utilities,32.837200,32.571000,24000.000000,2.985200,0.008173,0.091652,0.099825,781704.000000,False
1924,1033,China Sugar Refining Co. Ld,Industrial,Sugar,52.725000,121.395450,20000.000000,22.200000,-0.565676,0.182873,-0.382802,2427909.000000,False
1924,1035,"Hongkong Land Invest. & A.Co., Ld (New Reg)",Real Estate,Hotels,58.830000,43.460500,240000.000000,1.110000,0.353643,0.025540,0.379183,10430520.000000,False
1924,1043,"Shanghai Mercury, Ld",Miscellaneous,Printing & Media,18.657500,18.095000,3000.000000,1.119450,0.031086,0.061865,0.092951,54285.000000,False
1924,1045,"Shanghai Mutual Telephone Co., Ld",Miscellaneous,Utilities,56.718800,52.113600,40000.000000,3.358350,0.088368,0.064443,0.152811,2084544.000000,False
1924,1050,"Maatschappij Co., in Langkat",Industrial,General Miscellaneous,7.649575,9.409400,200000.000000,0.373150,-0.187028,0.039657,-0.147371,1881880.000000,False
1924,1051,"Weeks & Co., Ld",Miscellaneous,Retail & Stores,3.268794,5.812114,30000.000000,0.871678,-0.437589,0.149976,-0.287613,174363.420000,False
1924,1054,"China Import & Export Lumber Co., Ld",Industrial,General Miscellaneous,261.205000,253.330000,5000.000000,5.970400,0.031086,0.023568,0.054654,1266650.000000,False
1924,1060,"Lane, Crawford & Co., Ld",Miscellaneous,Retail & Stores,52.845503,53.894148,2500.000000,5.447990,-0.019457,0.101087,0.081629,134735.370000,False
1924,1064,"Culty Dairy Co., Ltd",Miscellaneous,Food & Beverage,7.463000,9.409400,10000.000000,0.447780,-0.206857,0.047589,-0.159268,94094.000000,False
1924,601,"Hongkong Fire In. Co.,Limited",Insurance,General Insurance,333.000000,262.041250,5000.000000,19.425000,0.270792,0.074130,0.344922,1310206.250000,False
1924,602,"China Fire In. Co.,Limited",Insurance,General Insurance,83.250000,64.935100,20000.000000,3.885000,0.282049,0.059829,0.341878,1298702.000000,False
1924,606,"Far Eastern Insurance Co., Ld",Insurance,General Insurance,16.418600,15.923600,50000.000000,1.044820,0.031086,0.065615,0.096700,796180.000000,False
1924,607,Assurance Franco-Asiatique,Insurance,General Insurance,269.750000,25.500000,14000.000000,,9.578431,0.000000,9.578431,357000.000000,True
1924,106,Hongkong & Shanghai Banking Corporation,Banking,Banks,621.070860,554.792700,400000.000000,14.103750,0.119465,0.025422,0.144886,221917080.000000,False
1924,118,Chartered Bank of I.A. & C. London,Banking,Banks,90.205234,84.630000,600000.000000,1.645437,0.065878,0.019443,0.085320,50778000.000000,False
1924,703,Shanghai & H'kew Wharf Co.,Docks & Wharves,Wharves & Godowns,158.588750,137.522000,40000.000000,2.238900,0.153188,0.016280,0.169469,5500880.000000,False
1924,706,"Hongkong & Kowloon Wharf and Godown Co., Limited",Docks & Wharves,Wharves & Godowns,117.660000,79.507150,80000.000000,3.330000,0.479867,0.041883,0.521750,6360572.000000,False
1924,709,"Shanghai Dock & Engineering Co., Ld",Docks & Wharves,Wharves & Godowns,80.227250,65.865800,55700.000000,6.716700,0.218041,0.101976,0.320017,3668725.060000,False
1924,712,"New England and Shipbuilding Works, Ld (Preference)",Docks & Wharves,Wharves & Godowns,3.918075,3.763760,500000.000000,0.298520,0.041000,0.079314,0.120315,1881880.000000,False
1924,713,"New England and Shipbuilding Works, Ld (ordinary)",Docks & Wharves,Wharves & Godowns,5.597250,4.632320,500000.000000,0.186575,0.208304,0.040277,0.248581,2316160.000000,False
1924,225,"Shanghai Tug & Lighter Co., Ld (ordinary shares)",Shipping,Tugs & Lighters,69.032750,57.904000,20000.000000,2.238900,0.192193,0.038666,0.230859,1158080.000000,False
1924,226,"Shanghai Tug & Lighter Co., Ld (preference shares)",Shipping,Tugs & Lighters,36.941850,38.361400,10000.000000,1.306025,-0.037005,0.034045,-0.002959,383614.000000,False
1924,228,Indo-China Steam Nav. Co. (deferred. ordinary),Shipping,Steam Navigation,77.700000,71.582000,120000.000000,,0.085468,0.000000,0.085468,8589840.000000,False
1924,236,Indo-China Steam Nav. Co.(preference),Shipping,Steam Navigation,21.090000,19.429400,120000.000000,1.410375,0.085468,0.072590,0.158058,2331528.000000,False
1924,9005,"John Richards & Co., Ld",Industrial,General Miscellaneous,7.463000,7.238000,25000.000000,0.746300,0.031086,0.103109,0.134195,180950.000000,False
1924,817,"Chinese Engineering & Mining Co., Ld (Bearer)",Mining,General Mining,14.552850,13.752200,2000000.000000,0.470125,0.058220,0.034185,0.092405,27504400.000000,False
1924,306,Hongkong & W'pao Dock Co. Ld,Docks & Wharves,Wharves & Godowns,83.250000,77.717600,60000.000000,2.775000,0.071186,0.035706,0.106892,4663056.000000,False
1924,818,Raub A'lian Gold Min. Co. Ld,Mining,Gold Mining,1.665000,2.684325,200000.000000,0.274240,-0.379732,0.102163,-0.277569,536865.000000,False
1924,820,"Oriental Consolidated Mining Co., Ld",Mining,General Mining,2.820750,2.604000,500000.000000,0.500000,0.083237,0.192012,0.275250,1302000.000000,False
1924,821,"Shanghai Exploration & Development Co., Ld",Industrial,General Miscellaneous,3.731500,10.422720,250000.000000,,-0.641984,0.000000,-0.641984,2605680.000000,False
1924,8001,"Shanghai Loan & Investment Co., Ld",Industrial,General Miscellaneous,4.850950,5.247550,250000.000000,0.373150,-0.075578,0.071109,-0.004469,1311887.500000,False
1924,8003,Oriental Press (L'Imprimerie Francaise),Miscellaneous,Printing & Media,54.479900,79.256100,940.000000,5.447990,-0.312609,0.068739,-0.243870,74500.734000,False
1924,7001,"Carlton, Ld",Real Estate,Hotels,39.553900,38.361400,10000.000000,,0.031086,0.000000,0.031086,383614.000000,False
1924,7002,"Asia Realty Co., Inc",Real Estate,Hotels,100.000000,100.000000,10000.000000,7.000000,0.000000,0.070000,0.070000,1000000.000000,False
1924,7003,"Raven Trust Co., Inc (ordinary)",Real Estate,Hotels,10.000000,10.000000,100000.000000,,0.000000,0.000000,0.000000,1000000.000000,False
1924,7004,"Raven Trust Co., Inc (preference)",Real Estate,Hotels,10.000000,10.000000,,0.175000,0.000000,0.017500,0.017500,,False
1924,6001,"Chempedak Rubber & Gambier Estate, Ld",Plantations,Rubber Plantations,3.918075,5.066600,35000.000000,0.373150,-0.226686,0.073649,-0.153037,177331.000000,False
1924,6002,"Alma Estates, Ld",Plantations,Rubber Plantations,4.850950,4.885650,70000.000000,0.373150,-0.007102,0.076377,0.069274,341995.500000,False
1924,6003,Kroewek Java Plantations Ld,Plantations,Rubber Plantations,12.687100,11.580800,70000.000000,0.373150,0.095529,0.032221,0.127750,810656.000000,False
1924,6005,Tebong Rubber Estate Ld,Plantations,Rubber Plantations,1.119450,1.013320,750000.000000,0.037315,0.104735,0.036824,0.141559,759990.000000,False
1924,6006,"Dominion Rubber Co., Ld",Plantations,Rubber Plantations,1.865750,2.062830,350000.000000,0.037315,-0.095539,0.018089,-0.077449,721990.500000,False
1924,6007,"Ayer Tawah Rubber Plantation Co., Ld",Plantations,Rubber Plantations,14.552850,15.199800,30000.000000,1.119450,-0.042563,0.073649,0.031086,455994.000000,False
1924,6009,"Anglo-Dutch (Java) Plantations, Ld",Plantations,Rubber Plantations,2.873255,2.099020,400000.000000,0.149260,0.368855,0.071109,0.439965,839608.000000,False
1924,6010,"Anglo-Java Estates, Ld",Plantations,Rubber Plantations,6.343550,4.704700,500000.000000,0.223890,0.348343,0.047589,0.395932,2352350.000000,False
1924,6011,"Batu Annam (Johore) Rubber Estate, Ld",Plantations,Rubber Plantations,0.671670,0.796180,400000.000000,0.037315,-0.156384,0.046868,-0.109517,318472.000000,False
1924,6012,"Bukit Toh Alang Rubber Estate, Ld",Plantations,Rubber Plantations,0.932875,0.814275,500000.000000,0.037315,0.145651,0.045826,0.191477,407137.500000,False
1924,6013,"Bute Plantations (1913), Ld",Plantations,Rubber Plantations,0.559725,0.542850,300000.000000,0.037315,0.031086,0.068739,0.099825,162855.000000,False
1924,6014,"Chemor United Rubber Co., Ld",Plantations,Rubber Plantations,0.970190,0.778085,400000.000000,0.037315,0.246895,0.047957,0.294852,311234.000000,False
1924,6015,"Cheng Rubber Estates, Ld",Plantations,Rubber Plantations,0.429122,1.266650,135000.000000,0.149260,-0.661215,0.117838,-0.543376,170997.750000,False
1924,6016,"Consolidated Rubber Estates (1914), Ld",Plantations,Rubber Plantations,2.462790,2.062830,500000.000000,0.111945,0.193889,0.054268,0.248157,1031415.000000,False
1924,6017,"Gula Kalumpong Rubber Estates, Ld",Plantations,Rubber Plantations,7.463000,7.961800,750000.000000,0.470125,-0.062649,0.059048,-0.003602,5971350.000000,False
1924,6019,"Java Consolidated Rubber & Coffee Co., Ld",Plantations,Rubber Plantations,11.007925,10.133200,85000.000000,0.373150,0.086323,0.036824,0.123147,861322.000000,False
1924,6022,"Karan Rubber Estate Co., Ld",Plantations,Rubber Plantations,3.731500,5.066600,25000.000000,0.447780,-0.263510,0.088379,-0.175131,126665.000000,False
1924,6023,"Kotah Bahroe Rubber Estates (1921), Ld",Plantations,Rubber Plantations,0.970190,0.796180,390000.000000,,0.218556,0.000000,0.218556,310510.200000,False
1924,5002,"Ewo Cotton Sp. & W. Co., Ld (preference)",Cotton,Cotton & Textiles,80.600400,81.789400,10000.000000,5.970400,-0.014537,0.072997,0.058460,817894.000000,False
1924,6026,"Padang Rubber Co., Ltd",Plantations,Rubber Plantations,3.731500,4.704700,50000.000000,0.037315,-0.206857,0.007931,-0.198926,235235.000000,False
1924,6027,"Pengkalan Durian Estate (1921), Ld",Plantations,Rubber Plantations,0.970190,0.959035,150000.000000,0.000373,0.011631,0.000389,0.012021,143855.250000,False
1924,6028,"Permata Rubber Estates, Ld",Plantations,Rubber Plantations,2.612050,2.533300,50000.000000,0.223890,0.031086,0.088379,0.119465,126665.000000,False
1924,6030,"Samagaga Rubber Co., Ld",Plantations,Rubber Plantations,0.653012,0.579040,600000.000000,0.037315,0.127750,0.064443,0.192193,347424.000000,False
1924,6031,"See Kee Rubber Estates (1918), Ld",Plantations,Rubber Plantations,0.746300,0.796180,100000.000000,,-0.062649,0.000000,-0.062649,79618.000000,False
1924,5008,"Oriental C.S. & W Co., Ld",Cotton,Cotton & Textiles,2.985200,3.836140,500000.000000,0.373150,-0.221822,0.097272,-0.124550,1918070.000000,False
1924,6032,"Semambu Rubber Estate, Ld",Plantations,Rubber Plantations,1.082135,0.995225,300000.000000,0.074630,0.087327,0.074988,0.162315,298567.500000,False
1924,6034,"Shanghai Klebang Rubber Estate, Ld",Plantations,Rubber Plantations,0.447780,0.434280,315000.000000,0.037315,0.031086,0.085924,0.117010,136798.200000,False
1924,6035,"Shanghai-Malay Rubber Estates, Ld",Plantations,Rubber Plantations,2.238900,3.438050,30000.000000,0.447780,-0.348788,0.130242,-0.218545,103141.500000,False
1924,6038,"Sua Manggis Rubber Co., Ld",Plantations,Rubber Plantations,2.779968,2.822820,56000.000000,0.261205,-0.015181,0.092533,0.077353,158077.920000,False
1924,6039,"Sungala Rubber Estate, Ld",Plantations,Rubber Plantations,0.932875,1.085700,100000.000000,0.037315,-0.140762,0.034370,-0.106392,108570.000000,False
1924,6040,"Sungei Duri Rubber Estate, Ld",Plantations,Rubber Plantations,5.410675,6.514200,40000.000000,0.634355,-0.169403,0.097380,-0.072023,260568.000000,False
1924,6042,"Tanah Merah Estates (1916), Ld",Plantations,Rubber Plantations,0.671670,0.579040,750000.000000,0.037315,0.159972,0.064443,0.224415,434280.000000,False
1924,6043,"Taiping Rubber Estates (1913), Ld",Plantations,Rubber Plantations,0.335835,0.560945,200000.000000,0.059704,-0.401305,0.106435,-0.294870,112189.000000,False
1924,6046,"Ziangbe Rubber Co., Ld",Plantations,Rubber Plantations,3.209090,2.497110,300000.000000,0.186575,0.285122,0.074716,0.359838,749133.000000,False
1924,6051,"Shanghai-Malay Rubber Estates, Ld (Preference)",Plantations,Rubber Plantations,6.343550,6.514200,30000.000000,0.298520,-0.026197,0.045826,0.019629,195426.000000,False
1924,6052,"Shanghai-Pahang Rubber Estates, Ld",Plantations,Rubber Plantations,0.746300,0.796180,200000.000000,0.067167,-0.062649,0.084362,0.021712,159236.000000,False
1924,6054,Shanghai Seremban Rubber Estates Ld,Plantations,Rubber Plantations,0.541067,0.579040,325000.000000,0.029852,-0.065578,0.051554,-0.014024,188188.000000,False
1924,6055,"Shanghai-Kedah Plantations, Ld",Plantations,Rubber Plantations,0.820930,0.904750,400000.000000,0.037315,-0.092644,0.041243,-0.051401,361900.000000,False
1924,6056,"Repah Rubber & Tapoica Estates, Ld",Plantations,Rubber Plantations,0.858245,0.687610,275000.000000,,0.248157,0.000000,0.248157,189092.750000,False
1924,6058,"Senawang Rubber Estates Co., (1921) Ld (ordinary)",Plantations,Rubber Plantations,0.746300,0.814275,300000.000000,,-0.083479,0.000000,-0.083479,244282.500000,False
1924,6070,"New Amherst Rubber Estate, Ld",Plantations,Rubber Plantations,0.186575,0.361900,400000.000000,,-0.484457,0.000000,-0.484457,144760.000000,False
1924,6071,"Kapayang Rubber Estates Co., Ld",Plantations,Rubber Plantations,7.015220,8.685600,15000.000000,0.373150,-0.192316,0.042962,-0.149354,130284.000000,False
1924,2501,"Ewo Cotton Sp. & W. Co., Ld",Cotton,Cotton & Textiles,9.030230,9.409400,1000000.000000,0.410465,-0.040297,0.043623,0.003326,9409400.000000,False
1924,2503,"Laou-kung-mow Cotton Spinning and Weaving Co., Ld",Cotton,Cotton & Textiles,5.970400,7.238000,20000.000000,1.492600,-0.175131,0.206217,0.031086,144760.000000,False
1924,2002,Humphrey's Estate & F.Co.Ld,Real Estate,Hotels,12.487500,12.143375,150000.000000,0.444000,0.028338,0.036563,0.064902,1821506.250000,False
1924,2003,"Wei-hai-wei Land & B.Co., Ld",Real Estate,Hotels,4.477800,4.342800,3674.000000,0.895560,0.031086,0.206217,0.237303,15955.447200,False
1924,2516,"S. Moutrie & Co., Ld",Miscellaneous,Retail & Stores,27.239950,26.418700,10000.000000,1.089598,0.031086,0.041243,0.072329,264187.000000,False
1924,2517,"Green Island Cement Co., Ld",Industrial,Cement & Building,9.851250,13.448460,400000.000000,0.277500,-0.267481,0.020634,-0.246847,5379384.000000,False
1924,2006,"Anglo-French Land Invest Co., Ld",Real Estate,Hotels,93.287500,86.856000,18000.000000,3.358350,0.074048,0.038666,0.112714,1563408.000000,False
1924,2526,"Shanghai Electric Construction Co., Ld (Bearer)",Miscellaneous,Utilities,12.090060,123.046000,40000.000000,0.376100,-0.901744,0.003057,-0.898687,4921840.000000,False
1924,1007,"Shanghai Waterworks Co.,Ld.",Industrial,Utilities,126.871000,123.769800,50000.000000,2.350625,0.025056,0.018992,0.044048,6188490.000000,False
1924,1013,Hall & Holtz Ld,Miscellaneous,Retail & Stores,2.996394,3.645781,28000.000000,1.089598,-0.178120,0.298865,0.120746,102081.856800,False
1924,502,"North-China Ins. Co., Ld",Insurance,General Insurance,101.496800,99.884400,10000.000000,4.701250,0.016143,0.047067,0.063210,998844.000000,False
1924,503,Union In. Society of Canton Limited,Insurance,General Insurance,149.850000,118.877250,200000.000000,3.761000,0.260544,0.031638,0.292182,23775450.000000,False
1924,504,Yangtsze Insurance Association,Insurance,General Insurance,21.791960,13.473537,250000.000000,1.225798,0.617390,0.090978,0.708368,3368384.250000,False
1924,1017,"Shanghai Land Investment Co., Ld",Real Estate,Hotels,97.019000,88.665500,78000.000000,2.238900,0.094214,0.025251,0.119465,6915909.000000,False
1924,1018,"J. Llewellyn & Co., Ld",Miscellaneous,Retail & Stores,16.343970,15.851220,1200.000000,3.268794,0.031086,0.206217,0.237303,19021.464000,False
1924,1019,"Shanghai House Bazzar & Motor, Co., Ld",Miscellaneous,General Miscellaneous,37.315000,36.190000,5400.000000,3.731500,0.031086,0.103109,0.134195,195426.000000,False
1924,1020,"Major Brothers, Limited",Industrial,General Miscellaneous,3.731500,3.619000,6000.000000,,0.031086,0.000000,0.031086,21714.000000,False
1924,1022,"Shanghai-Sumatra Tobacco Co., Ld",Plantations,Other Plantations,132.468250,65.142000,30000.000000,1.492600,1.033531,0.022913,1.056444,1954260.000000,False
1925,512,Canton Insurance Office,Insurance,General Insurance,351.780000,405.150000,10000.000000,12.898600,-0.131729,0.031837,-0.099892,4051500.000000,False
1925,1029,"Shanghai Gas Co., Ld",Industrial,Utilities,37.940000,32.837200,24000.000000,1.517600,0.155397,0.046216,0.201613,788092.800000,False
1925,1033,China Sugar Refining Co. Ld,Industrial,Sugar,18.175300,52.725000,80000.000000,23.452000,-0.655281,0.444798,-0.210483,4218000.000000,False
1925,1035,"Hongkong Land Invest. & A.Co., Ld (New Reg)",Real Estate,Hotels,40.308125,58.830000,400000.000000,1.172600,-0.314837,0.019932,-0.294905,23532000.000000,False
1925,1045,"Shanghai Mutual Telephone Co., Ld",Miscellaneous,Utilities,47.045600,56.718800,40000.000000,2.655800,-0.170547,0.046824,-0.123723,2268752.000000,False
1925,1050,"Maatschappij Co., in Langkat",Industrial,General Miscellaneous,15.176000,7.649575,250000.000000,0.379400,0.983901,0.049598,1.033499,1912393.750000,False
1925,1051,"Weeks & Co., Ld",Miscellaneous,Retail & Stores,2.769620,3.268794,30000.000000,0.886278,-0.152709,0.271133,0.118424,98063.820000,False
1925,1054,"China Import & Export Lumber Co., Ld",Industrial,General Miscellaneous,265.580000,261.205000,5000.000000,6.070400,0.016749,0.023240,0.039989,1306025.000000,False
1925,1060,"Lane, Crawford & Co., Ld",Miscellaneous,Retail & Stores,57.054172,52.845503,2500.000000,3.794000,0.079641,0.071794,0.151435,132113.757500,False
1925,1064,"Culty Dairy Co., Ltd",Miscellaneous,Food & Beverage,7.588000,7.463000,10000.000000,0.455280,0.016749,0.061005,0.077754,74630.000000,False
1925,601,"Hongkong Fire In. Co.,Limited",Insurance,General Insurance,351.780000,333.000000,8000.000000,20.520500,0.056396,0.061623,0.118020,2664000.000000,False
1925,602,"China Fire In. Co.,Limited",Insurance,General Insurance,93.808000,83.250000,20000.000000,4.104100,0.126823,0.049298,0.176121,1665000.000000,False
1925,606,"Far Eastern Insurance Co., Ld",Insurance,General Insurance,16.693600,16.418600,50000.000000,1.062320,0.016749,0.064702,0.081452,820930.000000,False
1925,607,Assurance Franco-Asiatique,Insurance,General Insurance,18.350000,269.750000,14000.000000,,-0.931974,0.000000,-0.931974,3776500.000000,False
1925,106,Hongkong & Shanghai Banking Corporation,Banking,Banks,609.316400,621.070860,400000.000000,14.538750,-0.018926,0.023409,0.004483,248428344.000000,False
1925,118,Chartered Bank of I.A. & C. London,Banking,Banks,95.864883,90.205234,600000.000000,3.392375,0.062742,0.037607,0.100349,54123140.625000,False
1925,703,Shanghai & H'kew Wharf Co.,Docks & Wharves,Wharves & Godowns,127.099000,158.588750,40000.000000,8.346800,-0.198562,0.052632,-0.145931,6343550.000000,False
1925,706,"Hongkong & Kowloon Wharf and Godown Co., Limited",Docks & Wharves,Wharves & Godowns,76.219000,117.660000,30000.000000,3.517800,-0.352210,0.029898,-0.322312,3529800.000000,False
1925,709,"Shanghai Dock & Engineering Co., Ld",Docks & Wharves,Wharves & Godowns,87.262000,80.227250,55700.000000,5.121900,0.087685,0.063842,0.151528,4468657.825000,False
1925,712,"New England and Shipbuilding Works, Ld (Preference)",Docks & Wharves,Wharves & Godowns,4.059580,3.918075,500000.000000,0.303520,0.036116,0.077467,0.113583,1959037.500000,False
1925,713,"New England and Shipbuilding Works, Ld (ordinary)",Docks & Wharves,Wharves & Godowns,5.501300,5.597250,500000.000000,0.569100,-0.017142,0.101675,0.084533,2798625.000000,False
1925,224,Shell Transport & Trading Co. Ld (ordinary),Shipping,Steam Navigation,22.565352,20.097844,30000000.000000,0.605781,0.122775,0.030142,0.152916,602935312.500000,False
1925,225,"Shanghai Tug & Lighter Co., Ld (ordinary shares)",Shipping,Tugs & Lighters,56.910000,69.032750,20000.000000,4.173400,-0.175609,0.060455,-0.115153,1380655.000000,False
1925,226,"Shanghai Tug & Lighter Co., Ld (preference shares)",Shipping,Tugs & Lighters,36.801800,36.941850,10000.000000,1.327900,-0.003791,0.035946,0.032155,369418.500000,False
1925,228,Indo-China Steam Nav. Co. (deferred. ordinary),Shipping,Steam Navigation,82.082000,77.700000,120000.000000,,0.056396,0.000000,0.056396,9324000.000000,False
1925,236,Indo-China Steam Nav. Co.(preference),Shipping,Steam Navigation,22.279400,21.090000,120000.000000,1.453875,0.056396,0.068937,0.125333,2530800.000000,False
1925,9003,British-American Tobacco Co (ordinary),Industrial,Tobacco,27.219771,26.738359,18000000.000000,0.436163,0.018005,0.016312,0.034317,481290468.750000,False
1925,9005,"John Richards & Co., Ld",Industrial,General Miscellaneous,12.140800,7.463000,25000.000000,0.758800,0.626799,0.101675,0.728474,186575.000000,False
1925,9006,"Gordon & Co., Ltd",Industrial,General Miscellaneous,18.970000,18.657500,6000.000000,1.327900,0.016749,0.071172,0.087922,111945.000000,False
1925,9007,"Green Island Cement Co., Ld (New)",Industrial,Cement & Building,1.758900,3.330000,,0.087945,-0.471802,0.026410,-0.445392,,False
1925,817,"Chinese Engineering & Mining Co., Ld (Bearer)",Mining,General Mining,12.330500,14.552850,2000000.000000,0.484625,-0.152709,0.033301,-0.119408,29105700.000000,False
1925,306,Hongkong & W'pao Dock Co. Ld,Docks & Wharves,Wharves & Godowns,32.246500,83.250000,60000.000000,1.172600,-0.612655,0.014085,-0.598569,4995000.000000,False
1925,821,"Shanghai Exploration & Development Co., Ld",Industrial,General Miscellaneous,3.794000,3.731500,600000.000000,,0.016749,0.000000,0.016749,2238900.000000,False
1925,8001,"Shanghai Loan & Investment Co., Ld",Industrial,General Miscellaneous,6.373920,4.850950,250000.000000,0.455280,0.313953,0.093854,0.407807,1212737.500000,False
1925,8003,Oriental Press (L'Imprimerie Francaise),Miscellaneous,Printing & Media,55.392400,54.479900,940.000000,5.539240,0.016749,0.101675,0.118424,51211.106000,False
1925,8004,American Drug Co,Miscellaneous,Retail & Stores,9.970632,21.791960,10000.000000,,-0.542463,0.000000,-0.542463,217919.600000,False
1925,7001,"Carlton, Ld",Real Estate,Hotels,11.382000,39.553900,400000.000000,,-0.712241,0.000000,-0.712241,15821560.000000,False
1925,7002,"Asia Realty Co., Inc",Real Estate,Hotels,100.000000,100.000000,10000.000000,7.000000,0.000000,0.070000,0.070000,1000000.000000,False
1925,7003,"Raven Trust Co., Inc (ordinary)",Real Estate,Hotels,10.000000,10.000000,100000.000000,0.700000,0.000000,0.070000,0.070000,1000000.000000,False
1925,7004,"Raven Trust Co., Inc (preference)",Real Estate,Hotels,10.000000,10.000000,,0.700000,0.000000,0.070000,0.070000,,False
1925,7005,"Hongkong & Shanghai Hotels., Ld",Real Estate,Hotels,5.863000,9.990000,1000000.000000,0.351780,-0.413113,0.035213,-0.377900,9990000.000000,False
1925,6001,"Chempedak Rubber & Gambier Estate, Ld",Plantations,Rubber Plantations,23.522800,3.918075,35000.000000,,5.003663,0.000000,5.003663,137132.625000,True
1925,6002,"Alma Estates, Ld",Plantations,Rubber Plantations,15.934800,4.850950,70000.000000,0.758800,2.284882,0.156423,2.441305,339566.500000,False
1925,6003,Kroewek Java Plantations Ld,Plantations,Rubber Plantations,34.146000,12.687100,70000.000000,0.758800,1.691395,0.059809,1.751204,888097.000000,False
1925,6005,Tebong Rubber Estate Ld,Plantations,Rubber Plantations,4.097520,1.119450,750000.000000,0.113820,2.660297,0.101675,2.761972,839587.500000,False
1925,6006,"Dominion Rubber Co., Ld",Plantations,Rubber Plantations,6.639500,1.865750,350000.000000,0.113820,2.558623,0.061005,2.619627,653012.500000,False
1925,6007,"Ayer Tawah Rubber Plantation Co., Ld",Plantations,Rubber Plantations,56.910000,14.552850,30000.000000,0.758800,2.910574,0.052141,2.962715,436585.500000,False
1925,6009,"Anglo-Dutch (Java) Plantations, Ld",Plantations,Rubber Plantations,7.777700,2.873255,400000.000000,0.151760,1.706930,0.052818,1.759748,1149302.000000,False
1925,6010,"Anglo-Java Estates, Ld",Plantations,Rubber Plantations,13.279000,6.343550,500000.000000,0.265580,1.093307,0.041866,1.135174,3171775.000000,False
1925,6011,"Batu Annam (Johore) Rubber Estate, Ld",Plantations,Rubber Plantations,2.124640,0.671670,400000.000000,0.037940,2.163220,0.056486,2.219706,268668.000000,False
1925,6012,"Bukit Toh Alang Rubber Estate, Ld",Plantations,Rubber Plantations,3.414600,0.932875,500000.000000,0.569100,2.660297,0.610050,3.270347,466437.500000,False
1925,6013,"Bute Plantations (1913), Ld",Plantations,Rubber Plantations,2.428160,0.559725,500000.000000,0.037940,3.338130,0.067783,3.405914,279862.500000,False
1925,6014,"Chemor United Rubber Co., Ld",Plantations,Rubber Plantations,3.262840,0.970190,400000.000000,0.113820,2.363094,0.117317,2.480411,388076.000000,False
1925,6015,"Cheng Rubber Estates, Ld",Plantations,Rubber Plantations,2.086700,0.429122,675000.000000,0.075880,3.862714,0.176826,4.039540,289657.687500,False
1925,6016,"Consolidated Rubber Estates (1914), Ld",Plantations,Rubber Plantations,5.501300,2.462790,500000.000000,0.091056,1.233767,0.036973,1.270740,1231395.000000,False
1925,6017,"Gula Kalumpong Rubber Estates, Ld",Plantations,Rubber Plantations,15.176000,7.463000,750000.000000,0.363469,1.033499,0.048703,1.082201,5597250.000000,False
1925,6019,"Java Consolidated Rubber & Coffee Co., Ld",Plantations,Rubber Plantations,28.455000,11.007925,85000.000000,0.569100,1.584956,0.051699,1.636655,935673.625000,False
1925,6023,"Kotah Bahroe Rubber Estates (1921), Ld",Plantations,Rubber Plantations,2.655800,0.970190,390000.000000,,1.737402,0.000000,1.737402,378374.100000,False
1925,5001,"Shanghai Cotton Manufacturing Co., Ld (Shanghai Boshoku K.K.)",Cotton,Cotton & Textiles,45.528000,43.285400,80000.000000,2.655800,0.051810,0.061356,0.113165,3462832.000000,False
1925,5002,"Ewo Cotton Sp. & W. Co., Ld (preference)",Cotton,Cotton & Textiles,75.880000,80.600400,10000.000000,6.070400,-0.058565,0.075315,0.016749,806004.000000,False
1925,6026,"Padang Rubber Co., Ltd",Plantations,Rubber Plantations,13.279000,3.731500,50000.000000,0.379400,2.558623,0.101675,2.660297,186575.000000,False
1925,6027,"Pengkalan Durian Estate (1921), Ld",Plantations,Rubber Plantations,3.794000,0.970190,150000.000000,0.075880,2.910574,0.078211,2.988786,145528.500000,False
1925,6028,"Permata Rubber Estates, Ld",Plantations,Rubber Plantations,7.967400,2.612050,50000.000000,0.189700,2.050248,0.072625,2.122873,130602.500000,False
1925,6030,"Samagaga Rubber Co., Ld",Plantations,Rubber Plantations,2.200520,0.653012,600000.000000,0.053116,2.369798,0.081340,2.451138,391807.500000,False
1925,5008,"Oriental C.S. & W Co., Ld",Cotton,Cotton & Textiles,3.035200,2.985200,500000.000000,0.379400,0.016749,0.127094,0.143843,1492600.000000,False
1925,5010,"Shanghai Cotton Manufacturing Co., Ld (Shanghai Boshoku K.K.) (New)",Cotton,Cotton & Textiles,22.764000,25.001050,40000.000000,,-0.089478,0.000000,-0.089478,1000042.000000,False
1925,6032,"Semambu Rubber Estate, Ld",Plantations,Rubber Plantations,1.972880,1.082135,300000.000000,0.075880,0.823137,0.070121,0.893257,324640.500000,False
1925,6034,"Shanghai Klebang Rubber Estate, Ld",Plantations,Rubber Plantations,1.669360,0.447780,315000.000000,0.151760,2.728081,0.338916,3.066997,141050.700000,False
1925,6035,"Shanghai-Malay Rubber Estates, Ld",Plantations,Rubber Plantations,23.522800,2.238900,30000.000000,0.379400,9.506409,0.169458,9.675868,67167.000000,True
1925,6038,"Sua Manggis Rubber Co., Ld",Plantations,Rubber Plantations,8.346800,2.779968,56000.000000,0.189700,2.002481,0.068238,2.070719,155678.180000,False
1925,6039,"Sungala Rubber Estate, Ld",Plantations,Rubber Plantations,4.059580,0.932875,100000.000000,0.075880,3.351687,0.081340,3.433027,93287.500000,False
1925,6040,"Sungei Duri Rubber Estate, Ld",Plantations,Rubber Plantations,18.590600,5.410675,40000.000000,0.644980,2.435911,0.119205,2.555117,216427.000000,False
1925,6042,"Tanah Merah Estates (1916), Ld",Plantations,Rubber Plantations,2.200520,0.671670,750000.000000,0.075880,2.276192,0.112972,2.389164,503752.500000,False
1925,6043,"Taiping Rubber Estates (1913), Ld",Plantations,Rubber Plantations,1.517600,0.335835,200000.000000,0.037940,3.518886,0.112972,3.631858,67167.000000,False
1925,6046,"Ziangbe Rubber Co., Ld",Plantations,Rubber Plantations,8.726200,3.209090,300000.000000,0.189700,1.719213,0.059113,1.778327,962727.000000,False
1925,6051,"Shanghai-Malay Rubber Estates, Ld (Preference)",Plantations,Rubber Plantations,24.281600,6.343550,30000.000000,0.379400,2.827762,0.059809,2.887571,190306.500000,False
1925,6052,"Shanghai-Pahang Rubber Estates, Ld",Plantations,Rubber Plantations,4.059580,0.746300,200000.000000,0.113820,4.439609,0.152512,4.592121,149260.000000,False
1925,6054,Shanghai Seremban Rubber Estates Ld,Plantations,Rubber Plantations,1.897000,0.541067,325000.000000,0.037940,2.506032,0.070121,2.576153,175846.937500,False
1925,6055,"Shanghai-Kedah Plantations, Ld",Plantations,Rubber Plantations,3.680180,0.820930,400000.000000,0.037940,3.482940,0.046216,3.529156,328372.000000,False
1925,6056,"Repah Rubber & Tapoica Estates, Ld",Plantations,Rubber Plantations,3.794000,0.858245,275000.000000,0.113820,3.420649,0.132619,3.553269,236017.375000,False
1925,6058,"Senawang Rubber Estates Co., (1921) Ld (ordinary)",Plantations,Rubber Plantations,3.604300,0.746300,300000.000000,0.113820,3.829559,0.152512,3.982072,223890.000000,False
1925,6059,"Gula Kalumpong Rubber Estates, Ld (New)",Plantations,Rubber Plantations,7.588000,3.544925,,0.181734,1.140525,0.051266,1.191791,,False
1925,6060,"Kali Glidik Coffee Estates, Ld",Plantations,Other Plantations,6.070400,10.448200,70000.000000,1.138200,-0.419000,0.108937,-0.310063,731374.000000,False
1925,6070,"New Amherst Rubber Estate, Ld",Plantations,Rubber Plantations,2.276400,0.186575,500000.000000,,11.200992,0.000000,11.200992,93287.500000,True
1925,6071,"Kapayang Rubber Estates Co., Ld",Plantations,Rubber Plantations,29.593200,7.015220,15000.000000,0.758800,3.218428,0.108165,3.326593,105228.300000,False
1925,2501,"Ewo Cotton Sp. & W. Co., Ld",Cotton,Cotton & Textiles,8.232980,9.030230,1000000.000000,0.189700,-0.088287,0.021007,-0.067280,9030230.000000,False
1925,2002,Humphrey's Estate & F.Co.Ld,Real Estate,Hotels,9.380800,12.487500,150000.000000,0.293150,-0.248785,0.023475,-0.225309,1873125.000000,False
1925,2003,"Wei-hai-wei Land & B.Co., Ld",Real Estate,Hotels,6.070400,4.477800,3674.000000,0.910560,0.355666,0.203350,0.559016,16451.437200,False
1925,2516,"S. Moutrie & Co., Ld",Miscellaneous,Retail & Stores,27.696200,27.239950,10000.000000,1.384810,0.016749,0.050837,0.067587,272399.500000,False
1925,2517,"Green Island Cement Co., Ld",Industrial,Cement & Building,7.328750,9.851250,400000.000000,0.732875,-0.256059,0.074394,-0.181665,3940500.000000,False
1925,2006,"Anglo-French Land Invest Co., Ld",Real Estate,Hotels,104.335000,93.287500,18000.000000,3.035200,0.118424,0.032536,0.150960,1679175.000000,False
1925,2526,"Shanghai Electric Construction Co., Ld (Bearer)",Miscellaneous,Utilities,12.520200,12.090060,40000.000000,0.145388,0.035578,0.012025,0.047603,483602.400000,False
1925,1013,Hall & Holtz Ld,Miscellaneous,Retail & Stores,2.825012,2.996394,28000.000000,1.107848,-0.057196,0.369727,0.312531,83899.046000,False
1925,502,"North-China Ins. Co., Ld",Insurance,General Insurance,94.850000,101.496800,10000.000000,6.057813,-0.065488,0.059685,-0.005803,1014968.000000,False
1925,503,Union In. Society of Canton Limited,Insurance,General Insurance,146.575000,149.850000,200000.000000,3.877000,-0.021855,0.025873,0.004017,29970000.000000,False
1925,504,Yangtsze Insurance Association,Insurance,General Insurance,19.387340,21.791960,250000.000000,1.246329,-0.110344,0.057192,-0.053152,5447990.000000,False
1925,1017,"Shanghai Land Investment Co., Ld",Real Estate,Hotels,108.887800,97.019000,78000.000000,2.276400,0.122335,0.023463,0.145798,7567482.000000,False
1925,1018,"J. Llewellyn & Co., Ld",Miscellaneous,Retail & Stores,16.617720,16.343970,1200.000000,3.323544,0.016749,0.203350,0.220099,19612.764000,False
1925,1019,"Shanghai House Bazzar & Motor, Co., Ld",Miscellaneous,General Miscellaneous,37.940000,37.315000,5400.000000,3.794000,0.016749,0.101675,0.118424,201501.000000,False
1925,1020,"Major Brothers, Limited",Industrial,General Miscellaneous,3.794000,3.731500,6000.000000,,0.016749,0.000000,0.016749,22389.000000,False
1925,1022,"Shanghai-Sumatra Tobacco Co., Ld",Plantations,Other Plantations,28.455000,132.468250,30000.000000,0.758800,-0.785194,0.005728,-0.779466,3974047.500000,False
1926,512,Canton Insurance Office,Insurance,General Insurance,288.000000,351.780000,10000.000000,10.560000,-0.181306,0.030019,-0.151288,3517800.000000,False
1926,1029,"Shanghai Gas Co., Ld",Industrial,Utilities,29.500000,37.940000,24000.000000,1.180000,-0.222457,0.031102,-0.191355,910560.000000,False
1926,1033,China Sugar Refining Co. Ld,Industrial,Sugar,10.080000,18.175300,80000.000000,19.200000,-0.445401,1.056379,0.610978,1454024.000000,False
1926,1035,"Hongkong Land Invest. & A.Co., Ld",Real Estate,Hotels,27.600000,40.308125,240000.000000,0.960000,-0.315275,0.023817,-0.291458,9673950.000000,False
1926,1045,"Shanghai Mutual Telephone Co., Ld",Miscellaneous,Utilities,38.940000,47.045600,50000.000000,2.212500,-0.172292,0.047029,-0.125264,2352280.000000,False
1926,1050,"Maatschappij Co., in Langkat",Industrial,General Miscellaneous,7.522500,15.176000,250000.000000,0.147500,-0.504316,0.009719,-0.494597,3794000.000000,False
1926,1051,"Weeks & Co., Ld",Miscellaneous,Retail & Stores,2.476525,2.769620,28000.000000,0.689120,-0.105825,0.248814,0.142989,77549.360000,False
1926,1054,"China Import & Export Lumber Co., Ld",Industrial,General Miscellaneous,206.500000,265.580000,5000.000000,4.720000,-0.222457,0.017772,-0.204684,1327900.000000,False
1926,1060,"Lane, Crawford & Co., Ld",Miscellaneous,Retail & Stores,43.070000,57.054172,2500.000000,2.153500,-0.245103,0.037745,-0.207359,142635.430000,False
1926,1064,"Culty Dairy Co., Ltd",Miscellaneous,Food & Beverage,6.195000,7.588000,10000.000000,0.354000,-0.183579,0.046653,-0.136927,75880.000000,False
1926,601,"Hongkong Fire In. Co.,Limited",Insurance,General Insurance,297.600000,351.780000,5000.000000,18.240000,-0.154017,0.051851,-0.102166,1758900.000000,False
1926,602,"China Fire In. Co.,Limited",Insurance,General Insurance,76.800000,93.808000,20000.000000,4.320000,-0.181306,0.046052,-0.135255,1876160.000000,False
1926,606,"Far Eastern Insurance Co., Ld",Insurance,General Insurance,12.980000,16.693600,50000.000000,0.826000,-0.222457,0.049480,-0.172976,834680.000000,False
1926,607,Assurance Franco-Asiatique,Insurance,General Insurance,17.865000,18.350000,14000.000000,,-0.026431,0.000000,-0.026431,256900.000000,False
1926,608,"Asia Life Insurance Co., Ld",Insurance,General Insurance,300.000000,300.000000,5000.000000,,0.000000,0.000000,0.000000,1500000.000000,False
1926,106,Hongkong & Shanghai Banking Corporation,Banking,Banks,527.607500,609.316400,400000.000000,14.520000,-0.134099,0.023830,-0.110269,243726560.000000,False
1926,118,Chartered Bank of I.A. & C. London,Banking,Banks,104.665000,95.864883,500000.000000,1.694000,0.091797,0.017671,0.109468,47932441.406250,False
1926,703,Shanghai & H'kew Wharf Co.,Docks & Wharves,Wharves & Godowns,100.300000,127.099000,40000.000000,1.770000,-0.210851,0.013926,-0.196925,5083960.000000,False
1926,706,"Hongkong & Kowloon Wharf and Godown Co., Limited",Docks & Wharves,Wharves & Godowns,58.800000,76.219000,50000.000000,2.880000,-0.228539,0.037786,-0.190753,3810950.000000,False
1926,709,"Shanghai Dock & Engineering Co., Ld",Docks & Wharves,Wharves & Godowns,64.900000,87.262000,55700.000000,4.867500,-0.256263,0.055780,-0.200482,4860493.400000,False
1926,712,"New England and Shipbuilding Works, Ld (Preference)",Docks & Wharves,Wharves & Godowns,3.091600,4.059580,500000.000000,0.236000,-0.238443,0.058134,-0.180309,2029790.000000,False
1926,713,"New England and Shipbuilding Works, Ld (ordinary)",Docks & Wharves,Wharves & Godowns,3.097500,5.501300,500000.000000,0.442500,-0.436951,0.080436,-0.356516,2750650.000000,False
1926,225,"Shanghai Tug & Lighter Co., Ld (ordinary shares)",Shipping,Tugs & Lighters,41.300000,56.910000,20000.000000,3.540000,-0.274293,0.062203,-0.212089,1138200.000000,False
1926,226,"Shanghai Tug & Lighter Co., Ld (preference shares)",Shipping,Tugs & Lighters,30.680000,36.801800,10000.000000,2.065000,-0.166345,0.056111,-0.110234,368018.000000,False
1926,228,Indo-China Steam Nav. Co. (deferred. ordinary),Shipping,Steam Navigation,19.200000,82.082000,120000.000000,,-0.766088,0.000000,-0.766088,9849840.000000,False
1926,230,"Hongkong Tug & Lighter Co., Ld",Shipping,Tugs & Lighters,0.600000,2.638350,200000.000000,,-0.772585,0.000000,-0.772585,527670.000000,False
1926,236,Indo-China Steam Nav. Co.(preference),Shipping,Steam Navigation,18.240000,22.279400,120000.000000,1.452000,-0.181306,0.065172,-0.116134,2673528.000000,False
1926,9005,"John Richards & Co., Ld",Industrial,General Miscellaneous,9.440000,12.140800,25000.000000,0.590000,-0.222457,0.048596,-0.173860,303520.000000,False
1926,9006,"Gordon & Co., Ltd",Industrial,General Miscellaneous,14.750000,18.970000,5000.000000,0.737500,-0.222457,0.038877,-0.183579,94850.000000,False
1926,9007,"Green Island Cement Co., Ld (New)",Industrial,Cement & Building,6.120000,1.758900,400000.000000,0.048000,2.479447,0.027290,2.506737,703560.000000,False
1926,9008,"Shanghai Waterworks Co.,Ld.(Bearer)",Industrial,Utilities,132.750000,125.202000,,,0.060287,0.000000,0.060287,,False
1926,817,"Chinese Engineering & Mining Co., Ld (Bearer)",Mining,General Mining,8.614000,12.330500,2000000.000000,0.484000,-0.301407,0.039252,-0.262155,24661000.000000,False
1926,306,Hongkong & W'pao Dock Co. Ld,Docks & Wharves,Wharves & Godowns,28.080000,32.246500,60000.000000,0.960000,-0.129208,0.029771,-0.099437,1934790.000000,False
1926,9009,"Shanghai Waterworks Co.,Ld.(Regd)",Industrial,Utilities,131.275000,125.202000,30000.000000,2.420000,0.048506,0.019329,0.067834,3756060.000000,False
1926,821,"Shanghai Exploration & Development Co., Ld",Industrial,General Miscellaneous,2.773000,3.794000,800000.000000,,-0.269109,0.000000,-0.269109,3035200.000000,False
1926,8001,"Shanghai Loan & Investment Co., Ld",Industrial,General Miscellaneous,4.897000,6.373920,250000.000000,0.590000,-0.231713,0.092565,-0.139148,1593480.000000,False
1926,8003,Oriental Press (L'Imprimerie Francaise),Miscellaneous,Printing & Media,43.070000,55.392400,840.000000,4.307000,-0.222457,0.077754,-0.144702,46529.616000,False
1926,8004,American Drug Co,Miscellaneous,Retail & Stores,4.307000,9.970632,10000.000000,,-0.568031,0.000000,-0.568031,99706.320000,False
1926,8005,"China General Omnibus Co., Ld",Miscellaneous,General Miscellaneous,5.900000,7.208600,100000.000000,,-0.181533,0.000000,-0.181533,720860.000000,False
1926,8022,"Shanghai Electric Construction Co., Ld (London)",Miscellaneous,Utilities,10.043000,11.812734,,,-0.149816,0.000000,-0.149816,,False
1926,7001,"Carlton, Ld",Real Estate,Hotels,8.850000,11.382000,400000.000000,,-0.222457,0.000000,-0.222457,4552800.000000,False
1926,7003,"Raven Trust Co., Inc (ordinary)",Real Estate,Hotels,10.000000,10.000000,100000.000000,10.000000,0.000000,1.000000,1.000000,1000000.000000,False
1926,7004,"Raven Trust Co., Inc (preference)",Real Estate,Hotels,10.000000,10.000000,,0.700000,0.000000,0.070000,0.070000,,False
1926,7005,"Hongkong & Shanghai Hotels., Ld",Real Estate,Hotels,4.896000,5.863000,1000000.000000,0.288000,-0.164933,0.049122,-0.115811,5863000.000000,False
1926,7006,Fonciere et Immobiliere de Chine,Real Estate,Hotels,64.900000,102.438000,4000.000000,5.900000,-0.366446,0.057596,-0.308850,409752.000000,False
1926,6001,"Chempedak Rubber & Gambier Estate, Ld",Plantations,Rubber Plantations,12.685000,23.522800,35000.000000,0.442500,-0.460736,0.018812,-0.441924,823298.000000,False
1926,6002,"Alma Estates, Ld",Plantations,Rubber Plantations,8.850000,15.934800,70000.000000,0.442500,-0.444612,0.027769,-0.416842,1115436.000000,False
1926,6003,Kroewek Java Plantations Ld,Plantations,Rubber Plantations,21.682500,34.146000,70000.000000,0.590000,-0.365006,0.017279,-0.347727,2390220.000000,False
1926,6005,Tebong Rubber Estate Ld,Plantations,Rubber Plantations,2.183000,4.097520,750000.000000,0.088500,-0.467239,0.021598,-0.445640,3073140.000000,False
1926,6006,"Dominion Rubber Co., Ld",Plantations,Rubber Plantations,4.041500,6.639500,350000.000000,0.118000,-0.391295,0.017772,-0.373522,2323825.000000,False
1926,6007,"Ayer Tawah Rubber Plantation Co., Ld",Plantations,Rubber Plantations,3.687500,56.910000,30000.000000,0.118000,-0.935205,0.002073,-0.933131,1707300.000000,False
1926,6009,"Anglo-Dutch (Java) Plantations, Ld",Plantations,Rubber Plantations,3.540000,7.777700,400000.000000,0.088500,-0.544853,0.011379,-0.533474,3111080.000000,False
1926,6010,"Anglo-Java Estates, Ld",Plantations,Rubber Plantations,6.136000,13.279000,500000.000000,0.177000,-0.537917,0.013329,-0.524588,6639500.000000,False
1926,6011,"Batu Annam (Johore) Rubber Estate, Ld",Plantations,Rubber Plantations,1.091500,2.124640,400000.000000,0.059000,-0.486266,0.027769,-0.458496,849856.000000,False
1926,6012,"Bukit Toh Alang Rubber Estate, Ld",Plantations,Rubber Plantations,1.799500,3.414600,500000.000000,0.059000,-0.472998,0.017279,-0.455720,1707300.000000,False
1926,6013,"Bute Plantations (1913), Ld",Plantations,Rubber Plantations,1.180000,2.428160,500000.000000,0.029500,-0.514035,0.012149,-0.501886,1214080.000000,False
1926,6014,"Chemor United Rubber Co., Ld",Plantations,Rubber Plantations,1.666750,3.262840,400000.000000,0.059000,-0.489172,0.018082,-0.471090,1305136.000000,False
1926,6015,"Cheng Rubber Estates, Ld",Plantations,Rubber Plantations,1.150500,2.086700,675000.000000,0.059000,-0.448651,0.028274,-0.420377,1408522.500000,False
1926,6016,"Consolidated Rubber Estates (1914), Ld",Plantations,Rubber Plantations,2.950000,5.501300,500000.000000,0.088500,-0.463763,0.016087,-0.447676,2750650.000000,False
1926,6017,"Gula Kalumpong Rubber Estates, Ld",Plantations,Rubber Plantations,8.260000,15.176000,750000.000000,0.363000,-0.455720,0.023919,-0.431800,11382000.000000,False
1926,6019,"Java Consolidated Rubber & Coffee Co., Ld",Plantations,Rubber Plantations,15.782500,28.455000,85000.000000,0.442500,-0.445352,0.015551,-0.429801,2418675.000000,False
1926,6023,"Kotah Bahroe Rubber Estates (1921), Ld",Plantations,Rubber Plantations,1.121000,2.655800,390000.000000,0.059000,-0.577905,0.022216,-0.555689,1035762.000000,False
1926,5001,"Shanghai Cotton Manufacturing Co., Ld (Shanghai Boshoku K.K.)",Cotton,Cotton & Textiles,31.270000,45.528000,80000.000000,2.065000,-0.313170,0.045357,-0.267813,3642240.000000,False
1926,5002,"Ewo Cotton Sp. & W. Co., Ld (preference)",Cotton,Cotton & Textiles,62.540000,75.880000,10000.000000,4.720000,-0.175804,0.062203,-0.113600,758800.000000,False
1926,6026,"Padang Rubber Co., Ltd",Plantations,Rubber Plantations,5.900000,13.279000,50000.000000,0.590000,-0.555689,0.044431,-0.511258,663950.000000,False
1926,6027,"Pengkalan Durian Estate (1921), Ld",Plantations,Rubber Plantations,2.065000,3.794000,150000.000000,0.088500,-0.455720,0.023326,-0.432393,569100.000000,False
1926,6028,"Permata Rubber Estates, Ld",Plantations,Rubber Plantations,4.867500,7.967400,50000.000000,0.295000,-0.389073,0.037026,-0.352047,398370.000000,False
1926,6030,"Samagaga Rubber Co., Ld",Plantations,Rubber Plantations,1.121000,2.200520,600000.000000,0.088500,-0.490575,0.040218,-0.450357,1320312.000000,False
1926,5008,"Oriental C.S. & W Co., Ld",Cotton,Cotton & Textiles,1.622500,3.035200,500000.000000,0.295000,-0.465439,0.097193,-0.368246,1517600.000000,False
1926,5010,"Shanghai Cotton Manufacturing Co., Ld (Shanghai Boshoku K.K.) (New)",Cotton,Cotton & Textiles,14.750000,22.764000,40000.000000,,-0.352047,0.000000,-0.352047,910560.000000,False
1926,5011,"Zoong Sing Cotton Mills, Ld",Cotton,Cotton & Textiles,5.310000,7.588000,200000.000000,0.354000,-0.300211,0.046653,-0.253558,1517600.000000,False
1926,6032,"Semambu Rubber Estate, Ld",Plantations,Rubber Plantations,1.180000,1.972880,300000.000000,0.059000,-0.401890,0.029906,-0.371984,591864.000000,False
1926,6034,"Shanghai Klebang Rubber Estate, Ld",Plantations,Rubber Plantations,0.944000,1.669360,315000.000000,0.041300,-0.434514,0.024740,-0.409774,525848.400000,False
1926,6035,"Shanghai-Malay Rubber Estates, Ld",Plantations,Rubber Plantations,11.947500,23.522800,30000.000000,0.442500,-0.492089,0.018812,-0.473277,705684.000000,False
1926,6038,"Sua Manggis Rubber Co., Ld",Plantations,Rubber Plantations,4.720000,8.346800,56000.000000,0.206500,-0.434514,0.024740,-0.409774,467420.800000,False
1926,6039,"Sungala Rubber Estate, Ld",Plantations,Rubber Plantations,2.183000,4.059580,100000.000000,0.059000,-0.462260,0.014534,-0.447726,405958.000000,False
1926,6040,"Sungei Duri Rubber Estate, Ld",Plantations,Rubber Plantations,11.505000,18.590600,40000.000000,0.737500,-0.381139,0.039671,-0.341468,743624.000000,False
1926,6042,"Tanah Merah Estates (1916), Ld",Plantations,Rubber Plantations,1.062000,2.200520,1500000.000000,0.070800,-0.517387,0.032174,-0.485213,3300780.000000,False
1926,6043,"Taiping Rubber Estates (1913), Ld",Plantations,Rubber Plantations,0.855500,1.517600,200000.000000,0.029500,-0.436281,0.019439,-0.416842,303520.000000,False
1926,6046,"Ziangbe Rubber Co., Ld",Plantations,Rubber Plantations,5.900000,8.726200,300000.000000,0.177000,-0.323875,0.020284,-0.303591,2617860.000000,False
1926,6051,"Shanghai-Malay Rubber Estates, Ld (Preference)",Plantations,Rubber Plantations,11.947500,24.281600,30000.000000,,-0.507961,0.000000,-0.507961,728448.000000,False
1926,6052,"Shanghai-Pahang Rubber Estates, Ld",Plantations,Rubber Plantations,1.829000,4.059580,200000.000000,0.088500,-0.549461,0.021800,-0.527660,811916.000000,False
1926,6054,Shanghai Seremban Rubber Estates Ld,Plantations,Rubber Plantations,0.973500,1.897000,325000.000000,0.041300,-0.486821,0.021771,-0.465050,616525.000000,False
1926,6055,"Shanghai-Kedah Plantations, Ld",Plantations,Rubber Plantations,1.829000,3.680180,400000.000000,0.118000,-0.503013,0.032064,-0.470950,1472072.000000,False
1926,6056,"Repah Rubber & Tapoica Estates, Ld",Plantations,Rubber Plantations,1.770000,3.794000,500000.000000,0.088500,-0.533474,0.023326,-0.510148,1897000.000000,False
1926,6058,"Senawang Rubber Estates Co., (1921) Ld (ordinary)",Plantations,Rubber Plantations,2.242000,3.604300,300000.000000,0.059000,-0.377965,0.016369,-0.361596,1081290.000000,False
1926,6059,"Gula Kalumpong Rubber Estates, Ld (New)",Plantations,Rubber Plantations,4.130000,7.588000,,0.181500,-0.455720,0.023919,-0.431800,,False
1926,6060,"Kali Glidik Coffee Estates, Ld",Plantations,Other Plantations,6.490000,6.070400,100000.000000,0.885000,0.069122,0.145789,0.214912,607040.000000,False
1926,6061,"Shanghai-Kelantan Rubber Estate (1925), Ltd",Plantations,Rubber Plantations,0.796500,2.314340,,0.029500,-0.655841,0.012747,-0.643095,,False
1926,6070,"New Amherst Rubber Estate, Ld",Plantations,Rubber Plantations,0.737500,2.276400,500000.000000,0.088500,-0.676024,0.038877,-0.637146,1138200.000000,False
1926,6071,"Kapayang Rubber Estates Co., Ld",Plantations,Rubber Plantations,14.160000,29.593200,15000.000000,0.590000,-0.521512,0.019937,-0.501575,443898.000000,False
1926,2501,"Ewo Cotton Sp. & W. Co., Ld",Cotton,Cotton & Textiles,5.310000,8.232980,1000000.000000,0.147500,-0.355033,0.017916,-0.337117,8232980.000000,False
1926,2002,Humphrey's Estate & F.Co.Ld,Real Estate,Hotels,7.680000,9.380800,152000.000000,0.384000,-0.181306,0.040935,-0.140372,1425881.600000,False
1926,2516,"S. Moutrie & Co., Ld",Miscellaneous,Retail & Stores,21.535000,27.696200,10000.000000,1.076750,-0.222457,0.038877,-0.183579,276962.000000,False
1926,2517,"Green Island Cement Co., Ld",Industrial,Cement & Building,5.760000,7.328750,400000.000000,0.384000,-0.214054,0.052396,-0.161658,2931500.000000,False
1926,2006,"Anglo-French Land Invest Co., Ld",Real Estate,Hotels,85.550000,104.335000,18000.000000,2.360000,-0.180045,0.022619,-0.157426,1878030.000000,False
1926,2526,"Shanghai Electric Construction Co., Ld (Bearer)",Miscellaneous,Utilities,10.030000,12.520200,40000.000000,0.193600,-0.198895,0.015463,-0.183432,500808.000000,False
1926,1013,Hall & Holtz Ld,Miscellaneous,Retail & Stores,4.307000,2.825012,22000.000000,0.861400,0.524595,0.304919,0.829514,62150.272800,False
1926,502,"North-China Ins. Co., Ld",Insurance,General Insurance,82.600000,94.850000,10000.000000,6.050000,-0.129151,0.063785,-0.065366,948500.000000,False
1926,503,Union In. Society of Canton Limited,Insurance,General Insurance,142.560000,146.575000,200000.000000,3.872000,-0.027392,0.026417,-0.000976,29315000.000000,False
1926,504,Yangtsze Insurance Association,Insurance,General Insurance,17.228000,19.387340,250000.000000,0.969075,-0.111379,0.049985,-0.061394,4846835.000000,False
1926,1017,"Shanghai Land Investment Co., Ld",Real Estate,Hotels,84.075000,108.887800,75000.000000,1.770000,-0.227875,0.016255,-0.211620,8166585.000000,False
1926,1018,"J. Llewellyn & Co., Ld",Miscellaneous,Retail & Stores,12.921000,16.617720,1200.000000,2.584200,-0.222457,0.155509,-0.066948,19941.264000,False
1926,1019,"Shanghai House Bazzar & Motor, Co., Ld",Miscellaneous,General Miscellaneous,35.400000,37.940000,5400.000000,2.360000,-0.066948,0.062203,-0.004744,204876.000000,False
1926,1020,"Major Brothers, Limited",Industrial,General Miscellaneous,2.950000,3.794000,6000.000000,,-0.222457,0.000000,-0.222457,22764.000000,False
1926,1022,"Shanghai-Sumatra Tobacco Co., Ld",Plantations,Other Plantations,20.650000,28.455000,120000.000000,0.295000,-0.274293,0.010367,-0.263925,3414600.000000,False
1927,512,Canton Insurance Office,Insurance,General Insurance,287.850000,288.000000,10000.000000,11.110000,-0.000521,0.038576,0.038056,2880000.000000,False
1927,1029,"Shanghai Gas Co., Ld",Industrial,Utilities,33.537000,29.500000,24000.000000,1.277600,0.136847,0.043308,0.180156,708000.000000,False
1927,1033,China Sugar Refining Co. Ld,Industrial,Sugar,6.565000,10.080000,80000.000000,20.200000,-0.348710,2.003968,1.655258,806400.000000,False
1927,1035,"Hongkong Land Invest. & A.Co., Ld",Real Estate,Hotels,29.290000,27.600000,240000.000000,1.010000,0.061232,0.036594,0.097826,6624000.000000,False
1927,1045,"Shanghai Mutual Telephone Co., Ld",Miscellaneous,Utilities,38.966800,38.940000,50000.000000,2.395500,0.000688,0.061518,0.062206,1947000.000000,False
1927,1050,"Maatschappij Co., in Langkat",Industrial,General Miscellaneous,6.707400,7.522500,250000.000000,0.159700,-0.108355,0.021230,-0.087125,1880625.000000,False
1927,1051,"Weeks & Co., Ld",Miscellaneous,Retail & Stores,2.681363,2.476525,21822.000000,0.746118,0.082712,0.301276,0.383988,54042.728550,False
1927,1054,"China Import & Export Lumber Co., Ld",Industrial,General Miscellaneous,223.580000,206.500000,5000.000000,5.110400,0.082712,0.024748,0.107460,1032500.000000,False
1927,1060,"Lane, Crawford & Co., Ld",Miscellaneous,Retail & Stores,37.305920,43.070000,2500.000000,2.331620,-0.133831,0.054136,-0.079695,107675.000000,False
1927,1064,"Culty Dairy Co., Ltd",Miscellaneous,Food & Beverage,4.791000,6.195000,10000.000000,0.383280,-0.226634,0.061869,-0.164765,61950.000000,False
1927,601,"Hongkong Fire In. Co.,Limited",Insurance,General Insurance,297.950000,297.600000,8000.000000,20.200000,0.001176,0.067876,0.069052,2380800.000000,False
1927,602,"China Fire In. Co.,Limited",Insurance,General Insurance,108.575000,76.800000,20000.000000,4.545000,0.413737,0.059180,0.472917,1536000.000000,False
1927,606,"Far Eastern Insurance Co., Ld",Insurance,General Insurance,14.053600,12.980000,36000.000000,0.894320,0.082712,0.068900,0.151612,467280.000000,False
1927,607,Assurance Franco-Asiatique,Insurance,General Insurance,77.200000,17.865000,14000.000000,,3.321299,0.000000,3.321299,250110.000000,False
1927,608,"Asia Life Insurance Co., Ld",Insurance,General Insurance,300.000000,300.000000,1000.000000,,0.000000,0.000000,0.000000,300000.000000,False
1927,106,Hongkong & Shanghai Banking Corporation,Banking,Banks,582.905000,527.607500,160000.000000,14.632500,0.104808,0.027734,0.132542,84417200.000000,False
1927,118,Chartered Bank of I.A. & C. London,Banking,Banks,103.646875,104.665000,600000.000000,3.414250,-0.009727,0.032621,0.022893,62799000.000000,False
1927,703,Shanghai & H'kew Wharf Co.,Docks & Wharves,Wharves & Godowns,105.402000,100.300000,36000.000000,1.916400,0.050867,0.019107,0.069974,3610800.000000,False
1927,706,"Hongkong & Kowloon Wharf and Godown Co., Limited",Docks & Wharves,Wharves & Godowns,63.630000,58.800000,80000.000000,3.030000,0.082143,0.051531,0.133673,4704000.000000,False
1927,709,"Shanghai Dock & Engineering Co., Ld",Docks & Wharves,Wharves & Godowns,59.408400,64.900000,55200.000000,4.311900,-0.084616,0.066439,-0.018177,3582480.000000,False
1927,712,"New England and Shipbuilding Works, Ld (Preference)",Docks & Wharves,Wharves & Godowns,3.130120,3.091600,300000.000000,0.255520,0.012460,0.082650,0.095109,927480.000000,False
1927,713,"New England and Shipbuilding Works, Ld (ordinary)",Docks & Wharves,Wharves & Godowns,3.194000,3.097500,210000.000000,0.159700,0.031154,0.051558,0.082712,650475.000000,False
1927,225,"Shanghai Tug & Lighter Co., Ld (ordinary shares)",Shipping,Tugs & Lighters,41.522000,41.300000,,3.194000,0.005375,0.077337,0.082712,,False
1927,226,"Shanghai Tug & Lighter Co., Ld (preference shares)",Shipping,Tugs & Lighters,31.301200,30.680000,10000.000000,2.235800,0.020248,0.072875,0.093123,306800.000000,False
1927,228,Indo-China Steam Nav. Co. (deferred. ordinary),Shipping,Steam Navigation,24.240000,19.200000,49489.000000,,0.262500,0.000000,0.262500,950188.800000,False
1927,230,"Hongkong Tug & Lighter Co., Ld",Shipping,Tugs & Lighters,1.010000,0.600000,97380.000000,,0.683333,0.000000,0.683333,58428.000000,False
1927,236,Indo-China Steam Nav. Co.(preference),Shipping,Steam Navigation,15.150000,18.240000,49589.000000,1.463250,-0.169408,0.080222,-0.089186,904503.360000,False
1927,9005,"John Richards & Co., Ld",Industrial,General Miscellaneous,10.220800,9.440000,9800.000000,0.638800,0.082712,0.067669,0.150381,92512.000000,False
1927,9006,"Gordon & Co., Ltd",Industrial,General Miscellaneous,15.970000,14.750000,4757.000000,0.798500,0.082712,0.054136,0.136847,70165.750000,False
1927,9007,"Green Island Cement Co., Ld (New)",Industrial,Cement & Building,0.505000,6.120000,400000.000000,0.053863,-0.917484,0.008801,-0.908682,2448000.000000,False
1927,817,"Chinese Engineering & Mining Co., Ld (Bearer)",Mining,General Mining,13.414800,8.614000,1400000.000000,0.975500,0.557325,0.113246,0.670571,12059600.000000,False
1927,306,Hongkong & W'pao Dock Co. Ld,Docks & Wharves,Wharves & Godowns,17.675000,28.080000,60000.000000,1.010000,-0.370548,0.035969,-0.334580,1684800.000000,False
1927,821,"Shanghai Exploration & Development Co., Ld",Industrial,General Miscellaneous,1.756700,2.773000,597251.000000,,-0.366498,0.000000,-0.366498,1656177.023000,False
1927,8001,"Shanghai Loan & Investment Co., Ld",Industrial,General Miscellaneous,4.024440,4.897000,250000.000000,0.479100,-0.178183,0.097835,-0.080347,1224250.000000,False
1927,8003,Oriental Press (L'Imprimerie Francaise),Miscellaneous,Printing & Media,46.632400,43.070000,940.000000,4.663240,0.082712,0.108271,0.190983,40485.800000,False
1927,8004,American Drug Co,Miscellaneous,Retail & Stores,4.663240,4.307000,8328.000000,,0.082712,0.000000,0.082712,35868.696000,False
1927,8005,"China General Omnibus Co., Ld",Miscellaneous,General Miscellaneous,3.992500,5.900000,70300.000000,,-0.323305,0.000000,-0.323305,414770.000000,False
1927,7001,"Carlton, Ld",Real Estate,Hotels,9.582000,8.850000,6937.000000,,0.082712,0.000000,0.082712,61392.450000,False
1927,7003,"Raven Trust Co., Inc (ordinary)",Real Estate,Hotels,10.000000,10.000000,32540.000000,10.000000,0.000000,1.000000,1.000000,325400.000000,False
1927,7004,"Raven Trust Co., Inc (preference)",Real Estate,Hotels,10.000000,10.000000,32035.000000,0.700000,0.000000,0.070000,0.070000,320350.000000,False
1927,7005,"Hongkong & Shanghai Hotels., Ld",Real Estate,Hotels,3.661250,4.896000,796357.000000,0.303000,-0.252196,0.061887,-0.190308,3898963.872000,False
1927,7006,Fonciere et Immobiliere de Chine,Real Estate,Hotels,70.268000,64.900000,2000.000000,6.388000,0.082712,0.098428,0.181140,129800.000000,False
1927,7007,"Asia Realty Co., Fed . Inc., U.S.A",Real Estate,Hotels,46.632400,43.070000,8576.000000,5.595888,0.082712,0.129925,0.212637,369368.320000,False
1927,6001,"Chempedak Rubber & Gambier Estate, Ld",Plantations,Rubber Plantations,9.582000,12.685000,27305.000000,0.319400,-0.244620,0.025179,-0.219440,346363.925000,False
1927,6002,"Alma Estates, Ld",Plantations,Rubber Plantations,7.346200,8.850000,70000.000000,0.159700,-0.169921,0.018045,-0.151876,619500.000000,False
1927,6003,Kroewek Java Plantations Ld,Plantations,Rubber Plantations,1.948340,21.682500,55000.000000,0.031940,-0.910142,0.001473,-0.908669,1192537.500000,False
1927,6005,Tebong Rubber Estate Ld,Plantations,Rubber Plantations,2.108040,2.183000,710000.000000,0.044716,-0.034338,0.020484,-0.013854,1549930.000000,False
1927,6006,"Dominion Rubber Co., Ld",Plantations,Rubber Plantations,3.673100,4.041500,166745.000000,0.095820,-0.091154,0.023709,-0.067445,673899.917500,False
1927,6007,"Ayer Tawah Rubber Plantation Co., Ld",Plantations,Rubber Plantations,3.673100,3.687500,21879.000000,0.159700,-0.003905,0.043308,0.039403,80678.812500,False
1927,6009,"Anglo-Dutch (Java) Plantations, Ld",Plantations,Rubber Plantations,3.673100,3.540000,350000.000000,0.191640,0.037599,0.054136,0.091734,1239000.000000,False
1927,6010,"Anglo-Java Estates, Ld",Plantations,Rubber Plantations,6.451880,6.136000,496000.000000,0.095820,0.051480,0.015616,0.067096,3043456.000000,False
1927,6011,"Batu Annam (Johore) Rubber Estate, Ld",Plantations,Rubber Plantations,1.054020,1.091500,400000.000000,0.095820,-0.034338,0.087787,0.053449,436600.000000,False
1927,6012,"Bukit Toh Alang Rubber Estate, Ld",Plantations,Rubber Plantations,1.565060,1.799500,408650.000000,0.127760,-0.130281,0.070997,-0.059283,735365.675000,False
1927,6013,"Bute Plantations (1913), Ld",Plantations,Rubber Plantations,1.085960,1.180000,300000.000000,0.095820,-0.079695,0.081203,0.001508,354000.000000,False
1927,6014,"Chemor United Rubber Co., Ld",Plantations,Rubber Plantations,1.820580,1.666750,400000.000000,0.038328,0.092293,0.022996,0.115289,666700.000000,False
1927,6015,"Cheng Rubber Estates, Ld",Plantations,Rubber Plantations,0.926260,1.150500,274875.000000,0.051104,-0.194907,0.044419,-0.150488,316243.687500,False
1927,6016,"Consolidated Rubber Estates (1914), Ld",Plantations,Rubber Plantations,2.746840,2.950000,375000.000000,0.063880,-0.068868,0.021654,-0.047214,1106250.000000,False
1927,6017,"Gula Kalumpong Rubber Estates, Ld",Plantations,Rubber Plantations,10.220800,8.260000,465000.000000,0.243875,0.237385,0.029525,0.266910,3840900.000000,False
1927,6019,"Java Consolidated Rubber & Coffee Co., Ld",Plantations,Rubber Plantations,1.644910,15.782500,75000.000000,0.044716,-0.895776,0.002833,-0.892943,1183687.500000,False
1927,6023,"Kotah Bahroe Rubber Estates (1921), Ld",Plantations,Rubber Plantations,0.894320,1.121000,390000.000000,0.095820,-0.202212,0.085477,-0.116735,437190.000000,False
1927,5001,"Shanghai Cotton Manufacturing Co., Ld",Cotton,Cotton & Textiles,29.384800,31.270000,80000.000000,0.958200,-0.060288,0.030643,-0.029645,2501600.000000,False
1927,5002,"Ewo Cotton Sp. & W. Co., Ld (preference)",Cotton,Cotton & Textiles,63.880000,62.540000,9000.000000,5.110400,0.021426,0.081714,0.103140,562860.000000,False
1927,6026,"Padang Rubber Co., Ltd",Plantations,Rubber Plantations,0.479100,5.900000,50000.000000,0.063880,-0.918797,0.010827,-0.907969,295000.000000,False
1927,6027,"Pengkalan Durian Estate (1921), Ld",Plantations,Rubber Plantations,1.277600,2.065000,150000.000000,0.063880,-0.381308,0.030935,-0.350373,309750.000000,False
1927,6028,"Permata Rubber Estates, Ld",Plantations,Rubber Plantations,3.225940,4.867500,45317.000000,0.159700,-0.337249,0.032809,-0.304440,220580.497500,False
1927,6030,"Samagaga Rubber Co., Ld",Plantations,Rubber Plantations,0.926260,1.121000,411000.000000,0.044716,-0.173720,0.039889,-0.133831,460731.000000,False
1927,5008,"Oriental C.S. & W Co., Ld",Cotton,Cotton & Textiles,1.277600,1.622500,484000.000000,0.319400,-0.212573,0.196857,-0.015716,785290.000000,False
1927,5010,"Shanghai Cotton Manufacturing Co., Ld (New)",Cotton,Cotton & Textiles,13.893900,14.750000,40000.000000,0.479100,-0.058041,0.032481,-0.025559,590000.000000,False
1927,5011,"Zoong Sing Cotton Mills, Ld",Cotton,Cotton & Textiles,4.471600,5.310000,150000.000000,0.383280,-0.157891,0.072181,-0.085710,796500.000000,False
1927,6032,"Semambu Rubber Estate, Ld",Plantations,Rubber Plantations,0.958200,1.180000,300000.000000,0.127760,-0.187966,0.108271,-0.079695,354000.000000,False
1927,6034,"Shanghai Klebang Rubber Estate, Ld",Plantations,Rubber Plantations,0.670740,0.944000,313613.000000,0.051104,-0.289470,0.054136,-0.235335,296050.672000,False
1927,6035,"Shanghai-Malay Rubber Estates, Ld",Plantations,Rubber Plantations,9.582000,11.947500,30000.000000,0.191640,-0.197991,0.016040,-0.181951,358425.000000,False
1927,6038,"Sua Manggis Rubber Co., Ld",Plantations,Rubber Plantations,0.670740,4.720000,54000.000000,0.031940,-0.857894,0.006767,-0.851127,254880.000000,False
1927,6039,"Sungala Rubber Estate, Ld",Plantations,Rubber Plantations,1.373420,2.183000,100000.000000,0.051104,-0.370857,0.023410,-0.347447,218300.000000,False
1927,6040,"Sungei Duri Rubber Estate, Ld",Plantations,Rubber Plantations,9.901400,11.505000,40000.000000,0.958200,-0.139383,0.083286,-0.056097,460200.000000,False
1927,6042,"Tanah Merah Estates (1916), Ld",Plantations,Rubber Plantations,1.006110,1.062000,1300000.000000,0.095820,-0.052627,0.090226,0.037599,1380600.000000,False
1927,6043,"Taiping Rubber Estates, Ld",Plantations,Rubber Plantations,0.638800,0.855500,200000.000000,0.063880,-0.253302,0.074670,-0.178632,171100.000000,False
1927,6046,"Ziangbe Rubber Co., Ld",Plantations,Rubber Plantations,5.653380,5.900000,250000.000000,0.095820,-0.041800,0.016241,-0.025559,1475000.000000,False
1927,6051,"Shanghai-Malay Rubber Estates, Ld (Preference)",Plantations,Rubber Plantations,9.582000,11.947500,27380.000000,,-0.197991,0.000000,-0.197991,327122.550000,False
1927,6052,"Shanghai-Pahang Rubber Estates, Ld",Plantations,Rubber Plantations,1.501180,1.829000,200000.000000,0.095820,-0.179235,0.052389,-0.126845,365800.000000,False
1927,6054,Shanghai Seremban Rubber Estates Ld,Plantations,Rubber Plantations,0.766560,0.973500,325000.000000,0.083044,-0.212573,0.085305,-0.127269,316387.500000,False
1927,6055,"Shanghai-Kedah Plantations, Ld",Plantations,Rubber Plantations,1.756700,1.829000,300000.000000,0.127760,-0.039530,0.069852,0.030323,548700.000000,False
1927,6056,"Repah Rubber & Tapoica Estates, Ld",Plantations,Rubber Plantations,1.533120,1.770000,450000.000000,0.031940,-0.133831,0.018045,-0.115785,796500.000000,False
1927,6058,"Senawang Rubber Estates Co., (1921) Ld (ordinary)",Plantations,Rubber Plantations,1.852520,2.242000,285000.000000,0.038328,-0.173720,0.017095,-0.156624,638970.000000,False
1927,6059,"Gula Kalumpong Rubber Estates, Ld (New)",Plantations,Rubber Plantations,7.346200,4.130000,200000.000000,0.182906,0.778741,0.044287,0.823028,826000.000000,False
1927,6060,"Kali Glidik Coffee Estates, Ld",Plantations,Other Plantations,4.471600,6.490000,100000.000000,0.638800,-0.311002,0.098428,-0.212573,649000.000000,False
1927,6061,"Shanghai-Kelantan Rubber Estate (1925), Ltd",Plantations,Rubber Plantations,0.798500,0.796500,350000.000000,0.031940,0.002511,0.040100,0.042611,278775.000000,False
1927,6070,"New Amherst Rubber Estate, Ld",Plantations,Rubber Plantations,0.702680,0.737500,98945.000000,0.095820,-0.047214,0.129925,0.082712,72971.937500,False
1927,6071,"Kapayang Rubber Estates Co., Ld",Plantations,Rubber Plantations,12.137200,14.160000,14800.000000,0.638800,-0.142853,0.045113,-0.097740,209568.000000,False
1927,2501,"Ewo Cotton Sp. & W. Co., Ld",Cotton,Cotton & Textiles,4.567420,5.310000,900000.000000,0.415220,-0.139846,0.078196,-0.061650,4779000.000000,False
1927,2002,Humphreys Estate & F.Co.Ld,Real Estate,Hotels,6.565000,7.680000,150000.000000,0.404000,-0.145182,0.052604,-0.092578,1152000.000000,False
1927,2516,"S. Moutrie & Co., Ld",Miscellaneous,Retail & Stores,36.373272,21.535000,6168.000000,1.398972,0.689031,0.064963,0.753993,132827.880000,False
1927,2517,"Green Island Cement Co., Ld",Industrial,Cement & Building,3.333000,5.760000,400000.000000,0.404000,-0.421354,0.070139,-0.351215,2304000.000000,False
1927,2006,"Anglo-French Land Invest Co., Ld",Real Estate,Hotels,81.447000,85.550000,13000.000000,2.555200,-0.047960,0.029868,-0.018092,1112150.000000,False
1927,2526,"Shanghai Electric Construction Co., Ld (Bearer)",Miscellaneous,Utilities,9.102900,10.030000,50000.000000,0.195100,-0.092433,0.019452,-0.072981,501500.000000,False
1927,1013,Hall & Holtz Ld,Miscellaneous,Retail & Stores,3.730592,4.307000,26342.000000,0.279794,-0.133831,0.064963,-0.068868,113454.994000,False
1927,502,"North-China Ins. Co., Ld",Insurance,General Insurance,89.432000,82.600000,10000.000000,6.096875,0.082712,0.073812,0.156524,826000.000000,False
1927,503,Union In. Society of Canton Limited,Insurance,General Insurance,147.712500,142.560000,135000.000000,3.902000,0.036143,0.027371,0.063514,19245600.000000,False
1927,504,Yangtsze Insurance Association,Insurance,General Insurance,19.818770,17.228000,150000.000000,1.049229,0.150381,0.060903,0.211284,2584200.000000,False
1927,1017,"Shanghai Land Investment Co., Ld",Real Estate,Hotels,79.850000,84.075000,117000.000000,1.916400,-0.050253,0.022794,-0.027459,9836775.000000,False
1927,1018,"J. Llewellyn & Co., Ld",Miscellaneous,Retail & Stores,13.989720,12.921000,1200.000000,2.797944,0.082712,0.216542,0.299254,15505.200000,False
1927,1019,"Shanghai House Bazzar & Motor, Co., Ld",Miscellaneous,General Miscellaneous,35.772800,35.400000,5400.000000,2.555200,0.010531,0.072181,0.082712,191160.000000,False
1927,1020,"Major Brothers, Limited",Industrial,General Miscellaneous,3.194000,2.950000,5500.000000,,0.082712,0.000000,0.082712,16225.000000,False
1927,1022,"Shanghai-Sumatra Tobacco Co., Ld",Plantations,Other Plantations,9.102900,20.650000,76956.000000,0.638800,-0.559182,0.030935,-0.528247,1589141.400000,False
1928,512,Canton Insurance Office,Insurance,General Insurance,337.905000,287.850000,10000.000000,11.013200,0.173893,0.038260,0.212153,2878500.000000,False
1928,1029,"Shanghai Gas Co., Ld",Industrial,Utilities,35.128500,33.537000,24000.000000,1.277400,0.047455,0.038089,0.085544,804888.000000,False
1928,1033,China Sugar Refining Co. Ld,Industrial,Sugar,0.450540,6.565000,80000.000000,20.024000,-0.931372,3.050114,2.118742,525200.000000,False
1928,1035,"Hongkong Land Invest. & A.Co., Ld",Real Estate,Hotels,33.415050,29.290000,240000.000000,1.001200,0.140835,0.034182,0.175017,7029600.000000,False
1928,1045,"Shanghai Mutual Telephone Co., Ld",Miscellaneous,Utilities,38.960700,38.966800,50000.000000,2.395125,-0.000157,0.061466,0.061309,1948340.000000,False
1928,1050,"Maatschappij Co., in Langkat",Industrial,General Miscellaneous,3.353175,6.707400,250000.000000,0.319350,-0.500078,0.047612,-0.452467,1676850.000000,False
1928,1051,"Weeks & Co., Ld",Miscellaneous,Retail & Stores,1.398753,2.681363,21822.000000,0.746002,-0.478343,0.278217,-0.200125,58512.703386,False
1928,1054,"China Import & Export Lumber Co., Ld",Industrial,General Miscellaneous,223.545000,223.580000,5000.000000,5.109600,-0.000157,0.022854,0.022697,1117900.000000,False
1928,1060,"Lane, Crawford & Co., Ld",Miscellaneous,Retail & Stores,23.312550,37.305920,2500.000000,2.331255,-0.375098,0.062490,-0.312608,93264.800000,False
1928,1064,"Culty Dairy Co., Ltd",Miscellaneous,Food & Beverage,8.303100,4.791000,10000.000000,0.638700,0.733062,0.133312,0.866374,47910.000000,False
1928,601,"Hongkong Fire In. Co.,Limited",Insurance,General Insurance,361.683500,297.950000,8000.000000,21.525800,0.213907,0.072246,0.286153,2383600.000000,False
1928,602,"China Fire In. Co.,Limited",Insurance,General Insurance,107.629000,108.575000,20000.000000,4.505400,-0.008713,0.041496,0.032783,2171500.000000,False
1928,606,"Far Eastern Insurance Co., Ld",Insurance,General Insurance,14.051400,14.053600,36000.000000,0.894180,-0.000157,0.063626,0.063470,505929.600000,False
1928,607,Assurance Franco-Asiatique,Insurance,General Insurance,13.685000,77.200000,14000.000000,,-0.822733,0.000000,-0.822733,1080800.000000,False
1928,608,"Asia Life Insurance Co., Ld",Insurance,General Insurance,300.000000,300.000000,1000.000000,,0.000000,0.000000,0.000000,300000.000000,False
1928,106,Hongkong & Shanghai Banking Corporation,Banking,Banks,652.751400,582.905000,160000.000000,14.550000,0.119825,0.024961,0.144786,93264800.000000,False
1928,118,Chartered Bank of I.A. & C. London,Banking,Banks,106.093750,103.646875,600000.000000,3.395000,0.023608,0.032755,0.056363,62188125.000000,False
1928,703,Shanghai & H'kew Wharf Co.,Docks & Wharves,Wharves & Godowns,101.233950,105.402000,36000.000000,1.916100,-0.039544,0.018179,-0.021365,3794472.000000,False
1928,706,"Hongkong & Kowloon Wharf and Godown Co., Limited",Docks & Wharves,Wharves & Godowns,66.830100,63.630000,80000.000000,4.004800,0.050292,0.062939,0.113231,5090400.000000,False
1928,709,"Shanghai Dock & Engineering Co., Ld",Docks & Wharves,Wharves & Godowns,66.744150,59.408400,55200.000000,4.790250,0.123480,0.080633,0.204113,3279343.680000,False
1928,712,"New England and Shipbuilding Works, Ld (Preference)",Docks & Wharves,Wharves & Godowns,3.257370,3.130120,300000.000000,0.255480,0.040653,0.081620,0.122273,939036.000000,False
1928,713,"New England and Shipbuilding Works, Ld (ordinary)",Docks & Wharves,Wharves & Godowns,3.321240,3.194000,210000.000000,0.255480,0.039837,0.079987,0.119825,670740.000000,False
1928,225,"Shanghai Tug & Lighter Co., Ld (ordinary shares)",Shipping,Tugs & Lighters,38.960700,41.522000,26000.000000,3.193500,-0.061685,0.076911,0.015226,1079572.000000,False
1928,226,"Shanghai Tug & Lighter Co., Ld (preference shares)",Shipping,Tugs & Lighters,28.741500,31.301200,10000.000000,2.235450,-0.081776,0.071417,-0.010359,313012.000000,False
1928,228,Indo-China Steam Nav. Co. (deferred. ordinary),Shipping,Steam Navigation,35.042000,24.240000,49489.000000,0.000000,0.445627,0.000000,0.445627,1199613.360000,False
1928,230,"Hongkong Tug & Lighter Co., Ld",Shipping,Tugs & Lighters,0.800960,1.010000,97380.000000,,-0.206970,0.000000,-0.206970,98353.800000,False
1928,236,Indo-China Steam Nav. Co.(preference),Shipping,Steam Navigation,15.018000,15.150000,49589.000000,2.910000,-0.008713,0.192079,0.183366,751273.350000,False
1928,9006,"Gordon & Co., Ltd",Industrial,General Miscellaneous,15.967500,15.970000,4757.000000,0.798375,-0.000157,0.049992,0.049836,75969.290000,False
1928,9007,"Green Island Cement Co., Ld (New)",Industrial,Cement & Building,0.750900,0.505000,400000.000000,0.053394,0.486931,0.105731,0.592661,202000.000000,False
1928,817,"Chinese Engineering & Mining Co., Ld (Bearer)",Mining,General Mining,19.161000,13.414800,1400000.000000,1.455000,0.428348,0.108462,0.536810,18780720.000000,False
1928,306,Hongkong & W'pao Dock Co. Ld,Docks & Wharves,Wharves & Godowns,18.522200,17.675000,67640.000000,1.001200,0.047932,0.056645,0.104577,1195537.000000,False
1928,9010,"Shanghai Waterworks Co.,Ld.(Regd 20 pounds)",Industrial,Utilities,127.740000,108.596000,40236.000000,2.425000,0.176286,0.022330,0.198617,4369468.656000,False
1928,9011,"Shanghai Waterworks Co.,Ld.(Bearer 20 pounds)",Industrial,Utilities,130.933500,111.790000,,2.425000,0.171245,0.021692,0.192938,,False
1928,821,"Shanghai Exploration & Development Co., Ld",Industrial,General Miscellaneous,1.852230,1.756700,597251.000000,,0.054380,0.000000,0.054380,1049190.831700,False
1928,9012,"Shanghai Waterworks Co., Ld (Regd ""B"")",Industrial,Utilities,4.534770,4.152200,108505.000000,0.121250,0.092137,0.029201,0.121338,450534.461000,False
1928,9013,"Shanghai Waterworks Co., Ld (Bear. ""B"")",Industrial,Utilities,4.630575,4.311900,,0.121250,0.073906,0.028120,0.102026,,False
1928,9014,"Shanghai Waterworks Fittings Co., Ld",Industrial,Utilities,0.702570,0.638800,200467.000000,0.044709,0.099828,0.069989,0.169817,128058.319600,False
1928,8001,"Shanghai Loan & Investment Co., Ld",Industrial,General Miscellaneous,1.916100,4.024440,250000.000000,0.479025,-0.523884,0.119029,-0.404855,1006110.000000,False
1928,8006,"Kelly & Walsh, Ld.",Miscellaneous,Retail & Stores,6.061263,5.129564,33750.000000,0.279751,0.181633,0.054537,0.236170,173122.785000,False
1928,7001,"Carlton, Ld",Real Estate,Hotels,9.580500,9.582000,6937.000000,,-0.000157,0.000000,-0.000157,66470.334000,False
1928,7003,"Raven Trust Co., Inc (ordinary)",Real Estate,Hotels,10.000000,10.000000,32540.000000,10.000000,0.000000,1.000000,1.000000,325400.000000,False
1928,7004,"Raven Trust Co., Inc (preference)",Real Estate,Hotels,10.000000,10.000000,32035.000000,0.700000,0.000000,0.070000,0.070000,320350.000000,False
1928,7005,"Hongkong & Shanghai Hotels., Ld",Real Estate,Hotels,4.505400,3.661250,796357.000000,0.300360,0.230563,0.082038,0.312601,2915662.066250,False
1928,7006,Fonciere et Immobiliere de Chine,Real Estate,Hotels,65.786100,70.268000,2000.000000,4.470900,-0.063783,0.063626,-0.000157,140536.000000,False
1928,7007,"Asia Realty Co., Fed . Inc., U.S.A",Real Estate,Hotels,46.625100,46.632400,8576.000000,3.263757,-0.000157,0.069989,0.069832,399919.462400,False
1928,6001,"Chempedak Rubber & Gambier Estate, Ld",Plantations,Rubber Plantations,3.832200,9.582000,27305.000000,0.479025,-0.600063,0.049992,-0.550070,261636.510000,False
1928,6002,"Alma Estates, Ld",Plantations,Rubber Plantations,3.832200,7.346200,70000.000000,0.159675,-0.478343,0.021736,-0.456607,514234.000000,False
1928,6003,Kroewek Java Plantations Ld,Plantations,Rubber Plantations,1.117725,1.948340,550000.000000,0.063870,-0.426319,0.032782,-0.393538,1071587.000000,False
1928,6005,Tebong Rubber Estate Ld,Plantations,Rubber Plantations,0.846278,2.108040,710000.000000,0.044709,-0.598548,0.021209,-0.577339,1496708.400000,False
1928,6006,"Dominion Rubber Co., Ld",Plantations,Rubber Plantations,2.075775,3.673100,166745.000000,0.159675,-0.434871,0.043471,-0.391400,612471.059500,False
1928,6007,"Ayer Tawah Rubber Plantation Co., Ld",Plantations,Rubber Plantations,1.979970,3.673100,272042.000000,0.095805,-0.460954,0.026083,-0.434871,999237.470200,False
1928,6009,"Anglo-Dutch (Java) Plantations, Ld",Plantations,Rubber Plantations,1.884165,3.673100,350000.000000,0.095805,-0.487037,0.026083,-0.460954,1285585.000000,False
1928,6010,"Anglo-Java Estates, Ld",Plantations,Rubber Plantations,3.800265,6.451880,496000.000000,0.287415,-0.410983,0.044547,-0.366436,3200132.480000,False
1928,6011,"Batu Annam (Johore) Rubber Estate, Ld",Plantations,Rubber Plantations,0.287415,1.054020,400000.000000,0.095805,-0.727315,0.090895,-0.636421,421608.000000,False
1928,6012,"Bukit Toh Alang Rubber Estate, Ld",Plantations,Rubber Plantations,0.702570,1.565060,408650.000000,0.127740,-0.551091,0.081620,-0.469471,639561.769000,False
1928,6013,"Bute Plantations (1913), Ld",Plantations,Rubber Plantations,0.479025,1.085960,300000.000000,0.031935,-0.558893,0.029407,-0.529485,325788.000000,False
1928,6014,"Chemor United Rubber Co., Ld",Plantations,Rubber Plantations,0.702570,1.820580,400000.000000,0.051096,-0.614096,0.028066,-0.586030,728232.000000,False
1928,6015,"Cheng Rubber Estates, Ld",Plantations,Rubber Plantations,0.287415,0.926260,274875.000000,0.051096,-0.689704,0.055164,-0.634540,254605.717500,False
1928,6016,"Consolidated Rubber Estates (1914), Ld",Plantations,Rubber Plantations,1.469010,2.746840,375000.000000,0.127740,-0.465200,0.046504,-0.418696,1030065.000000,False
1928,6017,"Gula Kalumpong Rubber Estates, Ld",Plantations,Rubber Plantations,6.866025,10.220800,465000.000000,0.242500,-0.328230,0.023726,-0.304504,4752672.000000,False
1928,6019,"Java Consolidated Rubber & Coffee Co., Ld",Plantations,Rubber Plantations,0.862245,1.644910,750000.000000,0.063870,-0.475810,0.038829,-0.436981,1233682.500000,False
1928,6023,"Kotah Bahroe Rubber Estates (1921), Ld",Plantations,Rubber Plantations,0.447090,0.894320,390000.000000,0.095805,-0.500078,0.107126,-0.392952,348784.800000,False
1928,5001,"Shanghai Cotton Manufacturing Co., Ld",Cotton,Cotton & Textiles,41.834850,29.384800,80000.000000,0.958050,0.423690,0.032604,0.456294,2350784.000000,False
1928,5002,"Ewo Cotton Sp. & W. Co., Ld (preference)",Cotton,Cotton & Textiles,65.466750,63.880000,9000.000000,5.109600,0.024840,0.079987,0.104827,574920.000000,False
1928,6026,"Padang Rubber Co., Ltd",Plantations,Rubber Plantations,0.191610,0.479100,500000.000000,0.063870,-0.600063,0.133312,-0.466750,239550.000000,False
1928,6027,"Pengkalan Durian Estate (1921), Ld",Plantations,Rubber Plantations,0.383220,1.277600,150000.000000,0.063870,-0.700047,0.049992,-0.650055,191640.000000,False
1928,6028,"Permata Rubber Estates, Ld",Plantations,Rubber Plantations,1.437075,3.225940,45317.000000,0.255480,-0.554525,0.079196,-0.475330,146189.922980,False
1928,6030,"Samagaga Rubber Co., Ld",Plantations,Rubber Plantations,0.447090,0.926260,411000.000000,0.044709,-0.517317,0.048268,-0.469049,380692.860000,False
1928,6032,"Semambu Rubber Estate, Ld",Plantations,Rubber Plantations,0.383220,0.958200,300000.000000,0.127740,-0.600063,0.133312,-0.466750,287460.000000,False
1928,5010,"Shanghai Cotton Manufacturing Co., Ld (New)",Cotton,Cotton & Textiles,21.077100,13.893900,40000.000000,0.479025,0.517004,0.034477,0.551481,555756.000000,False
1928,5011,"Zoong Sing Cotton Mills, Ld",Cotton,Cotton & Textiles,5.812170,4.471600,150000.000000,0.383220,0.299796,0.085701,0.385497,670740.000000,False
1928,6034,"Shanghai Klebang Rubber Estate, Ld",Plantations,Rubber Plantations,0.255480,0.670740,313613.000000,0.051096,-0.619107,0.076179,-0.542929,210352.783620,False
1928,6035,"Shanghai-Malay Rubber Estates, Ld",Plantations,Rubber Plantations,4.151550,9.582000,30000.000000,0.063870,-0.566735,0.006666,-0.560069,287460.000000,False
1928,6038,"Sua Manggis Rubber Co., Ld",Plantations,Rubber Plantations,0.447090,0.670740,270000.000000,0.031935,-0.333438,0.047612,-0.285826,181099.800000,False
1928,6039,"Sungala Rubber Estate, Ld",Plantations,Rubber Plantations,0.734505,1.373420,145452.000000,0.044709,-0.465200,0.032553,-0.432647,199766.685840,False
1928,6040,"Sungei Duri Rubber Estate, Ld",Plantations,Rubber Plantations,4.630575,9.901400,40000.000000,0.958050,-0.532331,0.096759,-0.435572,396056.000000,False
1928,6042,"Tanah Merah Estates (1916), Ld",Plantations,Rubber Plantations,0.415155,1.006110,1300000.000000,0.031935,-0.587366,0.031741,-0.555625,1307943.000000,False
1928,6043,"Taiping Rubber Estates, Ld",Plantations,Rubber Plantations,0.255480,0.638800,200000.000000,0.063870,-0.600063,0.099984,-0.500078,127760.000000,False
1928,6046,"Ziangbe Rubber Co., Ld",Plantations,Rubber Plantations,3.193500,5.653380,250000.000000,0.031935,-0.435117,0.005649,-0.429468,1413345.000000,False
1928,6051,"Shanghai-Malay Rubber Estates, Ld (Preference)",Plantations,Rubber Plantations,5.109600,9.582000,27380.000000,,-0.466750,0.000000,-0.466750,262355.160000,False
1928,6052,"Shanghai-Pahang Rubber Estates, Ld",Plantations,Rubber Plantations,0.479025,1.501180,200000.000000,0.095805,-0.680901,0.063820,-0.617081,300236.000000,False
1928,6054,Shanghai Seremban Rubber Estates Ld,Plantations,Rubber Plantations,0.319350,0.766560,325000.000000,0.051096,-0.583399,0.066656,-0.516742,249132.000000,False
1928,6055,"Shanghai-Kedah Plantations, Ld",Plantations,Rubber Plantations,0.830310,1.756700,300000.000000,0.127740,-0.527347,0.072716,-0.454631,527010.000000,False
1928,6056,"Repah Rubber & Tapoica Estates, Ld",Plantations,Rubber Plantations,0.415155,1.533120,450000.000000,0.031935,-0.729209,0.020830,-0.708379,689904.000000,False
1928,6058,"Senawang Rubber Estates Co., (1921) Ld (ordinary)",Plantations,Rubber Plantations,0.638700,1.852520,285000.000000,0.038322,-0.655226,0.020686,-0.634540,527968.200000,False
1928,6059,"Gula Kalumpong Rubber Estates, Ld (New)",Plantations,Rubber Plantations,6.067650,7.346200,200000.000000,0.242500,-0.174042,0.033010,-0.141032,1469240.000000,False
1928,6060,"Kali Glidik Coffee Estates, Ld",Plantations,Other Plantations,5.109600,4.471600,100000.000000,0.638700,0.142678,0.142835,0.285513,447160.000000,False
1928,6061,"Shanghai-Kelantan Rubber Estate (1925), Ltd",Plantations,Rubber Plantations,0.255480,0.798500,350000.000000,0.031935,-0.680050,0.039994,-0.640056,279475.000000,False
1928,6070,"New Amherst Rubber Estate, Ld",Plantations,Rubber Plantations,0.159675,0.702680,104962.000000,0.095805,-0.772763,0.136342,-0.636421,73754.698160,False
1928,6071,"Kapayang Rubber Estates Co., Ld",Plantations,Rubber Plantations,9.580500,12.137200,14800.000000,0.638700,-0.210650,0.052623,-0.158027,179630.560000,False
1928,2501,"Ewo Cotton Sp. & W. Co., Ld",Cotton,Cotton & Textiles,8.430840,4.567420,900000.000000,0.255480,0.845865,0.055935,0.901800,4110678.000000,False
1928,2002,Humphreys Estate & F.Co.Ld,Real Estate,Hotels,7.809360,6.565000,150000.000000,0.400480,0.189545,0.061002,0.250547,984750.000000,False
1928,2516,"S. Moutrie & Co., Ld",Miscellaneous,Retail & Stores,36.367578,36.373272,8195.000000,1.398753,-0.000157,0.038456,0.038299,298078.964040,False
1928,2517,"Green Island Cement Co., Ld",Industrial,Cement & Building,3.904680,3.333000,400000.000000,0.400480,0.171521,0.120156,0.291677,1333200.000000,False
1928,2006,"Anglo-French Land Invest Co., Ld",Real Estate,Hotels,91.972800,81.447000,13000.000000,2.554800,0.129235,0.031368,0.160603,1058811.000000,False
1928,2526,"Shanghai Electric Construction Co., Ld (Bearer)",Miscellaneous,Utilities,13.732050,9.102900,500000.000000,0.242500,0.508536,0.026640,0.535176,4551450.000000,False
1928,1013,Hall & Holtz Ld,Miscellaneous,Retail & Stores,3.730008,3.730592,26342.000000,0.279751,-0.000157,0.074988,0.074832,98271.254464,False
1928,503,Union In. Society of Canton Limited,Insurance,General Insurance,182.719000,147.712500,135000.000000,3.880000,0.236991,0.026267,0.263258,19941187.500000,False
1928,504,Yangtsze Insurance Association,Insurance,General Insurance,23.312550,19.818770,150000.000000,1.515316,0.176286,0.076459,0.252745,2972815.500000,False
1928,1017,"Shanghai Land Investment Co., Ld",Real Estate,Hotels,105.385500,79.850000,117000.000000,1.916100,0.319793,0.023996,0.343790,9342450.000000,False
1928,1018,"J. Llewellyn & Co., Ld",Miscellaneous,Retail & Stores,13.987530,13.989720,1200.000000,2.797506,-0.000157,0.199969,0.199812,16787.664000,False
1928,1019,"Shanghai House Bazzar & Motor, Co., Ld",Miscellaneous,General Miscellaneous,44.709000,35.772800,5400.000000,2.554800,0.249804,0.071417,0.321222,193173.120000,False
1928,1020,"Major Brothers, Limited",Industrial,General Miscellaneous,3.193500,3.194000,5500.000000,,-0.000157,0.000000,-0.000157,17567.000000,False
1928,1022,"Shanghai-Sumatra Tobacco Co., Ld",Plantations,Other Plantations,5.045730,9.102900,76956.000000,0.798375,-0.445701,0.087706,-0.357995,700522.772400,False
1929,512,Canton Insurance Office,Insurance,General Insurance,289.745500,337.905000,10000.000000,9.171800,-0.142524,0.027143,-0.115381,3379050.000000,False
1929,1029,"Shanghai Gas Co., Ld",Industrial,Utilities,27.331200,35.128500,24000.000000,1.051200,-0.221965,0.029924,-0.192041,843084.000000,False
1929,1033,China Sugar Refining Co. Ld,Industrial,Sugar,0.499320,0.450540,80000.000000,,0.108270,0.000000,0.108270,36043.200000,False
1929,1035,"Hongkong Land Invest. & A.Co., Ld",Real Estate,Hotels,26.577375,33.415050,240000.000000,0.833800,-0.204629,0.024953,-0.179676,8019612.000000,False
1929,1045,"Shanghai Mutual Telephone Co., Ld",Industrial,Utilities,35.215200,38.960700,50000.000000,2.102400,-0.096135,0.053962,-0.042173,1948035.000000,False
1929,1050,"Maatschappij Co., in Langkat",Industrial,General Miscellaneous,4.861800,3.353175,250000.000000,0.262800,0.449909,0.078373,0.528283,838293.750000,False
1929,1051,"Weeks & Co., Ld",Miscellaneous,Retail & Stores,4.604256,1.398753,21822.000000,0.613901,2.291686,0.438891,2.730578,30523.587966,False
1929,1054,"China Import & Export Lumber Co., Ld",Industrial,General Miscellaneous,183.960000,223.545000,5000.000000,4.204800,-0.177078,0.018810,-0.158269,1117725.000000,False
1929,1060,"Lane, Crawford & Co., Ld",Miscellaneous,Retail & Stores,19.184400,23.312550,2500.000000,1.918440,-0.177078,0.082292,-0.094786,58281.375000,False
1929,1064,"Culty Dairy Co., Ltd",Industrial,Food & Beverage,7.621200,8.303100,10000.000000,0.525600,-0.082126,0.063302,-0.018824,83031.000000,False
1929,601,"Hongkong Fire In. Co.,Limited",Insurance,General Insurance,339.773500,361.683500,8000.000000,17.926700,-0.060578,0.049565,-0.011013,2893468.000000,False
1929,602,"China Fire In. Co.,Limited",Insurance,General Insurance,129.239000,107.629000,20000.000000,3.752100,0.200782,0.034861,0.235644,2152580.000000,False
1929,606,"Far Eastern Insurance Co., Ld",Insurance,General Insurance,11.563200,14.051400,36000.000000,0.735840,-0.177078,0.052368,-0.124711,505850.400000,False
1929,607,Assurance Franco-Asiatique,Insurance,General Insurance,3.930000,13.685000,14000.000000,,-0.712824,0.000000,-0.712824,191590.000000,False
1929,608,"Asia Life Insurance Co., Ld",Insurance,General Insurance,300.000000,300.000000,1000.000000,,0.000000,0.000000,0.000000,300000.000000,False
1929,106,Hongkong & Shanghai Banking Corporation,Banking,Banks,548.673840,652.751400,160000.000000,14.610000,-0.159444,0.022382,-0.137062,104440224.000000,False
1929,118,Chartered Bank of I.A. & C. London,Banking,Banks,87.660000,106.093750,600000.000000,3.409000,-0.173750,0.032132,-0.141618,63656250.000000,False
1929,703,Shanghai & H'kew Wharf Co.,Docks & Wharves,Wharves & Godowns,91.980000,101.233950,36000.000000,1.576800,-0.091412,0.015576,-0.075836,3644422.200000,False
1929,706,"Hongkong & Kowloon Wharf and Godown Co., Limited",Docks & Wharves,Wharves & Godowns,58.366000,66.830100,80000.000000,3.335200,-0.126651,0.049906,-0.076745,5346408.000000,False
1929,709,"Shanghai Dock & Engineering Co., Ld",Docks & Wharves,Wharves & Godowns,54.136800,66.744150,55200.000000,3.942000,-0.188891,0.059061,-0.129829,3684277.080000,False
1929,712,"New England and Shipbuilding Works, Ld (Preference)",Docks & Wharves,Wharves & Godowns,2.785680,3.257370,300000.000000,0.210240,-0.144807,0.064543,-0.080264,977211.000000,False
1929,713,"New England and Shipbuilding Works, Ld (ordinary)",Docks & Wharves,Wharves & Godowns,3.442680,3.321240,210000.000000,0.210240,0.036565,0.063302,0.099866,697460.400000,False
1929,225,"Shanghai Tug & Lighter Co., Ld (ordinary shares)",Shipping,Tugs & Lighters,41.785200,38.960700,26000.000000,2.628000,0.072496,0.067453,0.139949,1012978.200000,False
1929,226,"Shanghai Tug & Lighter Co., Ld (preference shares)",Shipping,Tugs & Lighters,26.937000,28.741500,10000.000000,1.839600,-0.062784,0.064005,0.001221,287415.000000,False
1929,228,Indo-China Steam Nav. Co. (deferred. ordinary),Shipping,Steam Navigation,29.183000,35.042000,49489.000000,7.305000,-0.167199,0.208464,0.041265,1734193.538000,False
1929,236,Indo-China Steam Nav. Co.(preference),Shipping,Steam Navigation,19.177400,15.018000,49589.000000,2.922000,0.276961,0.194567,0.471528,744727.602000,False
1929,9014,"Shanghai Waterworks Fittings Co., Ld",Industrial,Utilities,0.604440,0.702570,201187.000000,0.042048,-0.139673,0.059849,-0.079824,141347.950590,False
1929,9006,"Gordon & Co., Ltd",Industrial,General Miscellaneous,13.140000,15.967500,4757.000000,0.657000,-0.177078,0.041146,-0.135932,75957.397500,False
1929,9007,"Green Island Cement Co., Ld (New)",Industrial,Cement & Building,1.250700,0.750900,400000.000000,0.044467,0.665601,0.059218,0.724819,300360.000000,False
1929,817,"Chinese Engineering & Mining Co., Ld (Bearer)",Mining,General Mining,12.614400,19.161000,1400000.000000,0.974000,-0.341663,0.050832,-0.290830,26825400.000000,False
1929,306,Hongkong & W'pao Dock Co. Ld,Docks & Wharves,Wharves & Godowns,13.340800,18.522200,67640.000000,0.833800,-0.279740,0.045016,-0.234724,1252841.608000,False
1929,821,"Shanghai Exploration & Development Co., Ld",Industrial,General Miscellaneous,0.735840,1.852230,597251.000000,,-0.602728,0.000000,-0.602728,1106246.219730,False
1929,823,"Chosen Syndicate Ld. ""Bearer""",Mining,General Mining,3.652500,4.854120,496000.000000,0.304375,-0.247546,0.062704,-0.184842,2407643.520000,False
1929,9010,"Shanghai Waterworks Co.,Ld.(Regd 20 pounds)",Industrial,Utilities,119.574000,127.740000,40236.000000,0.304375,-0.063927,0.002383,-0.061544,5139746.640000,False
1929,9011,"Shanghai Waterworks Co.,Ld.(Bearer 20 pounds)",Industrial,Utilities,120.888000,130.933500,,0.304375,-0.076722,0.002325,-0.074397,,False
1929,9012,"Shanghai Waterworks Co., Ld (Regd ""B"")",Industrial,Utilities,4.625280,4.534770,108505.000000,0.182625,0.019959,0.040272,0.060231,492045.218850,False
1929,9013,"Shanghai Waterworks Co., Ld (Bear. ""B"")",Industrial,Utilities,4.730400,4.630575,,0.182625,0.021558,0.039439,0.060997,,False
1929,8001,"Shanghai Loan & Investment Co., Ld",Industrial,General Miscellaneous,2.023560,1.916100,250000.000000,0.394200,0.056083,0.205730,0.261813,479025.000000,False
1929,8006,"Kelly & Walsh, Ld.",Miscellaneous,Retail & Stores,5.755320,6.061263,33750.000000,0.191844,-0.050475,0.031651,-0.018824,204567.626250,False
1929,8007,G'hound Racing A'n (China) Ld. (Luna Park) {ordinary},Miscellaneous,Entertainment,5.410001,8.275955,44000.000000,1.189433,-0.346299,0.143722,-0.202577,364142.031000,False
1929,8008,G'hound Racing A'n (China) Ld. (Luna Park) {founders},Miscellaneous,Entertainment,21.102840,29.840064,6000.000000,6.292483,-0.292802,0.210874,-0.081928,179040.384000,False
1929,8009,Shanghai International Greyhounds Ld. (The Stadium),Miscellaneous,Entertainment,2.954398,5.944700,48000.000000,0.287766,-0.503020,0.048407,-0.454613,285345.612000,False
1929,8010,Champ de Courses Francais (French Race Course) {ordinary),Miscellaneous,Entertainment,3.069504,76.931415,6000.000000,,-0.960101,0.000000,-0.960101,461588.490000,True
1929,8011,Champ de Courses Francais (French Race Course) {founders),Miscellaneous,Entertainment,2.493972,13.987530,3000.000000,,-0.821700,0.000000,-0.821700,41962.590000,False
1929,7003,"Raven Trust Co., Inc (ordinary)",Real Estate,Hotels,10.000000,10.000000,32540.000000,10.000000,0.000000,1.000000,1.000000,325400.000000,False
1929,7004,"Raven Trust Co., Inc (preference)",Real Estate,Hotels,10.000000,10.000000,32035.000000,0.700000,0.000000,0.070000,0.070000,320350.000000,False
1929,7005,"Hongkong & Shanghai Hotels., Ld",Real Estate,Hotels,4.794350,4.505400,796357.000000,0.250140,0.064134,0.055520,0.119654,3587906.827800,False
1929,7006,Fonciere et Immobiliere de Chine,Real Estate,Hotels,55.188000,65.786100,6000.000000,4.204800,-0.161099,0.063916,-0.097183,394716.600000,False
1929,7007,"Asia Realty Co., Fed . Inc., U.S.A",Real Estate,Hotels,38.848410,46.625100,8576.000000,3.069504,-0.166792,0.065834,-0.100958,399856.857600,False
1929,7008,"West End Estates, Ltd",Real Estate,Hotels,2.102400,2.874150,181450.000000,0.367920,-0.268514,0.128010,-0.140504,521514.517500,False
1929,6001,"Chempedak Rubber & Gambier Estate, Ld",Plantations,Rubber Plantations,3.153600,3.832200,27305.000000,0.394200,-0.177078,0.102865,-0.074213,104638.221000,False
1929,6002,"Alma Estates, Ld",Plantations,Rubber Plantations,2.628000,3.832200,70000.000000,0.262800,-0.314232,0.068577,-0.245655,268254.000000,False
1929,6003,Kroewek Java Plantations Ld,Plantations,Rubber Plantations,1.024920,1.117725,550000.000000,0.052560,-0.083030,0.047024,-0.036006,614748.750000,False
1929,6005,Tebong Rubber Estate Ld,Plantations,Rubber Plantations,0.972360,0.846278,710000.000000,0.052560,0.148985,0.062107,0.211092,600857.025000,False
1929,6006,"Dominion Rubber Co., Ld",Plantations,Rubber Plantations,1.550520,2.075775,166745.000000,0.052560,-0.253040,0.025321,-0.227720,346125.102375,False
1929,6007,"Ayer Tawah Rubber Plantation Co., Ld",Plantations,Rubber Plantations,1.576800,1.979970,335499.000000,0.157680,-0.203624,0.079638,-0.123987,664277.955030,False
1929,6009,"Anglo-Dutch (Java) Plantations, Ld",Plantations,Rubber Plantations,2.233800,1.884165,350000.000000,0.078840,0.185565,0.041843,0.227408,659457.750000,False
1929,6010,"Anglo-Java Estates, Ld",Plantations,Rubber Plantations,3.994560,3.800265,496000.000000,0.210240,0.051127,0.055322,0.106449,1884931.440000,False
1929,6011,"Batu Annam (Johore) Rubber Estate, Ld",Plantations,Rubber Plantations,0.341640,0.287415,400000.000000,0.078840,0.188664,0.274307,0.462972,114966.000000,False
1929,6012,"Bukit Toh Alang Rubber Estate, Ld",Plantations,Rubber Plantations,0.683280,0.702570,490380.000000,0.105120,-0.027456,0.149622,0.122166,344526.276600,False
1929,6013,"Bute Plantations (1913), Ld",Plantations,Rubber Plantations,0.630720,0.479025,300000.000000,0.026280,0.316674,0.054861,0.371536,143707.500000,False
1929,6014,"Chemor United Rubber Co., Ld",Plantations,Rubber Plantations,0.670140,0.702570,400000.000000,0.026280,-0.046159,0.037406,-0.008754,281028.000000,False
1929,6015,"Cheng Rubber Estates, Ld",Plantations,Rubber Plantations,0.446760,0.287415,274875.000000,0.052560,0.554407,0.182871,0.737279,79003.198125,False
1929,6016,"Consolidated Rubber Estates (1914), Ld",Plantations,Rubber Plantations,1.484820,1.469010,375000.000000,0.052560,0.010762,0.035779,0.046542,550878.750000,False
1929,6017,"Gula Kalumpong Rubber Estates, Ld",Plantations,Rubber Plantations,4.730400,6.866025,465000.000000,0.365250,-0.311042,0.053197,-0.257846,3192701.625000,False
1929,6019,"Java Consolidated Rubber & Coffee Co., Ld",Plantations,Rubber Plantations,0.840960,0.862245,750000.000000,0.052560,-0.024686,0.060957,0.036272,646683.750000,False
1929,6023,"Kotah Bahroe Rubber Estates (1921), Ld",Plantations,Rubber Plantations,0.473040,0.447090,390000.000000,0.052560,0.058042,0.117560,0.175602,174365.100000,False
1929,5001,"Shanghai Cotton Manufacturing Co., Ld",Cotton,Cotton & Textiles,42.048000,41.834850,80000.000000,1.314000,0.005095,0.031409,0.036504,3346788.000000,False
1929,5002,"Ewo Cotton Sp. & W. Co., Ld (preference)",Cotton,Cotton & Textiles,57.816000,65.466750,9000.000000,4.204800,-0.116865,0.064228,-0.052637,589200.750000,False
1929,6026,"Padang Rubber Co., Ltd",Plantations,Rubber Plantations,0.236520,0.191610,500000.000000,0.031536,0.234382,0.164584,0.398967,95805.000000,False
1929,6027,"Pengkalan Durian Estate (1921), Ld",Plantations,Rubber Plantations,0.499320,0.383220,150000.000000,0.052560,0.302959,0.137154,0.440113,57483.000000,False
1929,6028,"Permata Rubber Estates, Ld",Plantations,Rubber Plantations,0.946080,1.437075,45317.000000,0.210240,-0.341663,0.146297,-0.195366,65123.927775,False
1929,6030,"Samagaga Rubber Co., Ld",Plantations,Rubber Plantations,0.394200,0.447090,411000.000000,0.042048,-0.118298,0.094048,-0.024250,183753.990000,False
1929,6032,"Semambu Rubber Estate, Ld",Plantations,Rubber Plantations,0.381060,0.383220,300000.000000,0.026280,-0.005636,0.068577,0.062940,114966.000000,False
1929,5010,"Shanghai Cotton Manufacturing Co., Ld (New)",Cotton,Cotton & Textiles,27.856800,21.077100,40000.000000,0.657000,0.321662,0.031171,0.352833,843084.000000,False
1929,5011,"Zoong Sing Cotton Mills, Ld",Cotton,Cotton & Textiles,5.256000,5.812170,150000.000000,0.315360,-0.095691,0.054259,-0.041432,871825.500000,False
1929,6034,"Shanghai Klebang Rubber Estate, Ld",Plantations,Rubber Plantations,0.341640,0.255480,313613.000000,0.026280,0.337248,0.102865,0.440113,80121.849240,False
1929,6035,"Shanghai-Malay Rubber Estates, Ld",Plantations,Rubber Plantations,4.204800,4.151550,30000.000000,0.262800,0.012827,0.063302,0.076128,124546.500000,False
1929,6038,"Sua Manggis Rubber Co., Ld",Plantations,Rubber Plantations,0.367920,0.447090,270000.000000,0.031536,-0.177078,0.070536,-0.106542,120714.300000,False
1929,6039,"Sungala Rubber Estate, Ld",Plantations,Rubber Plantations,0.525600,0.734505,150000.000000,0.052560,-0.284416,0.071558,-0.212858,110175.750000,False
1929,6040,"Sungei Duri Rubber Estate, Ld",Plantations,Rubber Plantations,4.730400,4.630575,40000.000000,0.657000,0.021558,0.141883,0.163441,185223.000000,False
1929,6042,"Tanah Merah Estates (1916), Ld",Plantations,Rubber Plantations,0.565020,0.415155,1300000.000000,0.042048,0.360986,0.101283,0.462268,539701.500000,False
1929,6043,"Taiping Rubber Estates, Ld",Plantations,Rubber Plantations,0.210240,0.255480,200000.000000,0.052560,-0.177078,0.205730,0.028652,51096.000000,False
1929,6046,"Ziangbe Rubber Co., Ld",Plantations,Rubber Plantations,3.285000,3.193500,250000.000000,0.210240,0.028652,0.065834,0.094486,798375.000000,False
1929,6051,"Shanghai-Malay Rubber Estates, Ld (Preference)",Plantations,Rubber Plantations,5.781600,5.109600,27380.000000,0.420480,0.131517,0.082292,0.213809,139900.848000,False
1929,6052,"Shanghai-Pahang Rubber Estates, Ld",Plantations,Rubber Plantations,0.525600,0.479025,200000.000000,0.052560,0.097229,0.109723,0.206952,95805.000000,False
1929,6054,Shanghai Seremban Rubber Estates Ld,Plantations,Rubber Plantations,0.459900,0.319350,325000.000000,0.026280,0.440113,0.082292,0.522405,103788.750000,False
1929,6055,"Shanghai-Kedah Plantations, Ld",Plantations,Rubber Plantations,1.051200,0.830310,300000.000000,0.078840,0.266033,0.094952,0.360986,249093.000000,False
1929,6056,"Repah Rubber & Tapoica Estates, Ld",Plantations,Rubber Plantations,0.657000,0.415155,450000.000000,0.026280,0.582541,0.063302,0.645843,186819.750000,False
1929,6058,"Senawang Rubber Estates Co., (1921) Ld (ordinary)",Plantations,Rubber Plantations,0.919800,0.638700,285000.000000,0.052560,0.440113,0.082292,0.522405,182029.500000,False
1929,6059,"Gula Kalumpong Rubber Estates, Ld (New)",Plantations,Rubber Plantations,4.336200,6.067650,200000.000000,,-0.285358,0.000000,-0.285358,1213530.000000,False
1929,6060,"Kali Glidik Coffee Estates, Ld",Plantations,Other Plantations,3.153600,5.109600,100000.000000,0.525600,-0.382809,0.102865,-0.279944,510960.000000,False
1929,6061,"Shanghai-Kelantan Rubber Estate (1925), Ltd",Plantations,Rubber Plantations,0.262800,0.255480,350000.000000,0.026280,0.028652,0.102865,0.131517,89418.000000,False
1929,6070,"New Amherst Rubber Estate, Ld",Plantations,Rubber Plantations,0.065700,0.159675,104962.000000,0.078840,-0.588539,0.493753,-0.094786,16759.807350,False
1929,6071,"Kapayang Rubber Estates Co., Ld",Plantations,Rubber Plantations,5.256000,9.580500,14800.000000,0.525600,-0.451386,0.054861,-0.396524,141791.400000,False
1929,2501,"Ewo Cotton Sp. & W. Co., Ld",Cotton,Cotton & Textiles,8.041680,8.430840,900000.000000,0.210240,-0.046159,0.024937,-0.021222,7587756.000000,False
1929,2002,Humphreys Estate & F.Co.Ld,Real Estate,Hotels,5.878290,7.809360,150000.000000,0.333520,-0.247276,0.042708,-0.204569,1171404.000000,False
1929,2516,"S. Moutrie & Co., Ld",Miscellaneous,Retail & Stores,38.368800,36.367578,8195.000000,1.151064,0.055028,0.031651,0.086678,298032.301710,False
1929,2517,"Green Island Cement Co., Ld (old)",Industrial,Cement & Building,4.273225,3.904680,400000.000000,0.333520,0.094385,0.085415,0.179801,1561872.000000,False
1929,2006,"Anglo-French Land Invest Co., Ld",Real Estate,Hotels,81.468000,91.972800,13000.000000,2.102400,-0.114216,0.022859,-0.091357,1195646.400000,False
1929,2526,"Shanghai Electric Construction Co., Ld (Bearer)",Industrial,Utilities,11.300400,13.732050,500000.000000,0.243500,-0.177078,0.017732,-0.159346,6866025.000000,False
1929,1013,Hall & Holtz Ld,Miscellaneous,Retail & Stores,3.069504,3.730008,26342.000000,0.230213,-0.177078,0.061719,-0.115359,98255.870736,False
1929,503,Union In. Society of Canton Limited,Insurance,General Insurance,148.833300,182.719000,135000.000000,0.779200,-0.185453,0.004264,-0.181188,24667065.000000,False
1929,504,Yangtsze Insurance Association,Insurance,General Insurance,19.184400,23.312550,150000.000000,1.342908,-0.177078,0.057605,-0.119474,3496882.500000,False
1929,1017,"Shanghai Land Investment Co., Ld",Real Estate,Hotels,85.672800,105.385500,117000.000000,1.576800,-0.187053,0.014962,-0.172091,12330103.500000,False
1929,1018,"J. Llewellyn & Co., Ld",Miscellaneous,Retail & Stores,11.510640,13.987530,1200.000000,2.302128,-0.177078,0.164584,-0.012494,16785.036000,False
1929,1019,"Shanghai House Bazzar & Motor, Co., Ld",Industrial,General Miscellaneous,52.560000,44.709000,5400.000000,2.102400,0.175602,0.047024,0.222626,241428.600000,False
1929,1020,"Major Brothers, Limited",Industrial,General Miscellaneous,2.628000,3.193500,5500.000000,,-0.177078,0.000000,-0.177078,17564.250000,False
1930,512,Canton Insurance Office,Insurance,General Insurance,329.763000,289.745500,10000.000000,7.238700,0.138113,0.024983,0.163096,2897455.000000,False
1930,1029,"Shanghai Gas Co., Ld",Industrial,Utilities,24.703200,27.331200,36000.000000,0.686200,-0.096154,0.025107,-0.071047,983923.200000,False
1930,1033,China Sugar Refining Co. Ld,Industrial,Sugar,0.214480,0.499320,80000.000000,,-0.570456,0.000000,-0.570456,39945.600000,False
1930,1035,"Hongkong Land Invest. & A.Co., Ld",Real Estate,Hotels,22.520400,26.577375,240000.000000,0.536200,-0.152648,0.020175,-0.132473,6378570.000000,False
1930,1060,"Lane, Crawford & Co., Ld",Miscellaneous,Retail & Stores,31.497310,19.184400,2500.000000,1.211435,0.641819,0.063147,0.704966,47961.000000,False
1930,1064,"Culty Dairy Co., Ltd",Industrial,Food & Beverage,8.234400,7.621200,10000.000000,0.343100,0.080460,0.045019,0.125479,76212.000000,False
1930,601,"Hongkong Fire In. Co.,Limited",Insurance,General Insurance,325.741500,339.773500,8000.000000,12.600700,-0.041298,0.037086,-0.004213,2718188.000000,False
1930,602,"China Fire In. Co.,Limited",Insurance,General Insurance,120.645000,129.239000,20000.000000,2.412900,-0.066497,0.018670,-0.047827,2584780.000000,False
1930,606,"Far Eastern Insurance Co., Ld",Insurance,General Insurance,7.548200,11.563200,36000.000000,0.480340,-0.347222,0.041540,-0.305682,416275.200000,False
1930,607,Assurance Franco-Asiatique,Insurance,General Insurance,4.606000,3.930000,70000.000000,,0.172010,0.000000,0.172010,275100.000000,False
1930,608,"Asia Life Insurance Co., Ld",Insurance,General Insurance,400.000000,300.000000,1000.000000,,0.333333,0.000000,0.333333,300000.000000,False
1930,106,Hongkong & Shanghai Banking Corporation,Banking,Banks,442.173775,548.673840,160000.000000,14.580000,-0.194105,0.026573,-0.167531,87787814.400000,False
1930,118,Chartered Bank of I.A. & C. London,Banking,Banks,86.265000,87.660000,600000.000000,3.402000,-0.015914,0.038809,0.022895,52596000.000000,False
1930,703,Shanghai & H'kew Wharf Co.,Docks & Wharves,Wharves & Godowns,95.724900,91.980000,36000.000000,1.029300,0.040714,0.011190,0.051905,3311280.000000,False
1930,706,"Hongkong & Kowloon Wharf and Godown Co., Limited",Docks & Wharves,Wharves & Godowns,46.649400,58.366000,80000.000000,2.412900,-0.200744,0.041341,-0.159403,4669280.000000,False
1930,709,"Shanghai Dock & Engineering Co., Ld",Docks & Wharves,Wharves & Godowns,39.628050,54.136800,55200.000000,1.715500,-0.268002,0.031688,-0.236313,2988351.360000,False
1930,712,"New England and Shipbuilding Works, Ld (Preference)",Docks & Wharves,Wharves & Godowns,2.024290,2.785680,300000.000000,0.137240,-0.273323,0.049266,-0.224057,835704.000000,False
1930,713,"New England and Shipbuilding Works, Ld (ordinary)",Docks & Wharves,Wharves & Godowns,2.264460,3.442680,210000.000000,0.171550,-0.342239,0.049830,-0.292409,722962.800000,False
1930,224,Shell Transport & Trading Co. Ld (ordinary) {Bearer},Shipping,Steam Navigation,17.617500,23.863000,23971361.000000,0.486000,-0.261723,0.020366,-0.241357,572028587.543000,False
1930,225,"Shanghai Tug & Lighter Co., Ld (ordinary shares)",Shipping,Tugs & Lighters,29.506600,41.785200,26000.000000,2.058600,-0.293850,0.049266,-0.244584,1086415.200000,False
1930,226,"Shanghai Tug & Lighter Co., Ld (preference shares)",Shipping,Tugs & Lighters,18.184300,26.937000,10000.000000,1.200850,-0.324932,0.044580,-0.280352,269370.000000,False
1930,228,Indo-China Steam Nav. Co. (deferred. ordinary),Shipping,Steam Navigation,6.434400,29.183000,49489.000000,7.290000,-0.779515,0.249803,-0.529713,1444237.487000,False
1930,231,"Douglas Steamship Co., Ld",Shipping,Steam Navigation,7.640850,10.630950,20000.000000,1.072400,-0.281264,0.100875,-0.180388,212619.000000,False
1930,232,"Hongkong, Canton & Macao Steamboat Co, Ld",Shipping,Steam Navigation,8.150240,11.047850,80000.000000,0.402150,-0.262278,0.036401,-0.225877,883828.000000,False
1930,233,"Star Ferry Co., Ld",Shipping,Steam Navigation,25.402475,29.078775,80000.000000,0.536200,-0.126426,0.018440,-0.107986,2326302.000000,False
1930,236,Indo-China Steam Nav. Co.(preference),Shipping,Steam Navigation,10.724000,19.177400,49589.000000,2.916000,-0.440800,0.152054,-0.288746,950988.088600,False
1930,9007,"Green Island Cement Co., Ld (New)",Industrial,Cement & Building,1.394120,1.250700,400000.000000,0.010724,0.114672,0.008574,0.123246,500280.000000,False
1930,817,"Chinese Engineering & Mining Co., Ld (Bearer)",Mining,General Mining,7.376650,12.614400,1400000.000000,2.308500,-0.415220,0.183005,-0.232215,17660160.000000,False
1930,306,Hongkong & W'pao Dock Co. Ld,Docks & Wharves,Wharves & Godowns,8.043000,13.340800,67640.000000,0.536200,-0.397113,0.040192,-0.356920,902371.712000,False
1930,818,Raub A'lian Gold Min. Co. Ld,Mining,Gold Mining,8.847300,4.669280,200000.000000,0.486000,0.894789,0.104085,0.998873,933856.000000,False
1930,820,"Oriental Consolidated Mining Co., Ld",Mining,General Mining,1.731375,2.698792,358780.000000,0.500000,-0.358463,0.185268,-0.173195,968272.474167,False
1930,821,"Shanghai Exploration & Development Co., Ld",Industrial,General Miscellaneous,0.840595,0.735840,597251.000000,,0.142361,0.000000,0.142361,439481.175840,False
1930,822,"Chinese Engineering & Mining Co., Ld (London)",Mining,General Mining,0.749250,13.392500,,,-0.944055,0.000000,-0.944055,,False
1930,823,"Chosen Syndicate Ld. ""Bearer""",Mining,General Mining,1.215000,3.652500,496500.000000,0.303750,-0.667351,0.083162,-0.584189,1813466.250000,False
1930,9014,"Shanghai Waterworks Fittings Co., Ld",Industrial,Utilities,0.523227,0.604440,201187.000000,0.034310,-0.134360,0.056763,-0.077597,121605.470280,False
1930,9017,"Green Island Co., Ld (com)",Industrial,General Miscellaneous,4.772180,5.565615,,,-0.142560,0.000000,-0.142560,,False
1930,9015,"Caldbeck, Macgregor & Co., Ltd (ordinary)",Miscellaneous,Retail & Stores,4.031425,5.913000,140000.000000,0.205860,-0.318210,0.034815,-0.283395,827820.000000,False
1930,9019,"Malabon Sugar Refining Co., Ltd",Industrial,Sugar,3.217200,11.256300,14000.000000,,-0.714187,0.000000,-0.714187,157588.200000,False
1930,9016,"Caldbeck, Macgregor & Co., Ltd (preference)",Miscellaneous,Retail & Stores,3.774100,5.913000,80000.000000,0.160090,-0.361728,0.027074,-0.334654,473040.000000,False
1930,8001,"Shanghai Loan & Investment Co., Ld",Banking,Trust & Investment,2.273038,2.023560,250000.000000,0.085775,0.123286,0.042388,0.165675,505890.000000,False
1930,8005,"China General Omnibus Co., Ld",Industrial,General Miscellaneous,6.862000,7.962840,100000.000000,0.308790,-0.138247,0.038779,-0.099468,796284.000000,False
1930,8006,"Kelly & Walsh, Ld.",Miscellaneous,Retail & Stores,4.361166,5.755320,45000.000000,0.121143,-0.242237,0.021049,-0.221188,258989.400000,False
1930,8007,G'hound Racing A'n (China) Ld. (Luna Park) {ordinary},Miscellaneous,Entertainment,3.573733,5.410001,44000.000000,0.751090,-0.339421,0.138834,-0.200587,238040.035200,False
1930,8008,G'hound Racing A'n (China) Ld. (Luna Park) {founders},Miscellaneous,Entertainment,10.176054,21.102840,6000.000000,3.973507,-0.517787,0.188293,-0.329495,126617.040000,False
1930,8009,Shanghai International Greyhounds Ld. (The Stadium),Miscellaneous,Entertainment,1.332578,2.954398,48000.000000,0.302859,-0.548951,0.102511,-0.446440,141811.084800,False
1930,8010,Champ de Courses Francais (French Race Course) {ordinary),Miscellaneous,Entertainment,3.573733,3.069504,30000.000000,,0.164271,0.000000,0.164271,92085.120000,False
1930,8011,Champ de Courses Francais (French Race Course) {founders),Miscellaneous,Entertainment,2.180583,2.493972,,,-0.125659,0.000000,-0.125659,,False
1930,7003,"Raven Trust Co., Inc (ordinary)",Banking,Trust & Investment,10.000000,10.000000,32540.000000,0.700000,0.000000,0.070000,0.070000,325400.000000,False
1930,7004,"Raven Trust Co., Inc (preference)",Banking,Trust & Investment,10.000000,10.000000,32035.000000,0.700000,0.000000,0.070000,0.070000,320350.000000,False
1930,7005,"Hongkong & Shanghai Hotels., Ld",Real Estate,Hotels,3.150175,4.794350,796357.000000,0.134050,-0.342940,0.027960,-0.314980,3818014.182950,False
1930,7006,Fonciere et Immobiliere de Chine,Real Estate,Hotels,54.896000,55.188000,10000.000000,2.744800,-0.005291,0.049735,0.044444,551880.000000,False
1930,7007,"Asia Realty Co., Fed . Inc., U.S.A ""A"" (ordinary)",Real Estate,Hotels,36.343050,38.848410,15000.000000,0.969148,-0.064491,0.024947,-0.039544,582726.150000,False
1930,7008,"West End Estates, Ltd",Real Estate,Hotels,0.943525,2.102400,191450.000000,0.240170,-0.551215,0.114236,-0.436979,402504.480000,False
1930,6001,"Chempedak Rubber & Gambier Estate, Ld",Plantations,Rubber Plantations,1.200850,3.153600,27305.000000,0.257325,-0.619213,0.081597,-0.537616,86109.048000,False
1930,6002,"Alma Estates, Ld",Plantations,Rubber Plantations,1.029300,2.628000,70000.000000,0.171550,-0.608333,0.065278,-0.543056,183960.000000,False
1930,6003,Kroewek Java Plantations Ld,Plantations,Rubber Plantations,0.446030,1.024920,550000.000000,0.034310,-0.564815,0.033476,-0.531339,563706.000000,False
1930,6005,Tebong Rubber Estate Ld,Plantations,Rubber Plantations,0.403143,0.972360,710000.000000,0.068620,-0.585398,0.070571,-0.514827,690375.600000,False
1930,6006,"Dominion Rubber Co., Ld",Plantations,Rubber Plantations,0.446030,1.550520,166745.000000,0.051465,-0.712335,0.033192,-0.679143,258541.457400,False
1930,6007,"Ayer Tawah Rubber Plantation Co., Ld",Plantations,Rubber Plantations,0.686200,1.576800,335499.000000,0.102930,-0.564815,0.065278,-0.499537,529014.823200,False
1930,6009,"Anglo-Dutch (Java) Plantations, Ld",Plantations,Rubber Plantations,0.874905,2.233800,350000.000000,0.051465,-0.608333,0.023039,-0.585294,781830.000000,False
1930,6010,"Anglo-Java Estates, Ld",Plantations,Rubber Plantations,1.706922,3.994560,496000.000000,0.068620,-0.572688,0.017178,-0.555510,1981301.760000,False
1930,6011,"Batu Annam (Johore) Rubber Estate, Ld",Plantations,Rubber Plantations,0.085775,0.341640,400000.000000,0.051465,-0.748932,0.150641,-0.598291,136656.000000,False
1930,6012,"Bukit Toh Alang Rubber Estate, Ld",Plantations,Rubber Plantations,0.171550,0.683280,500000.000000,0.068620,-0.748932,0.100427,-0.648504,341640.000000,False
1930,6013,"Bute Plantations (1913), Ld",Plantations,Rubber Plantations,0.188705,0.630720,300000.000000,0.017155,-0.700810,0.027199,-0.673611,189216.000000,False
1930,6014,"Chemor United Rubber Co., Ld",Plantations,Rubber Plantations,0.291635,0.670140,400000.000000,0.051465,-0.564815,0.076797,-0.488017,268056.000000,False
1930,6015,"Cheng Rubber Estates, Ld",Plantations,Rubber Plantations,0.137240,0.446760,274875.000000,0.034310,-0.692810,0.076797,-0.616013,122803.155000,False
1930,6016,"Consolidated Rubber Estates (1914), Ld",Plantations,Rubber Plantations,0.446030,1.484820,375000.000000,0.068620,-0.699607,0.046214,-0.653392,556807.500000,False
1930,6017,"Gula Kalumpong Rubber Estates, Ld",Plantations,Rubber Plantations,2.573250,4.730400,665000.000000,0.364500,-0.456019,0.077055,-0.378964,3145716.000000,False
1930,6019,"Java Consolidated Rubber & Coffee Co., Ld",Plantations,Rubber Plantations,0.343100,0.840960,750000.000000,0.034310,-0.592014,0.040799,-0.551215,630720.000000,False
1930,6023,"Kotah Bahroe Rubber Estates (1921), Ld",Plantations,Rubber Plantations,0.137240,0.473040,390000.000000,0.034310,-0.709877,0.072531,-0.637346,184485.600000,False
1930,5001,"Shanghai Cotton Manufacturing Co., Ld",Cotton,Cotton & Textiles,27.104900,42.048000,80000.000000,0.857750,-0.355382,0.020399,-0.334983,3363840.000000,False
1930,5002,"Ewo Cotton Sp. & W. Co., Ld (preference)",Cotton,Cotton & Textiles,41.515100,57.816000,9000.000000,2.744800,-0.281944,0.047475,-0.234470,520344.000000,False
1930,6026,"Padang Rubber Co., Ltd",Plantations,Rubber Plantations,0.068620,0.236520,500000.000000,0.020586,-0.709877,0.087037,-0.622840,118260.000000,False
1930,6027,"Pengkalan Durian Estate (1921), Ld",Plantations,Rubber Plantations,0.205860,0.499320,150000.000000,0.034310,-0.587719,0.068713,-0.519006,74898.000000,False
1930,6028,"Permata Rubber Estates, Ld",Plantations,Rubber Plantations,0.308790,0.946080,45317.000000,0.085775,-0.673611,0.090664,-0.582948,42873.507360,False
1930,6030,"Samagaga Rubber Co., Ld",Plantations,Rubber Plantations,0.120085,0.394200,411000.000000,0.027448,-0.695370,0.069630,-0.625741,162016.200000,False
1930,6032,"Semambu Rubber Estate, Ld",Plantations,Rubber Plantations,0.085775,0.381060,300000.000000,0.017155,-0.774904,0.045019,-0.729885,114318.000000,False
1930,6034,"Shanghai Klebang Rubber Estate, Ld",Plantations,Rubber Plantations,0.120085,0.341640,313613.000000,0.017155,-0.648504,0.050214,-0.598291,107142.745320,False
1930,5011,"Zoong Sing Cotton Mills, Ld",Cotton,Cotton & Textiles,3.242295,5.256000,150000.000000,0.274480,-0.383125,0.052222,-0.330903,788400.000000,False
1930,6035,"Shanghai-Malay Rubber Estates, Ld",Plantations,Rubber Plantations,1.887050,4.204800,30000.000000,0.171550,-0.551215,0.040799,-0.510417,126144.000000,False
1930,6038,"Sua Manggis Rubber Co., Ld",Plantations,Rubber Plantations,0.120085,0.367920,270000.000000,0.020586,-0.673611,0.055952,-0.617659,99338.400000,False
1930,6039,"Sungala Rubber Estate, Ld",Plantations,Rubber Plantations,0.188705,0.525600,150000.000000,0.034310,-0.640972,0.065278,-0.575694,78840.000000,False
1930,6040,"Sungei Duri Rubber Estate, Ld",Plantations,Rubber Plantations,2.315925,4.730400,40000.000000,0.171550,-0.510417,0.036265,-0.474151,189216.000000,False
1930,6042,"Tanah Merah Estates (1916), Ld",Plantations,Rubber Plantations,0.265903,0.565020,1300000.000000,0.027448,-0.529393,0.048579,-0.480814,734526.000000,False
1930,6043,"Taiping Rubber Estates, Ld",Plantations,Rubber Plantations,0.102930,0.210240,200000.000000,0.017155,-0.510417,0.081597,-0.428819,42048.000000,False
1930,6046,"Ziangbe Rubber Co., Ld",Plantations,Rubber Plantations,1.475330,3.285000,250000.000000,0.068620,-0.550889,0.020889,-0.530000,821250.000000,False
1930,6051,"Shanghai-Malay Rubber Estates, Ld (Preference)",Plantations,Rubber Plantations,3.087900,5.781600,27380.000000,0.274480,-0.465909,0.047475,-0.418434,158300.208000,False
1930,6052,"Shanghai-Pahang Rubber Estates, Ld",Plantations,Rubber Plantations,0.154395,0.525600,200000.000000,0.034310,-0.706250,0.065278,-0.640972,105120.000000,False
1930,6054,Shanghai Seremban Rubber Estates Ld,Plantations,Rubber Plantations,0.154395,0.459900,325000.000000,0.034310,-0.664286,0.074603,-0.589683,149467.500000,False
1930,6055,"Shanghai-Kedah Plantations, Ld",Plantations,Rubber Plantations,0.377410,1.051200,300000.000000,0.051465,-0.640972,0.048958,-0.592014,315360.000000,False
1930,6056,"Repah Rubber & Tapoica Estates, Ld",Plantations,Rubber Plantations,0.205860,0.657000,450000.000000,0.017155,-0.686667,0.026111,-0.660556,295650.000000,False
1930,6058,"Senawang Rubber Estates Co., (1921) Ld (ordinary)",Plantations,Rubber Plantations,0.343100,0.919800,285000.000000,0.068620,-0.626984,0.074603,-0.552381,262143.000000,False
1930,6059,"Gula Kalumpong Rubber Estates, Ld (New)",Plantations,Rubber Plantations,2.230150,4.336200,,,-0.485690,0.000000,-0.485690,,False
1930,6060,"Kali Glidik Coffee Estates, Ld",Plantations,Other Plantations,0.514650,3.153600,100000.000000,0.343100,-0.836806,0.108796,-0.728009,315360.000000,False
1930,6061,"Shanghai-Kelantan Rubber Estate (1925), Ltd",Plantations,Rubber Plantations,0.051465,0.262800,350000.000000,0.017155,-0.804167,0.065278,-0.738889,91980.000000,False
1930,6064,"Shanghai-Sumatra Rubber Ests., Ld",Plantations,Rubber Plantations,1.458175,4.125960,76956.000000,0.171550,-0.646585,0.041578,-0.605007,317517.377760,False
1930,6070,"New Amherst Rubber Estate, Ld",Plantations,Rubber Plantations,0.034310,0.065700,104962.000000,0.051465,-0.477778,0.783333,0.305556,6896.003400,False
1930,6071,"Kapayang Rubber Estates Co., Ld",Plantations,Rubber Plantations,1.200850,5.256000,14800.000000,0.514650,-0.771528,0.097917,-0.673611,77788.800000,False
1930,2501,"Ewo Cotton Sp. & W. Co., Ld",Cotton,Cotton & Textiles,4.100045,8.041680,900000.000000,0.686200,-0.490151,0.085330,-0.404820,7237512.000000,False
1930,2002,Humphreys Estate & F.Co.Ld,Real Estate,Hotels,4.691750,5.878290,150000.000000,0.214480,-0.201851,0.036487,-0.165364,881743.500000,False
1930,2516,"S. Moutrie & Co., Ld",Miscellaneous,Retail & Stores,26.166996,38.368800,8195.000000,0.726861,-0.318014,0.018944,-0.299070,314432.316000,False
1930,2517,"Green Island Cement Co., Ld (old)",Industrial,Cement & Building,3.351250,4.273225,400000.000000,0.080430,-0.215756,0.018822,-0.196934,1709290.000000,False
1930,2006,"Anglo-French Land Invest Co., Ld",Real Estate,Hotels,74.452700,81.468000,13000.000000,1.372400,-0.086111,0.016846,-0.069265,1059084.000000,False
1930,2526,"Shanghai Electric Construction Co., Ld (Bearer)",Industrial,Utilities,9.469560,11.300400,600000.000000,0.243000,-0.162016,0.021504,-0.140512,6780240.000000,False
1930,1013,Hall & Holtz Ld,Miscellaneous,Retail & Stores,7.026323,3.069504,26342.000000,0.145372,1.289074,0.047360,1.336435,80856.874368,False
1930,503,Union In. Society of Canton Limited,Insurance,General Insurance,138.607700,148.833300,135000.000000,0.777600,-0.068705,0.005225,-0.063480,20092495.500000,False
1930,504,Yangtsze Insurance Association,Insurance,General Insurance,12.114350,19.184400,150000.000000,0.848004,-0.368531,0.044203,-0.324328,2877660.000000,False
1930,1017,"Shanghai Land Investment Co., Ld",Real Estate,Hotels,109.792000,85.672800,140400.000000,1.029300,0.281527,0.012014,0.293541,12028461.120000,False
1930,1019,"Shanghai House Bazzar & Motor, Co., Ld",Industrial,General Miscellaneous,78.913000,52.560000,5400.000000,1.372400,0.501389,0.026111,0.527500,283824.000000,False
1931,121,"Ch. Finance Corp., Fed. Inc U.S.A",Banking,Trust & Investment,2.273515,1.818430,400000.000000,,0.250263,0.000000,0.250263,727372.000000,False
1931,127,"Inter. Invest Trust Co., of China Ltd",Banking,Trust & Investment,3.518140,5.034993,319250.000000,,-0.301262,0.000000,-0.301262,1607421.355625,False
1931,7007,"Asia Realty Co., Fed . Inc., U.S.A ""A"" (ordinary)",Real Estate,Land & Property,35.131615,36.343050,15093.000000,,-0.033333,0.000000,-0.033333,548525.653650,False
1931,7010,"Asia Realty Co., Fed . Inc., U.S.A ""B""",Real Estate,Land & Property,7.026323,7.268610,25000.000000,,-0.033333,0.000000,-0.033333,181715.250000,False
1931,7013,"Cathay Land Co., Ltd",Real Estate,Land & Property,4.397675,4.546075,,,-0.032644,0.000000,-0.032644,,False
1931,2501,"Ewo Cotton Sp. & W. Co., Ld",Cotton,Cotton & Textiles,5.360185,4.100045,1000000.000000,,0.307348,0.000000,0.307348,4100045.000000,False
1933,9024,Shanghai Power Co. Tls 6 cum Pref stock,Miscellaneous,Utilities,49.821200,19.971575,220000.000000,0.715890,1.494605,0.035845,1.530451,4393746.500000,False
1934,9024,Shanghai Power Co. Tls 6 cum Pref stock,Miscellaneous,Utilities,46.337200,49.821200,220000.000000,0.715890,-0.069930,0.014369,-0.055561,10960664.000000,False
1934,6042,"Tanah Merah Estates (1916), Ld",Plantations,Rubber Plantations,0.496470,0.324012,1300000.000000,0.017420,0.532258,0.053763,0.586022,421215.600000,False
1934,2526,"Shanghai Electric Construction Co., Ld (Bearer)",Industrial,Utilities,12.542400,16.984500,,0.197600,-0.261538,0.011634,-0.249904,,False
1935,128,City Loan 7% 1932 (20 years),Miscellaneous,Bonds & Preferences,26.255236,33.620600,6000000.000000,1.032509,-0.219073,0.030711,-0.188362,201723600.000000,False
1935,133,City Loan 7% 1934 (12 years),Miscellaneous,Bonds & Preferences,26.255236,31.356000,3500000.000000,1.032509,-0.162673,0.032929,-0.129744,109746000.000000,False
1935,9024,Shanghai Power Co. Tls 6 cum Pref stock,Miscellaneous,Utilities,33.925305,46.337200,220000.000000,0.606170,-0.267860,0.013082,-0.254779,10194184.000000,False
1935,6042,"Tanah Merah Estates (1916), Ld",Plantations,Rubber Plantations,0.427754,0.496470,1300000.000000,0.017700,-0.138409,0.035652,-0.102757,645411.000000,False
1935,2526,"Shanghai Electric Construction Co., Ld (Bearer)",Industrial,Utilities,11.800106,12.542400,,0.198800,-0.059183,0.015850,-0.043333,,False
1936,9024,Shanghai Power Co. Tls 6 cum Pref stock,Miscellaneous,Utilities,36.146250,33.925305,220000.000000,0.611301,0.065466,0.018019,0.083485,7463567.172105,False
1936,6009,"Anglo-Dutch (Java) Plantations, Ld",Plantations,Rubber Plantations,3.242750,1.593014,350000.000000,0.044625,1.035606,0.028013,1.063619,557555.017995,False
1936,6042,"Tanah Merah Estates (1916), Ld",Plantations,Rubber Plantations,0.758625,0.427754,1300000.000000,0.011900,0.773508,0.027820,0.801328,556080.004720,False
1936,2501,"Ewo Cotton Sp. & W. Co., Ld",Cotton,Cotton & Textiles,4.670750,2.684524,1000000.000000,0.074375,0.739880,0.027705,0.767585,2684524.160717,False
1936,2526,"Shanghai Electric Construction Co., Ld (Bearer)",Industrial,Utilities,11.081875,11.800106,,0.196700,-0.060867,0.016669,-0.044197,,False
1937,6003,Kroewek Java Plantations Ld,Plantations,Rubber Plantations,0.235200,0.321300,2200000.000000,0.008820,-0.267974,0.027451,-0.240523,706860.000000,False
1937,6005,Tebong Rubber Estate Ld,Plantations,Rubber Plantations,0.205800,0.279650,4000000.000000,0.005880,-0.264080,0.021026,-0.243054,1118600.000000,False
1937,6007,"Ayer Tawah Rubber Plantation Co., Ld",Plantations,Rubber Plantations,1.176000,1.591625,335499.000000,0.073500,-0.261132,0.046179,-0.214953,533988.595875,False
1937,6011,"Batu Annam (Johore) Rubber Estate, Ld",Plantations,Rubber Plantations,0.249900,0.410550,960000.000000,0.008820,-0.391304,0.021483,-0.369821,394128.000000,False
1937,6016,"Consolidated Rubber Estates (1914), Ld",Plantations,Rubber Plantations,0.999600,1.725500,484837.000000,0.029400,-0.420690,0.017039,-0.403651,836586.243500,False
1937,6028,"Permata Rubber Estates, Ld",Plantations,Rubber Plantations,0.176400,0.261800,317219.000000,0.008820,-0.326203,0.033690,-0.292513,83047.934200,False
1937,6042,"Tanah Merah Estates (1916), Ld",Plantations,Rubber Plantations,0.499800,0.758625,1300000.000000,0.014700,-0.341176,0.019377,-0.321799,986212.500000,False
1937,6056,"Repah Rubber & Tapoica Estates, Ld",Plantations,Rubber Plantations,0.205800,0.279650,1350000.000000,0.008820,-0.264080,0.031539,-0.232541,377527.500000,False
1937,6063,"Rubber Trust, Ltd",Plantations,Rubber Plantations,0.646800,1.398250,541000.000000,0.058800,-0.537422,0.042053,-0.495369,756453.250000,False
1937,2501,"Ewo Cotton Sp. & W. Co., Ld",Cotton,Cotton & Textiles,3.528000,4.670750,1000000.000000,0.176400,-0.244661,0.037767,-0.206894,4670750.000000,False
1938,703,Shanghai & H'kew Wharf Co.,Docks & Wharves,Wharves & Godowns,29.312500,42.630000,60000.000000,0.837500,-0.312397,0.019646,-0.292752,2557800.000000,False
1938,6003,Kroewek Java Plantations Ld,Plantations,Rubber Plantations,0.197650,0.235200,2200000.000000,0.010050,-0.159651,0.042730,-0.116922,517440.000000,False
1938,6005,Tebong Rubber Estate Ld,Plantations,Rubber Plantations,0.147400,0.205800,4000000.000000,0.006700,-0.283771,0.032556,-0.251215,823200.000000,False
1938,6011,"Batu Annam (Johore) Rubber Estate, Ld",Plantations,Rubber Plantations,0.180900,0.249900,960000.000000,0.006700,-0.276110,0.026811,-0.249300,239904.000000,False
1938,6016,"Consolidated Rubber Estates (1914), Ld",Plantations,Rubber Plantations,0.753750,0.999600,484837.000000,0.033500,-0.245948,0.033513,-0.212435,484643.065200,False
1938,6028,"Permata Rubber Estates, Ld",Plantations,Rubber Plantations,0.134000,0.176400,317219.000000,0.006700,-0.240363,0.037982,-0.202381,55957.431600,False
1938,6042,"Tanah Merah Estates (1916), Ld",Plantations,Rubber Plantations,0.331650,0.499800,1300000.000000,0.005025,-0.336435,0.010054,-0.326381,649740.000000,False
1938,6056,"Repah Rubber & Tapoica Estates, Ld",Plantations,Rubber Plantations,0.134000,0.205800,1350000.000000,0.005025,-0.348882,0.024417,-0.324466,277830.000000,False
1938,2501,"Ewo Cotton Sp. & W. Co., Ld",Cotton,Cotton & Textiles,2.847500,3.528000,1200000.000000,0.125625,-0.192885,0.035608,-0.157277,4233600.000000,False
1939,1029,"Shanghai Gas Co., Ld",Industrial,Utilities,0.930000,1.356750,420700.000000,0.046500,-0.314538,0.034273,-0.280265,570784.725000,False
1939,1054,"China Import & Export Lumber Co., Ld",Miscellaneous,General Miscellaneous,3.022500,2.345000,231803.000000,0.096875,0.288913,0.041311,0.330224,543578.035000,False
1939,1064,"Culty Dairy Co., Ltd",Miscellaneous,Food & Beverage,2.325000,3.182500,40000.000000,0.077500,-0.269442,0.024352,-0.245090,127300.000000,False
1939,612,"International Assurance Co., Ltd",Insurance,General Insurance,0.697500,0.678375,600000.000000,0.023250,0.028192,0.034273,0.062465,407025.000000,False
1939,106,Hongkong & Shanghai Banking Corporation,Banking,Banks,325.644000,391.012000,160000.000000,9.875000,-0.167176,0.025255,-0.141921,62561920.000000,False
1939,125,"Yangtsze Finance Co., Ltd",Banking,Banks,0.771125,0.921250,517500.000000,0.038750,-0.162958,0.042062,-0.120896,476746.875000,False
1939,127,"Inter. Invest Trust Co., of China Ltd",Banking,Trust & Investment,0.852500,0.368500,350000.000000,0.058125,1.313433,0.157734,1.471167,128975.000000,False
1939,703,Shanghai & H'kew Wharf Co.,Docks & Wharves,Wharves & Godowns,20.537500,29.312500,60000.000000,0.775000,-0.299360,0.026439,-0.272921,1758750.000000,False
1939,709,"Shanghai Dock & Engineering Co., Ld",Docks & Wharves,Docks & Shipbuilding,16.585000,17.336250,55200.000000,0.310000,-0.043334,0.017882,-0.025452,956961.000000,False
1939,712,"New England and Shipbuilding Works, Ld (Preference)",Miscellaneous,Bonds & Preferences,0.542500,1.340000,300000.000000,0.007962,-0.595149,0.005942,-0.589207,402000.000000,False
1939,713,"New England and Shipbuilding Works, Ld (ordinary)",Docks & Wharves,Docks & Shipbuilding,1.550000,0.988250,300000.000000,0.027125,0.568429,0.027448,0.595877,296475.000000,False
1939,714,"Wheelock & Co., Ltd",Docks & Wharves,Docks & Shipbuilding,5.812500,5.611250,217602.000000,0.232500,0.035865,0.041435,0.077300,1221019.222500,False
1939,817,"Chinese Engineering & Mining Co., Ld (Bearer)",Miscellaneous,General Miscellaneous,3.410000,4.480625,1960000.000000,0.296250,-0.238945,0.066118,-0.172827,8782025.000000,False
1939,821,"Shanghai Exploration & Development Co., Ld",Miscellaneous,General Miscellaneous,0.705250,1.381875,597251.000000,0.023250,-0.489643,0.016825,-0.472818,825326.225625,False
1939,9014,"Shanghai Waterworks Fittings Co., Ld",Miscellaneous,Utilities,0.155000,0.167500,301765.000000,0.008493,-0.074627,0.050705,-0.023921,50545.637500,False
1939,9016,"Caldbeck, Macgregor & Co., Ltd (preference)",Miscellaneous,Bonds & Preferences,1.085000,2.177500,80000.000000,0.084932,-0.501722,0.039004,-0.462718,174200.000000,False
1939,9024,Shanghai Power Co. Tls 6 cum Pref stock,Miscellaneous,Utilities,10.036250,20.686250,220000.000000,0.159247,-0.514835,0.007698,-0.507137,4550975.000000,False
1939,8001,"Shanghai Loan & Investment Co., Ld",Banking,Trust & Investment,1.147000,1.013375,250000.000000,0.027125,0.131861,0.026767,0.158628,253343.750000,False
1939,8002,"Central Properites., Ltd",Banking,Banks,1.240000,2.177500,180000.000000,0.116250,-0.430540,0.053387,-0.377153,391950.000000,False
1939,9027,"Shanghai Electric Construction Co., Ld (Regd)",Industrial,Utilities,2.867500,6.197500,,0.316000,-0.537313,0.050988,-0.486325,,False
1939,9028,"Shanghai Waterworks Co.,Ld.(""A"")",Industrial,Utilities,63.550000,104.268750,40236.000000,0.790000,-0.390517,0.007577,-0.382941,4195357.425000,False
1939,8005,"China General Omnibus Co., Ld",Industrial,General Miscellaneous,1.918125,4.020000,200000.000000,0.054250,-0.522854,0.013495,-0.509359,804000.000000,False
1939,9029,"Shanghai Waterworks Co., Ld (""B"")",Industrial,Utilities,2.557500,4.522500,108505.000000,0.039500,-0.434494,0.008734,-0.425760,490713.862500,False
1939,9030,"Shanghai Waterworks Co., Ld  (""C"")",Industrial,Utilities,2.518750,4.606250,250000.000000,0.039500,-0.453189,0.008575,-0.444613,1151562.500000,False
1939,7012,"China Realty Co., Fed. Inc. U.S.A",Real Estate,Land & Property,0.034875,0.159125,500000.000000,0.011625,-0.780833,0.073056,-0.707777,79562.500000,False
1939,7019,"Metropolitan Land & Building Co., Ltd ""A""",Real Estate,Land & Property,0.542500,0.753750,39800.000000,0.031000,-0.280265,0.041128,-0.239138,29999.250000,False
1939,7022,"Metropolitan Land & Building Co., Ltd ""B""",Real Estate,Land & Property,0.540541,0.753750,155018.000000,0.031000,-0.282865,0.041128,-0.241737,116844.817500,False
1939,6003,Kroewek Java Plantations Ld,Plantations,Rubber Plantations,0.251875,0.197650,2200000.000000,0.003875,0.274349,0.019605,0.293954,434830.000000,False
1939,6005,Tebong Rubber Estate Ld,Plantations,Rubber Plantations,0.131750,0.147400,4000000.000000,0.002325,-0.106174,0.015773,-0.090400,589600.000000,False
1939,6006,"Dominion Rubber Co., Ld",Plantations,Rubber Plantations,0.868000,1.088750,200000.000000,0.011625,-0.202755,0.010677,-0.192078,217750.000000,False
1939,6009,"Anglo-Dutch (Java) Plantations, Ld",Plantations,Rubber Plantations,1.503500,1.591250,350000.000000,0.015500,-0.055145,0.009741,-0.045405,556937.500000,False
1939,6010,"Anglo-Java Estates, Ld",Plantations,Rubber Plantations,3.100000,2.529250,496000.000000,0.058125,0.225660,0.022981,0.248641,1254508.000000,False
1939,6011,"Batu Annam (Johore) Rubber Estate, Ld",Plantations,Rubber Plantations,0.131750,0.180900,960000.000000,0.003100,-0.271697,0.017137,-0.254561,173664.000000,False
1939,6014,"Chemor United Rubber Co., Ld",Plantations,Rubber Plantations,0.220875,0.226125,956747.000000,0.003875,-0.023217,0.017137,-0.006081,216344.415375,False
1939,6015,"Cheng Rubber Estates, Ld",Plantations,Rubber Plantations,0.067425,0.075375,1051438.000000,0.004650,-0.105473,0.061692,-0.043781,79252.139250,False
1939,6016,"Consolidated Rubber Estates (1914), Ld",Plantations,Rubber Plantations,0.627750,0.753750,484837.000000,0.007750,-0.167164,0.010282,-0.156882,365445.888750,False
1939,6019,"Java Consolidated Rubber & Coffee Co., Ld",Plantations,Rubber Plantations,0.422375,0.381063,750000.000000,0.007750,0.108414,0.020338,0.128752,285796.875000,False
1939,6023,"Kotah Bahroe Rubber Estates (1921), Ld",Plantations,Rubber Plantations,0.445625,0.452250,461804.000000,0.011625,-0.014649,0.025705,0.011056,208850.859000,False
1939,5001,Shanghai Cotton Manufacturing Co.,Cotton,Cotton & Textiles,12.090000,17.755000,240000.000000,0.387500,-0.319065,0.021825,-0.297240,4261200.000000,False
1939,5002,"Ewo Cotton Sp. & W. Co., Ld (preference)",Miscellaneous,Cotton & Textiles,10.850000,25.125000,9000.000000,0.849315,-0.568159,0.033804,-0.534356,226125.000000,False
1939,6026,"Padang Rubber Co., Ltd",Plantations,Rubber Plantations,0.220875,0.180900,500000.000000,0.003100,0.220978,0.017137,0.238115,90450.000000,False
1939,6028,"Permata Rubber Estates, Ld",Plantations,Rubber Plantations,0.128650,0.134000,317219.000000,0.003100,-0.039925,0.023134,-0.016791,42507.346000,False
1939,6030,"Samagaga Rubber Co., Ld",Plantations,Rubber Plantations,0.166625,0.134000,1011000.000000,0.007750,0.243470,0.057836,0.301306,135474.000000,False
1939,6032,"Semambu Rubber Estate, Ld",Plantations,Rubber Plantations,0.131750,0.150750,900000.000000,0.002325,-0.126036,0.015423,-0.110614,135675.000000,False
1939,5011,"Zoong Sing Cotton Mills, Ld",Cotton,Cotton & Textiles,3.565000,4.983125,150000.000000,0.581250,-0.284585,0.116644,-0.167942,747468.750000,False
1939,6038,"Sua Manggis Rubber Co., Ld",Plantations,Rubber Plantations,0.189875,0.301500,270000.000000,0.001550,-0.370232,0.005141,-0.365091,81405.000000,False
1939,6039,"Sungala Rubber Estate, Ld",Plantations,Rubber Plantations,0.612250,0.921250,180000.000000,0.015500,-0.335414,0.016825,-0.318589,165825.000000,False
1939,6040,"Sungei Duri Rubber Estate, Ld",Plantations,Rubber Plantations,4.611250,5.276250,40000.000000,0.174375,-0.126036,0.033049,-0.092987,211050.000000,False
1939,6042,"Tanah Merah Estates (1916), Ld",Plantations,Rubber Plantations,0.286750,0.331650,1300000.000000,0.003875,-0.135384,0.011684,-0.123700,431145.000000,False
1939,6046,"Ziangbe Rubber Co., Ld",Plantations,Rubber Plantations,2.228125,2.428750,250000.000000,0.038750,-0.082604,0.015955,-0.066650,607187.500000,False
1939,6056,"Repah Rubber & Tapoica Estates, Ld",Plantations,Rubber Plantations,0.113150,0.134000,1350000.000000,0.002325,-0.155597,0.017351,-0.138246,180900.000000,False
1939,6058,"Senawang Rubber Estates Co., (1921) Ld (ordinary)",Plantations,Rubber Plantations,0.147250,0.164150,1140000.000000,0.002325,-0.102955,0.014164,-0.088791,187131.000000,False
1939,6061,"Shanghai-Kelantan Rubber Estate (1925), Ltd",Plantations,Rubber Plantations,0.072075,0.061975,1400000.000000,0.001550,0.162969,0.025010,0.187979,86765.000000,False
1939,6062,Langkat,Plantations,Rubber Plantations,2.189375,1.591250,250000.000000,0.053082,0.375884,0.033359,0.409243,397812.500000,False
1939,6064,"Shanghai-Sumatra Rubber Ests., Ld",Plantations,Rubber Plantations,2.325000,2.261250,76956.000000,0.058125,0.028192,0.025705,0.053897,174016.755000,False
1939,6071,"Kapayang Rubber Estates Co., Ld",Plantations,Rubber Plantations,1.898750,3.350000,14800.000000,0.038750,-0.433209,0.011567,-0.421642,49580.000000,False
1939,3003,Shanghai Telephone Company,Industrial,Utilities,1.763125,11.557500,115142.000000,0.046500,-0.847448,0.004023,-0.843424,1330753.665000,False
1939,2501,"Ewo Cotton Sp. & W. Co., Ld",Cotton,Cotton & Textiles,2.139000,2.847500,1200000.000000,0.077500,-0.248815,0.027217,-0.221598,3417000.000000,False
1939,2526,"Shanghai Electric Construction Co., Ld (Bearer)",Industrial,Utilities,3.293750,6.490625,,0.316000,-0.492537,0.048686,-0.443852,,False
1939,503,Union In. Society of Canton Limited,Insurance,General Insurance,98.680000,138.605000,135000.000000,2.468750,-0.288049,0.017811,-0.270237,18711675.000000,False
1939,1017,"Shanghai Land Investment Co., Ld",Real Estate,Land & Property,0.984250,1.608000,2386800.000000,0.021233,-0.387904,0.013205,-0.374700,3837974.400000,False
1940,1029,"Shanghai Gas Co., Ld",Industrial,Utilities,1.013140,0.930000,420700.000000,0.045280,0.089398,0.048688,0.138086,391251.000000,False
1940,1054,"China Import & Export Lumber Co., Ld",Miscellaneous,General Miscellaneous,2.858300,3.022500,231803.000000,0.226400,-0.054326,0.074905,0.020579,700624.567500,False
1940,612,"International Assurance Co., Ltd",Insurance,General Insurance,1.064080,0.697500,280000.000000,0.016980,0.525563,0.024344,0.549907,195300.000000,False
1940,106,Hongkong & Shanghai Banking Corporation,Banking,Banks,309.920000,325.644000,160000.000000,10.093750,-0.048286,0.030996,-0.017290,52103040.000000,False
1940,121,"Ch. Finance Corp., Fed. Inc U.S.A",Banking,Trust & Investment,0.073580,0.038750,400000.000000,0.003113,0.898839,0.080335,0.979174,15500.000000,False
1940,125,"Yangtsze Finance Co., Ltd",Banking,Banks,0.894280,0.771125,517500.000000,0.028300,0.159708,0.036700,0.196408,399057.187500,False
1940,127,"Inter. Invest Trust Co., of China Ltd",Banking,Trust & Investment,1.471600,0.852500,350000.000000,0.056600,0.726217,0.066393,0.792610,298375.000000,False
1940,703,Shanghai & H'kew Wharf Co.,Docks & Wharves,Wharves & Godowns,25.045500,20.537500,60000.000000,0.962200,0.219501,0.046851,0.266352,1232250.000000,False
1940,714,"Wheelock & Co., Ltd",Docks & Wharves,Docks & Shipbuilding,5.377000,5.812500,239356.000000,0.283000,-0.074925,0.048688,-0.026237,1391256.750000,False
1940,817,"Chinese Engineering & Mining Co., Ld (Bearer)",Miscellaneous,General Miscellaneous,2.858300,3.410000,1960000.000000,0.302812,-0.161789,0.088801,-0.072988,6683600.000000,False
1940,821,"Shanghai Exploration & Development Co., Ld",Miscellaneous,General Miscellaneous,1.443300,0.705250,716701.000000,0.033960,1.046508,0.048153,1.094661,505453.380250,False
1940,9014,"Shanghai Waterworks Fittings Co., Ld",Miscellaneous,Utilities,0.127350,0.155000,301765.000000,0.007753,-0.178387,0.050022,-0.128365,46773.575000,False
1940,9015,"Caldbeck, Macgregor & Co., Ltd (ordinary)",Miscellaneous,General Miscellaneous,1.698000,1.162500,140000.000000,0.141500,0.460645,0.121720,0.582366,162750.000000,False
1940,9016,"Caldbeck, Macgregor & Co., Ltd (preference)",Miscellaneous,Bonds & Preferences,0.765446,1.085000,80000.000000,0.062027,-0.294520,0.057168,-0.237352,86800.000000,False
1940,9024,Shanghai Power Co. Tls 6 cum Pref stock,Miscellaneous,Utilities,7.697600,10.036250,220000.000000,0.116301,-0.233020,0.011588,-0.221432,2207975.000000,False
1940,8001,"Shanghai Loan & Investment Co., Ld",Banking,Trust & Investment,1.797050,1.147000,250000.000000,0.056600,0.566739,0.049346,0.616085,286750.000000,False
1940,8002,"Central Properites., Ltd",Banking,Banks,1.035780,1.240000,180000.000000,0.113200,-0.164694,0.091290,-0.073403,223200.000000,False
1940,9027,"Shanghai Electric Construction Co., Ld (Regd)",Industrial,Utilities,2.320600,2.867500,,0.201875,-0.190724,0.070401,-0.120323,,False
1940,9028,"Shanghai Waterworks Co.,Ld.(""A"")",Industrial,Utilities,49.242000,63.550000,40236.000000,0.323000,-0.225146,0.005083,-0.220063,2556997.800000,False
1940,8005,"China General Omnibus Co., Ld",Industrial,General Miscellaneous,1.132000,1.918125,200000.000000,0.039620,-0.409840,0.020656,-0.389185,383625.000000,False
1940,9029,"Shanghai Waterworks Co., Ld (""B"")",Industrial,Utilities,2.037600,2.557500,108505.000000,0.471042,-0.203284,0.184181,-0.019104,277501.537500,False
1940,9030,"Shanghai Waterworks Co., Ld  (""C"")",Industrial,Utilities,1.981000,2.518750,250000.000000,0.471042,-0.213499,0.187014,-0.026485,629687.500000,False
1940,9034,"Bakerite Co., Fed. Inc. U.S.A ""B""",Miscellaneous,General Miscellaneous,0.905600,1.333000,49703.000000,0.084900,-0.320630,0.063691,-0.256939,66254.099000,False
1940,7012,"China Realty Co., Fed. Inc. U.S.A",Real Estate,Land & Property,0.464120,0.034875,500000.000000,,12.308100,0.000000,12.308100,17437.500000,True
1940,7019,"Metropolitan Land & Building Co., Ltd ""A""",Real Estate,Land & Property,0.622600,0.542500,39800.000000,0.056600,0.147650,0.104332,0.251982,21591.500000,False
1940,7022,"Metropolitan Land & Building Co., Ltd ""B""",Real Estate,Land & Property,0.622600,0.540541,155018.000000,0.056600,0.151810,0.104710,0.256520,83793.513514,False
1940,6003,Kroewek Java Plantations Ld,Plantations,Rubber Plantations,0.181120,0.251875,2200000.000000,0.014150,-0.280913,0.056179,-0.224734,554125.000000,False
1940,6005,Tebong Rubber Estate Ld,Plantations,Rubber Plantations,0.101880,0.131750,4000000.000000,0.005094,-0.226717,0.038664,-0.188053,527000.000000,False
1940,6006,"Dominion Rubber Co., Ld",Plantations,Rubber Plantations,0.679200,0.868000,200000.000000,0.028300,-0.217512,0.032604,-0.184908,173600.000000,False
1940,6007,"Ayer Tawah Rubber Plantation Co., Ld",Plantations,Rubber Plantations,0.373560,0.530875,335499.000000,0.011320,-0.296332,0.021323,-0.275008,178108.031625,False
1940,6009,"Anglo-Dutch (Java) Plantations, Ld",Plantations,Rubber Plantations,1.344250,1.503500,350000.000000,0.084900,-0.105920,0.056468,-0.049451,526225.000000,False
1940,6010,"Anglo-Java Estates, Ld",Plantations,Rubber Plantations,2.660200,3.100000,496000.000000,0.169800,-0.141871,0.054774,-0.087097,1537600.000000,False
1940,6011,"Batu Annam (Johore) Rubber Estate, Ld",Plantations,Rubber Plantations,0.095088,0.131750,960000.000000,0.005660,-0.278269,0.042960,-0.235309,126480.000000,False
1940,6013,"Bute Plantations (1913), Ld",Plantations,Rubber Plantations,0.438650,0.697500,353698.000000,0.016980,-0.371111,0.024344,-0.346767,246704.355000,False
1940,6014,"Chemor United Rubber Co., Ld",Plantations,Rubber Plantations,0.161310,0.220875,956804.000000,0.005660,-0.269677,0.025625,-0.244052,211334.083500,False
1940,6015,"Cheng Rubber Estates, Ld",Plantations,Rubber Plantations,0.049808,0.067425,1051438.000000,0.002830,-0.261283,0.041973,-0.219310,70893.207150,False
1940,6016,"Consolidated Rubber Estates (1914), Ld",Plantations,Rubber Plantations,0.441480,0.627750,484837.000000,0.019810,-0.296726,0.031557,-0.265169,304356.426750,False
1940,6019,"Java Consolidated Rubber & Coffee Co., Ld",Plantations,Rubber Plantations,0.084900,0.422375,750000.000000,0.014150,-0.798994,0.033501,-0.765493,316781.250000,False
1940,6023,"Kotah Bahroe Rubber Estates (1921), Ld",Plantations,Rubber Plantations,0.322620,0.445625,461804.000000,0.031130,-0.276028,0.069857,-0.206171,205791.407500,False
1940,5001,Shanghai Cotton Manufacturing Co.,Cotton,Cotton & Textiles,10.867200,12.090000,240000.000000,0.424500,-0.101141,0.035112,-0.066030,2901600.000000,False
1940,5002,"Ewo Cotton Sp. & W. Co., Ld (preference)",Miscellaneous,Cotton & Textiles,9.056000,10.850000,9000.000000,0.620274,-0.165346,0.057168,-0.108178,97650.000000,False
1940,6026,"Padang Rubber Co., Ltd",Plantations,Rubber Plantations,0.169800,0.220875,500000.000000,0.016980,-0.231239,0.076876,-0.154363,110437.500000,False
1940,6028,"Permata Rubber Estates, Ld",Plantations,Rubber Plantations,0.073580,0.128650,317219.000000,0.004528,-0.428061,0.035196,-0.392864,40810.224350,False
1940,6030,"Samagaga Rubber Co., Ld",Plantations,Rubber Plantations,0.109804,0.166625,1011000.000000,0.011320,-0.341011,0.067937,-0.273074,168457.875000,False
1940,6032,"Semambu Rubber Estate, Ld",Plantations,Rubber Plantations,0.081504,0.131750,900000.000000,0.005660,-0.381374,0.042960,-0.338414,118575.000000,False
1940,5011,"Zoong Sing Cotton Mills, Ld",Cotton,Cotton & Textiles,3.820500,3.565000,150000.000000,0.849000,0.071669,0.238149,0.309818,534750.000000,False
1940,6035,"Shanghai-Malay Rubber Estates, Ld",Plantations,Rubber Plantations,2.815850,2.325000,30000.000000,0.056600,0.211118,0.024344,0.235462,69750.000000,False
1940,5013,"Tung Yih Spinning & Weaving Co., Ltd",Cotton,Cotton & Textiles,4.528000,3.565000,170000.000000,0.283000,0.270126,0.079383,0.349509,606050.000000,False
1940,6038,"Sua Manggis Rubber Co., Ld",Plantations,Rubber Plantations,0.133010,0.189875,270000.000000,0.008490,-0.299487,0.044714,-0.254773,51266.250000,False
1940,6039,"Sungala Rubber Estate, Ld",Plantations,Rubber Plantations,0.466950,0.612250,180000.000000,0.033960,-0.237321,0.055468,-0.181854,110205.000000,False
1940,6040,"Sungei Duri Rubber Estate, Ld",Plantations,Rubber Plantations,3.113000,4.611250,40000.000000,0.226400,-0.324912,0.049097,-0.275815,184450.000000,False
1940,6042,"Tanah Merah Estates (1916), Ld",Plantations,Rubber Plantations,0.237720,0.286750,1300000.000000,0.016980,-0.170985,0.059215,-0.111770,372775.000000,False
1940,6046,"Ziangbe Rubber Co., Ld",Plantations,Rubber Plantations,1.627250,2.228125,250000.000000,0.084900,-0.269677,0.038104,-0.231574,557031.250000,False
1940,6052,"Shanghai-Pahang Rubber Estates, Ld",Plantations,Rubber Plantations,0.316960,0.465000,235900.000000,0.033960,-0.318366,0.073032,-0.245333,109693.500000,False
1940,6054,Shanghai Seremban Rubber Estates Ld,Plantations,Rubber Plantations,0.161310,0.228625,325000.000000,0.014150,-0.294434,0.061892,-0.232542,74303.125000,False
1940,6056,"Repah Rubber & Tapoica Estates, Ld",Plantations,Rubber Plantations,0.079240,0.113150,1350000.000000,0.005660,-0.299691,0.050022,-0.249669,152752.500000,False
1940,6058,"Senawang Rubber Estates Co., (1921) Ld (ordinary)",Plantations,Rubber Plantations,0.096220,0.147250,1140000.000000,0.002830,-0.346553,0.019219,-0.327334,167865.000000,False
1940,6061,"Shanghai-Kelantan Rubber Estate (1925), Ltd",Plantations,Rubber Plantations,0.055468,0.072075,1400000.000000,0.001698,-0.230413,0.023559,-0.206854,100905.000000,False
1940,6062,Langkat,Plantations,Rubber Plantations,1.811200,2.189375,250000.000000,0.096120,-0.172732,0.043903,-0.128829,547343.750000,False
1940,6063,"Rubber Trust, Ltd",Plantations,Rubber Plantations,0.633920,0.658750,1082000.000000,0.056600,-0.037693,0.085920,0.048228,712767.500000,False
1940,6064,"Shanghai-Sumatra Rubber Ests., Ld",Plantations,Rubber Plantations,1.981000,2.325000,76956.000000,0.127350,-0.147957,0.054774,-0.093183,178922.700000,False
1940,3003,Shanghai Telephone Company,Industrial,Utilities,2.447950,1.763125,1151420.000000,0.042450,0.388415,0.024077,0.412492,2030097.387500,False
1940,2501,"Ewo Cotton Sp. & W. Co., Ld",Cotton,Cotton & Textiles,2.363050,2.139000,1350000.000000,0.084900,0.104745,0.039691,0.144437,2887650.000000,False
1940,2526,"Shanghai Electric Construction Co., Ld (Bearer)",Industrial,Utilities,2.830000,3.293750,,0.201875,-0.140797,0.061290,-0.079507,,False
1940,503,Union In. Society of Canton Limited,Insurance,General Insurance,94.048800,98.680000,135000.000000,2.523438,-0.046931,0.025572,-0.021360,13321800.000000,False
1940,1017,"Shanghai Land Investment Co., Ld",Real Estate,Land & Property,0.684860,0.984250,2386800.000000,0.015507,-0.304181,0.015755,-0.288426,2349207.900000,False
